{"resourceType":"ValueSet","id":"ROIType","text":{"status":"generated","div":"<div xmlns=\"http://www.w3.org/1999/xhtml\"><p class=\"res-header-id\"><b>Generated Narrative: ValueSet ROIType</b></p><a name=\"ROIType\"> </a><a name=\"hcROIType\"> </a><a name=\"ROIType-en-US\"> </a><ul><li>Include these codes as defined in <a href=\"CodeSystem-RadiomicsCS.html\"><code>https://terminology.arkhn.com/radiomicsCS</code></a><table class=\"none\"><tr><td style=\"white-space:nowrap\"><b>Code</b></td><td><b>Display</b></td></tr><tr><td><a href=\"CodeSystem-RadiomicsCS.html#RadiomicsCS-DICOM\">DICOM</a></td><td>ROI Type DICOM</td></tr><tr><td><a href=\"CodeSystem-RadiomicsCS.html#RadiomicsCS-MASK\">MASK</a></td><td>ROI Type NIfTI</td></tr></table></li></ul></div>"},"url":"https://ig-osiris.cancer.fr/ig/osiris/ValueSet/ROIType","version":"1.1.0","name":"ROIType","title":"ROI Type Value Set","status":"draft","date":"2025-04-22T15:20:25+00:00","publisher":"institutcancer","contact":[{"name":"institutcancer","telecom":[{"system":"url","value":"http://cancer.fr"},{"system":"email","value":"osiris@institutcancer.fr"}]},{"name":"Aurélien JOBARD","telecom":[{"system":"email","value":"osiris@institutcancer.fr"}]}],"description":"ROI Type","compose":{"include":[{"system":"https://terminology.arkhn.com/radiomicsCS","concept":[{"code":"DICOM","display":"ROI Type DICOM"},{"code":"MASK","display":"ROI Type NIfTI"}]}]}}