{"resourceType":"ValueSet","id":"TechnicalProtocol","text":{"status":"generated","div":"<div xmlns=\"http://www.w3.org/1999/xhtml\"><p class=\"res-header-id\"><b>Generated Narrative: ValueSet TechnicalProtocol</b></p><a name=\"TechnicalProtocol\"> </a><a name=\"hcTechnicalProtocol\"> </a><a name=\"TechnicalProtocol-en-US\"> </a><ul><li>Include these codes as defined in <code>https://github.com/siric-osiris/OSIRIS</code><table class=\"none\"><tr><td style=\"white-space:nowrap\"><b>Code</b></td><td><b>Display</b></td></tr><tr><td>O6-1</td><td>ChIP-on-Chip</td></tr><tr><td>O6-2</td><td>ChIP-seq</td></tr><tr><td>O6-3</td><td>DNA microarray</td></tr><tr><td>O6-4</td><td>DNA targeted panel sequencing</td></tr><tr><td>O6-5</td><td>Exome sequencing</td></tr><tr><td>O6-6</td><td>Mass spectrometry</td></tr><tr><td>O6-7</td><td>MeDIP-Chip</td></tr><tr><td>O6-8</td><td>MeDIP-seq</td></tr><tr><td>O6-9</td><td>Methylation microarray</td></tr><tr><td>O6-10</td><td>RNA microarray</td></tr><tr><td>O6-11</td><td>RNA targeted panel sequencing</td></tr><tr><td>O6-12</td><td>RNA-seq</td></tr><tr><td>O6-13</td><td>RPPA</td></tr><tr><td>O6-14</td><td>Whole genome bisulfite sequencing</td></tr><tr><td>O6-15</td><td>Whole genome sequencing</td></tr><tr><td>O6-16</td><td>miRNA microarray</td></tr><tr><td>O6-OTH</td><td>Other</td></tr></table></li></ul></div>"},"url":"https://ig-osiris.cancer.fr/ig/osiris/ValueSet/TechnicalProtocol","version":"1.1.0","name":"TechnicalProtocol","title":"Analysis Technical Protocol","status":"draft","date":"2025-04-22T15:20:25+00:00","publisher":"institutcancer","contact":[{"name":"institutcancer","telecom":[{"system":"url","value":"http://cancer.fr"},{"system":"email","value":"osiris@institutcancer.fr"}]},{"name":"Aurélien JOBARD","telecom":[{"system":"email","value":"osiris@institutcancer.fr"}]}],"description":"Analysis technical protocol","compose":{"include":[{"system":"https://github.com/siric-osiris/OSIRIS","concept":[{"code":"O6-1","display":"ChIP-on-Chip"},{"code":"O6-2","display":"ChIP-seq"},{"code":"O6-3","display":"DNA microarray"},{"code":"O6-4","display":"DNA targeted panel sequencing"},{"code":"O6-5","display":"Exome sequencing"},{"code":"O6-6","display":"Mass spectrometry"},{"code":"O6-7","display":"MeDIP-Chip"},{"code":"O6-8","display":"MeDIP-seq"},{"code":"O6-9","display":"Methylation microarray"},{"code":"O6-10","display":"RNA microarray"},{"code":"O6-11","display":"RNA targeted panel sequencing"},{"code":"O6-12","display":"RNA-seq"},{"code":"O6-13","display":"RPPA"},{"code":"O6-14","display":"Whole genome bisulfite sequencing"},{"code":"O6-15","display":"Whole genome sequencing"},{"code":"O6-16","display":"miRNA microarray"},{"code":"O6-OTH","display":"Other"}]}]}}