{"resourceType":"ValueSet","id":"CauseOfDeath","text":{"status":"generated","div":"<div xmlns=\"http://www.w3.org/1999/xhtml\"><ul><li>Include these codes as defined in <a href=\"http://terminology.hl7.org/5.5.0/CodeSystem-umls.html\"><code>http://terminology.hl7.org/CodeSystem/umls</code></a><table class=\"none\"><tr><td style=\"white-space:nowrap\"><b>Code</b></td><td><b>Display</b></td></tr><tr><td>C1707251</td><td>Other cancer</td></tr><tr><td>C3262234</td><td>Other cause</td></tr><tr><td>C0679861</td><td>Complications of treatment</td></tr><tr><td>C0027651</td><td>Neoplasm</td></tr><tr><td>C0277589</td><td>Death of unknown cause</td></tr></table></li></ul></div>"},"url":"https://build.fhir.org/ig/arkhn/arkhn-ig-osiris/ValueSet/CauseOfDeath","version":"2.1.0","name":"CauseOfDeath","title":"Cause of death Value Set","status":"draft","date":"2024-05-15T14:10:31+00:00","publisher":"Arkhn","contact":[{"name":"Arkhn","telecom":[{"system":"url","value":"http://arkhn.com"},{"system":"email","value":"contact@arkhn.com"}]},{"name":"Nicolas Riss","telecom":[{"system":"email","value":"nicolas@arkhn.com"}]}],"description":"Cause of death","compose":{"include":[{"system":"http://terminology.hl7.org/CodeSystem/umls","concept":[{"code":"C1707251","display":"Other cancer"},{"code":"C3262234","display":"Other cause"},{"code":"C0679861","display":"Complications of treatment"},{"code":"C0027651","display":"Neoplasm"},{"code":"C0277589","display":"Death of unknown cause"}]}]}}