{"resourceType":"ValueSet","id":"GenomeBuild","text":{"status":"generated","div":"<div xmlns=\"http://www.w3.org/1999/xhtml\"><ul><li>Include these codes as defined in <code>https://github.com/siric-osiris/OSIRIS</code><table class=\"none\"><tr><td style=\"white-space:nowrap\"><b>Code</b></td><td><b>Display</b></td></tr><tr><td>O22-1</td><td>GRCh37</td></tr><tr><td>O22-2</td><td>GRCh38</td></tr></table></li></ul></div>"},"url":"https://build.fhir.org/ig/arkhn/arkhn-ig-osiris/ValueSet/GenomeBuild","version":"2.1.0","name":"GenomeBuild","title":"GenomeBuild Value Set","status":"draft","date":"2024-05-15T14:10:31+00:00","publisher":"Arkhn","contact":[{"name":"Arkhn","telecom":[{"system":"url","value":"http://arkhn.com"},{"system":"email","value":"contact@arkhn.com"}]},{"name":"Nicolas Riss","telecom":[{"system":"email","value":"nicolas@arkhn.com"}]}],"description":"GenomeBuild","compose":{"include":[{"system":"https://github.com/siric-osiris/OSIRIS","concept":[{"code":"O22-1","display":"GRCh37"},{"code":"O22-2","display":"GRCh38"}]}]}}