{"resourceType":"ValueSet","id":"AdverseEventCode","text":{"status":"generated","div":"<div xmlns=\"http://www.w3.org/1999/xhtml\"><p class=\"res-header-id\"><b>Generated Narrative: ValueSet AdverseEventCode</b></p><a name=\"AdverseEventCode\"> </a><a name=\"hcAdverseEventCode\"> </a><a name=\"AdverseEventCode-en-US\"> </a><ul><li>Include these codes as defined in <code>http://terminology.hl7.org/CodeSystem/mdr</code> version <code>&quot;12.0&quot;</code><table class=\"none\"><tr><td style=\"white-space:nowrap\"><b>Code</b></td><td><b>Display</b></td></tr><tr><td>10002272</td><td>Anemia</td></tr><tr><td>10005329</td><td>Blood and lymphatic system disorders - Other, specify</td></tr><tr><td>10048580</td><td>Bone marrow hypocellular</td></tr><tr><td>10013442</td><td>Disseminated intravascular coagulation</td></tr><tr><td>10014950</td><td>Eosinophilia</td></tr><tr><td>10016288</td><td>Febrile neutropenia</td></tr><tr><td>10019491</td><td>Hemolysis</td></tr><tr><td>10019515</td><td>Hemolytic uremic syndrome</td></tr><tr><td>10024378</td><td>Leukocytosis</td></tr><tr><td>10025182</td><td>Lymph node pain</td></tr><tr><td>10027506</td><td>Methemoglobinemia</td></tr><tr><td>10043648</td><td>Thrombotic thrombocytopenic purpura</td></tr><tr><td>10061589</td><td>Aortic valve disease</td></tr><tr><td>10003586</td><td>Asystole</td></tr><tr><td>10003658</td><td>Atrial fibrillation</td></tr><tr><td>10003662</td><td>Atrial flutter</td></tr><tr><td>10003673</td><td>Atrioventricular block complete</td></tr><tr><td>10003674</td><td>Atrioventricular block first degree</td></tr><tr><td>10007515</td><td>Cardiac arrest</td></tr><tr><td>10007541</td><td>Cardiac disorders - Other, specify</td></tr><tr><td>10008481</td><td>Chest pain - cardiac</td></tr><tr><td>10010276</td><td>Conduction disorder</td></tr><tr><td>10011703</td><td>Cyanosis</td></tr><tr><td>10019279</td><td>Heart failure</td></tr><tr><td>10069501</td><td>Left ventricular systolic dysfunction</td></tr><tr><td>10061532</td><td>Mitral valve disease</td></tr><tr><td>10027786</td><td>Mobitz (type) II atrioventricular block</td></tr><tr><td>10027787</td><td>Mobitz type I</td></tr><tr><td>10028596</td><td>Myocardial infarction</td></tr><tr><td>10028606</td><td>Myocarditis</td></tr><tr><td>10033557</td><td>Palpitations</td></tr><tr><td>10034040</td><td>Paroxysmal atrial tachycardia</td></tr><tr><td>10034474</td><td>Pericardial effusion</td></tr><tr><td>10053565</td><td>Pericardial tamponade</td></tr><tr><td>10034484</td><td>Pericarditis</td></tr><tr><td>10061541</td><td>Pulmonary valve disease</td></tr><tr><td>10038748</td><td>Restrictive cardiomyopathy</td></tr><tr><td>10058597</td><td>Right ventricular dysfunction</td></tr><tr><td>10040639</td><td>Sick sinus syndrome</td></tr><tr><td>10040741</td><td>Sinus bradycardia</td></tr><tr><td>10040752</td><td>Sinus tachycardia</td></tr><tr><td>10042604</td><td>Supraventricular tachycardia</td></tr><tr><td>10061389</td><td>Tricuspid valve disease</td></tr><tr><td>10047281</td><td>Ventricular arrhythmia</td></tr><tr><td>10047290</td><td>Ventricular fibrillation</td></tr><tr><td>10047302</td><td>Ventricular tachycardia</td></tr><tr><td>10010331</td><td>Congenital, familial and genetic disorders - Other, specify</td></tr><tr><td>10013993</td><td>Ear and labyrinth disorders - Other, specify</td></tr><tr><td>10014020</td><td>Ear pain</td></tr><tr><td>10065785</td><td>External ear pain</td></tr><tr><td>10019245</td><td>Hearing impaired</td></tr><tr><td>10065838</td><td>Middle ear inflammation</td></tr><tr><td>10043882</td><td>Tinnitus</td></tr><tr><td>10047340</td><td>Vertigo</td></tr><tr><td>10047386</td><td>Vestibular disorder</td></tr><tr><td>10001367</td><td>Adrenal insufficiency</td></tr><tr><td>10011655</td><td>Cushingoid</td></tr><tr><td>10012205</td><td>Delayed puberty</td></tr><tr><td>10014698</td><td>Endocrine disorders - Other, specify</td></tr><tr><td>10018746</td><td>Growth accelerated</td></tr><tr><td>10020705</td><td>Hyperparathyroidism</td></tr><tr><td>10020850</td><td>Hyperthyroidism</td></tr><tr><td>10021041</td><td>Hypoparathyroidism</td></tr><tr><td>10062767</td><td>Hypophysitis</td></tr><tr><td>10021067</td><td>Hypopituitarism</td></tr><tr><td>10021114</td><td>Hypothyroidism</td></tr><tr><td>10058084</td><td>Precocious puberty</td></tr><tr><td>10067734</td><td>Testosterone deficiency</td></tr><tr><td>10047488</td><td>Virilization</td></tr><tr><td>10005886</td><td>Blurred vision</td></tr><tr><td>10007739</td><td>Cataract</td></tr><tr><td>10048492</td><td>Corneal ulcer</td></tr><tr><td>10013774</td><td>Dry eye</td></tr><tr><td>10015829</td><td>Extraocular muscle paresis</td></tr><tr><td>10015919</td><td>Eye disorders - Other, specify</td></tr><tr><td>10015958</td><td>Eye pain</td></tr><tr><td>10061145</td><td>Eyelid function disorder</td></tr><tr><td>10016757</td><td>Flashing lights</td></tr><tr><td>10016778</td><td>Floaters</td></tr><tr><td>10018304</td><td>Glaucoma</td></tr><tr><td>10023332</td><td>Keratitis</td></tr><tr><td>10029404</td><td>Night blindness</td></tr><tr><td>10061322</td><td>Optic nerve disorder</td></tr><tr><td>10033703</td><td>Papilledema</td></tr><tr><td>10054541</td><td>Periorbital edema</td></tr><tr><td>10034960</td><td>Photophobia</td></tr><tr><td>10038848</td><td>Retinal detachment</td></tr><tr><td>10038897</td><td>Retinal tear</td></tr><tr><td>10038901</td><td>Retinal vascular disorder</td></tr><tr><td>10038923</td><td>Retinopathy</td></tr><tr><td>10061510</td><td>Scleral disorder</td></tr><tr><td>10046851</td><td>Uveitis</td></tr><tr><td>10047516</td><td>Vision decreased</td></tr><tr><td>10047656</td><td>Vitreous hemorrhage</td></tr><tr><td>10047848</td><td>Watering eyes</td></tr><tr><td>10000060</td><td>Abdominal distension</td></tr><tr><td>10000081</td><td>Abdominal pain</td></tr><tr><td>10002153</td><td>Anal fissure</td></tr><tr><td>10002156</td><td>Anal fistula</td></tr><tr><td>10055226</td><td>Anal hemorrhage</td></tr><tr><td>10065721</td><td>Anal mucositis</td></tr><tr><td>10065722</td><td>Anal necrosis</td></tr><tr><td>10002167</td><td>Anal pain</td></tr><tr><td>10002176</td><td>Anal stenosis</td></tr><tr><td>10002180</td><td>Anal ulcer</td></tr><tr><td>10003445</td><td>Ascites</td></tr><tr><td>10004222</td><td>Belching</td></tr><tr><td>10005265</td><td>Bloating</td></tr><tr><td>10065747</td><td>Cecal hemorrhage</td></tr><tr><td>10008417</td><td>Cheilitis</td></tr><tr><td>10009167</td><td>Chylous ascites</td></tr><tr><td>10009887</td><td>Colitis</td></tr><tr><td>10009995</td><td>Colonic fistula</td></tr><tr><td>10009998</td><td>Colonic hemorrhage</td></tr><tr><td>10010000</td><td>Colonic obstruction</td></tr><tr><td>10010001</td><td>Colonic perforation</td></tr><tr><td>10010004</td><td>Colonic stenosis</td></tr><tr><td>10010006</td><td>Colonic ulcer</td></tr><tr><td>10010774</td><td>Constipation</td></tr><tr><td>10012318</td><td>Dental caries</td></tr><tr><td>10012727</td><td>Diarrhea</td></tr><tr><td>10013781</td><td>Dry mouth</td></tr><tr><td>10013828</td><td>Duodenal fistula</td></tr><tr><td>10055242</td><td>Duodenal hemorrhage</td></tr><tr><td>10013830</td><td>Duodenal obstruction</td></tr><tr><td>10013832</td><td>Duodenal perforation</td></tr><tr><td>10050094</td><td>Duodenal stenosis</td></tr><tr><td>10013836</td><td>Duodenal ulcer</td></tr><tr><td>10013946</td><td>Dyspepsia</td></tr><tr><td>10013950</td><td>Dysphagia</td></tr><tr><td>10014893</td><td>Enterocolitis</td></tr><tr><td>10062570</td><td>Enterovesical fistula</td></tr><tr><td>10065851</td><td>Esophageal fistula</td></tr><tr><td>10015384</td><td>Esophageal hemorrhage</td></tr><tr><td>10065727</td><td>Esophageal necrosis</td></tr><tr><td>10015387</td><td>Esophageal obstruction</td></tr><tr><td>10015388</td><td>Esophageal pain</td></tr><tr><td>10055472</td><td>Esophageal perforation</td></tr><tr><td>10015448</td><td>Esophageal stenosis</td></tr><tr><td>10015451</td><td>Esophageal ulcer</td></tr><tr><td>10015453</td><td>Esophageal varices hemorrhage</td></tr><tr><td>10015461</td><td>Esophagitis</td></tr><tr><td>10016296</td><td>Fecal incontinence</td></tr><tr><td>10016766</td><td>Flatulence</td></tr><tr><td>10065713</td><td>Gastric fistula</td></tr><tr><td>10017789</td><td>Gastric hemorrhage</td></tr><tr><td>10051886</td><td>Gastric necrosis</td></tr><tr><td>10017815</td><td>Gastric perforation</td></tr><tr><td>10061970</td><td>Gastric stenosis</td></tr><tr><td>10017822</td><td>Gastric ulcer</td></tr><tr><td>10017853</td><td>Gastritis</td></tr><tr><td>10066874</td><td>Gastroesophageal reflux disease</td></tr><tr><td>10017947</td><td>Gastrointestinal disorders - Other, specify</td></tr><tr><td>10017877</td><td>Gastrointestinal fistula</td></tr><tr><td>10017999</td><td>Gastrointestinal pain</td></tr><tr><td>10018043</td><td>Gastroparesis</td></tr><tr><td>10018286</td><td>Gingival pain</td></tr><tr><td>10060640</td><td>Hemorrhoidal hemorrhage</td></tr><tr><td>10019611</td><td>Hemorrhoids</td></tr><tr><td>10065728</td><td>Ileal fistula</td></tr><tr><td>10055287</td><td>Ileal hemorrhage</td></tr><tr><td>10065730</td><td>Ileal obstruction</td></tr><tr><td>10021305</td><td>Ileal perforation</td></tr><tr><td>10021307</td><td>Ileal stenosis</td></tr><tr><td>10021309</td><td>Ileal ulcer</td></tr><tr><td>10021328</td><td>Ileus</td></tr><tr><td>10055291</td><td>Intra-abdominal hemorrhage</td></tr><tr><td>10065719</td><td>Jejunal fistula</td></tr><tr><td>10055300</td><td>Jejunal hemorrhage</td></tr><tr><td>10065732</td><td>Jejunal obstruction</td></tr><tr><td>10023174</td><td>Jejunal perforation</td></tr><tr><td>10023176</td><td>Jejunal stenosis</td></tr><tr><td>10023177</td><td>Jejunal ulcer</td></tr><tr><td>10024561</td><td>Lip pain</td></tr><tr><td>10051746</td><td>Lower gastrointestinal hemorrhage</td></tr><tr><td>10025476</td><td>Malabsorption</td></tr><tr><td>10028130</td><td>Mucositis oral</td></tr><tr><td>10028813</td><td>Nausea</td></tr><tr><td>10029957</td><td>Obstruction gastric</td></tr><tr><td>10065720</td><td>Oral cavity fistula</td></tr><tr><td>10054520</td><td>Oral dysesthesia</td></tr><tr><td>10030980</td><td>Oral hemorrhage</td></tr><tr><td>10031009</td><td>Oral pain</td></tr><tr><td>10065703</td><td>Pancreatic duct stenosis</td></tr><tr><td>10049192</td><td>Pancreatic fistula</td></tr><tr><td>10033626</td><td>Pancreatic hemorrhage</td></tr><tr><td>10058096</td><td>Pancreatic necrosis</td></tr><tr><td>10033645</td><td>Pancreatitis</td></tr><tr><td>10034536</td><td>Periodontal disease</td></tr><tr><td>10065704</td><td>Peritoneal necrosis</td></tr><tr><td>10036774</td><td>Proctitis</td></tr><tr><td>10064993</td><td>Rectal fissure</td></tr><tr><td>10038062</td><td>Rectal fistula</td></tr><tr><td>10038064</td><td>Rectal hemorrhage</td></tr><tr><td>10063190</td><td>Rectal mucositis</td></tr><tr><td>10065709</td><td>Rectal necrosis</td></tr><tr><td>10065707</td><td>Rectal obstruction</td></tr><tr><td>10038072</td><td>Rectal pain</td></tr><tr><td>10038073</td><td>Rectal perforation</td></tr><tr><td>10038079</td><td>Rectal stenosis</td></tr><tr><td>10038080</td><td>Rectal ulcer</td></tr><tr><td>10038981</td><td>Retroperitoneal hemorrhage</td></tr><tr><td>10056681</td><td>Salivary duct inflammation</td></tr><tr><td>10039411</td><td>Salivary gland fistula</td></tr><tr><td>10065710</td><td>Small intestinal mucositis</td></tr><tr><td>10041101</td><td>Small intestinal obstruction</td></tr><tr><td>10041103</td><td>Small intestinal perforation</td></tr><tr><td>10062263</td><td>Small intestinal stenosis</td></tr><tr><td>10041133</td><td>Small intestine ulcer</td></tr><tr><td>10042112</td><td>Stomach pain</td></tr><tr><td>10044030</td><td>Tooth development disorder</td></tr><tr><td>10044031</td><td>Tooth discoloration</td></tr><tr><td>10044055</td><td>Toothache</td></tr><tr><td>10045271</td><td>Typhlitis</td></tr><tr><td>10055356</td><td>Upper gastrointestinal hemorrhage</td></tr><tr><td>10054692</td><td>Visceral arterial ischemia</td></tr><tr><td>10047700</td><td>Vomiting</td></tr><tr><td>10008531</td><td>Chills</td></tr><tr><td>10011912</td><td>Death neonatal</td></tr><tr><td>10011914</td><td>Death NOS</td></tr><tr><td>10061818</td><td>Disease progression</td></tr><tr><td>10014222</td><td>Edema face</td></tr><tr><td>10050068</td><td>Edema limbs</td></tr><tr><td>10058720</td><td>Edema trunk</td></tr><tr><td>10016059</td><td>Facial pain</td></tr><tr><td>10016256</td><td>Fatigue</td></tr><tr><td>10016558</td><td>Fever</td></tr><tr><td>10016791</td><td>Flu like symptoms</td></tr><tr><td>10017577</td><td>Gait disturbance</td></tr><tr><td>10018065</td><td>General disorders and administration site conditions - Other, specify</td></tr><tr><td>10018112</td><td>Generalized edema</td></tr><tr><td>10021113</td><td>Hypothermia</td></tr><tr><td>10064774</td><td>Infusion site extravasation</td></tr><tr><td>10022095</td><td>Injection site reaction</td></tr><tr><td>10062466</td><td>Localized edema</td></tr><tr><td>10025482</td><td>Malaise</td></tr><tr><td>10028154</td><td>Multi-organ failure</td></tr><tr><td>10054482</td><td>Neck edema</td></tr><tr><td>10062501</td><td>Non-cardiac chest pain</td></tr><tr><td>10033371</td><td>Pain</td></tr><tr><td>10042435</td><td>Sudden death NOS</td></tr><tr><td>10069480</td><td>Vaccination site lymphadenopathy</td></tr><tr><td>10051341</td><td>Bile duct stenosis</td></tr><tr><td>10004665</td><td>Biliary fistula</td></tr><tr><td>10006537</td><td>Budd-Chiari syndrome</td></tr><tr><td>10008612</td><td>Cholecystitis</td></tr><tr><td>10017631</td><td>Gallbladder fistula</td></tr><tr><td>10059446</td><td>Gallbladder necrosis</td></tr><tr><td>10017636</td><td>Gallbladder obstruction</td></tr><tr><td>10017638</td><td>Gallbladder pain</td></tr><tr><td>10017639</td><td>Gallbladder perforation</td></tr><tr><td>10019663</td><td>Hepatic failure</td></tr><tr><td>10019678</td><td>Hepatic hemorrhage</td></tr><tr><td>10019692</td><td>Hepatic necrosis</td></tr><tr><td>10019705</td><td>Hepatic pain</td></tr><tr><td>10019805</td><td>Hepatobiliary disorders - Other, specify</td></tr><tr><td>10034405</td><td>Perforation bile duct</td></tr><tr><td>10036200</td><td>Portal hypertension</td></tr><tr><td>10036206</td><td>Portal vein thrombosis</td></tr><tr><td>10063675</td><td>Sinusoidal obstruction syndrome</td></tr><tr><td>10001718</td><td>Allergic reaction</td></tr><tr><td>10002218</td><td>Anaphylaxis</td></tr><tr><td>10061664</td><td>Autoimmune disorder</td></tr><tr><td>10052015</td><td>Cytokine release syndrome</td></tr><tr><td>10021428</td><td>Immune system disorders - Other, specify</td></tr><tr><td>10040400</td><td>Serum sickness</td></tr><tr><td>10056519</td><td>Abdominal infection</td></tr><tr><td>10061640</td><td>Anorectal infection</td></tr><tr><td>10003011</td><td>Appendicitis</td></tr><tr><td>10003012</td><td>Appendicitis perforated</td></tr><tr><td>10065744</td><td>Arteritis infective</td></tr><tr><td>10003999</td><td>Bacteremia</td></tr><tr><td>10061695</td><td>Biliary tract infection</td></tr><tr><td>10005047</td><td>Bladder infection</td></tr><tr><td>10061017</td><td>Bone infection</td></tr><tr><td>10006259</td><td>Breast infection</td></tr><tr><td>10055078</td><td>Bronchial infection</td></tr><tr><td>10007810</td><td>Catheter related infection</td></tr><tr><td>10065761</td><td>Cecal infection</td></tr><tr><td>10008330</td><td>Cervicitis infection</td></tr><tr><td>10010741</td><td>Conjunctivitis</td></tr><tr><td>10010742</td><td>Conjunctivitis infective</td></tr><tr><td>10061788</td><td>Corneal infection</td></tr><tr><td>10065765</td><td>Cranial nerve infection</td></tr><tr><td>10058666</td><td>Cytomegalovirus infection reactivation</td></tr><tr><td>10064687</td><td>Device related infection</td></tr><tr><td>10065752</td><td>Duodenal infection</td></tr><tr><td>10014594</td><td>Encephalitis infection</td></tr><tr><td>10014621</td><td>Encephalomyelitis infection</td></tr><tr><td>10014678</td><td>Endocarditis infective</td></tr><tr><td>10014801</td><td>Endophthalmitis</td></tr><tr><td>10058838</td><td>Enterocolitis infectious</td></tr><tr><td>10015109</td><td>Epstein-Barr virus infection reactivation</td></tr><tr><td>10058804</td><td>Esophageal infection</td></tr><tr><td>10015929</td><td>Eye infection</td></tr><tr><td>10016936</td><td>Folliculitis</td></tr><tr><td>10017544</td><td>Fungemia</td></tr><tr><td>10062632</td><td>Gallbladder infection</td></tr><tr><td>10018784</td><td>Gum infection</td></tr><tr><td>10056522</td><td>Hepatic infection</td></tr><tr><td>10058827</td><td>Hepatitis B reactivation</td></tr><tr><td>10019799</td><td>Hepatitis viral</td></tr><tr><td>10080137</td><td>Herpes simplex reactivation</td></tr><tr><td>10021881</td><td>Infections and infestations - Other, specify</td></tr><tr><td>10021918</td><td>Infective myositis</td></tr><tr><td>10023216</td><td>Joint infection</td></tr><tr><td>10023424</td><td>Kidney infection</td></tr><tr><td>10023874</td><td>Laryngitis</td></tr><tr><td>10065755</td><td>Lip infection</td></tr><tr><td>10061229</td><td>Lung infection</td></tr><tr><td>10050823</td><td>Lymph gland infection</td></tr><tr><td>10057483</td><td>Mediastinal infection</td></tr><tr><td>10027199</td><td>Meningitis</td></tr><tr><td>10065764</td><td>Mucosal infection</td></tr><tr><td>10028524</td><td>Myelitis</td></tr><tr><td>10061304</td><td>Nail infection</td></tr><tr><td>10033072</td><td>Otitis externa</td></tr><tr><td>10033078</td><td>Otitis media</td></tr><tr><td>10055005</td><td>Ovarian infection</td></tr><tr><td>10051741</td><td>Pancreas infection</td></tr><tr><td>10069138</td><td>Papulopustular rash</td></tr><tr><td>10034016</td><td>Paronychia</td></tr><tr><td>10058674</td><td>Pelvic infection</td></tr><tr><td>10061912</td><td>Penile infection</td></tr><tr><td>10051472</td><td>Periorbital infection</td></tr><tr><td>10065766</td><td>Peripheral nerve infection</td></tr><tr><td>10057262</td><td>Peritoneal infection</td></tr><tr><td>10034835</td><td>Pharyngitis</td></tr><tr><td>10056627</td><td>Phlebitis infective</td></tr><tr><td>10061351</td><td>Pleural infection</td></tr><tr><td>10050662</td><td>Prostate infection</td></tr><tr><td>10037888</td><td>Rash pustular</td></tr><tr><td>10059827</td><td>Rhinitis infective</td></tr><tr><td>10039413</td><td>Salivary gland infection</td></tr><tr><td>10062156</td><td>Scrotal infection</td></tr><tr><td>10040047</td><td>Sepsis</td></tr><tr><td>10040555</td><td>Shingles</td></tr><tr><td>10040753</td><td>Sinusitis</td></tr><tr><td>10040872</td><td>Skin infection</td></tr><tr><td>10065771</td><td>Small intestine infection</td></tr><tr><td>10062255</td><td>Soft tissue infection</td></tr><tr><td>10062112</td><td>Splenic infection</td></tr><tr><td>10064505</td><td>Stoma site infection</td></tr><tr><td>10043649</td><td>Thrush</td></tr><tr><td>10048762</td><td>Tooth infection</td></tr><tr><td>10044302</td><td>Tracheitis</td></tr><tr><td>10046300</td><td>Upper respiratory infection</td></tr><tr><td>10052298</td><td>Urethral infection</td></tr><tr><td>10046571</td><td>Urinary tract infection</td></tr><tr><td>10062233</td><td>Uterine infection</td></tr><tr><td>10046914</td><td>Vaginal infection</td></tr><tr><td>10054688</td><td>Viremia</td></tr><tr><td>10065772</td><td>Vulval infection</td></tr><tr><td>10048038</td><td>Wound infection</td></tr><tr><td>10002544</td><td>Ankle fracture</td></tr><tr><td>10002899</td><td>Aortic injury</td></tr><tr><td>10003162</td><td>Arterial injury</td></tr><tr><td>10050458</td><td>Biliary anastomotic leak</td></tr><tr><td>10065802</td><td>Bladder anastomotic leak</td></tr><tr><td>10006504</td><td>Bruising</td></tr><tr><td>10006634</td><td>Burn</td></tr><tr><td>10061103</td><td>Dermatitis radiation</td></tr><tr><td>10065961</td><td>Esophageal anastomotic leak</td></tr><tr><td>10016173</td><td>Fall</td></tr><tr><td>10065788</td><td>Fallopian tube anastomotic leak</td></tr><tr><td>10065790</td><td>Fallopian tube perforation</td></tr><tr><td>10017076</td><td>Fracture</td></tr><tr><td>10065893</td><td>Gastric anastomotic leak</td></tr><tr><td>10065879</td><td>Gastrointestinal anastomotic leak</td></tr><tr><td>10065712</td><td>Gastrointestinal stoma necrosis</td></tr><tr><td>10020100</td><td>Hip fracture</td></tr><tr><td>10051792</td><td>Infusion related reaction</td></tr><tr><td>10022161</td><td>Injury to carotid artery</td></tr><tr><td>10022213</td><td>Injury to inferior vena cava</td></tr><tr><td>10065849</td><td>Injury to jugular vein</td></tr><tr><td>10022356</td><td>Injury to superior vena cava</td></tr><tr><td>10022117</td><td>Injury, poisoning and procedural complications - Other, specify</td></tr><tr><td>10059095</td><td>Intestinal stoma leak</td></tr><tr><td>10059094</td><td>Intestinal stoma obstruction</td></tr><tr><td>10049468</td><td>Intestinal stoma site bleeding</td></tr><tr><td>10065826</td><td>Intraoperative arterial injury</td></tr><tr><td>10065831</td><td>Intraoperative breast injury</td></tr><tr><td>10065843</td><td>Intraoperative cardiac injury</td></tr><tr><td>10065844</td><td>Intraoperative ear injury</td></tr><tr><td>10065834</td><td>Intraoperative endocrine injury</td></tr><tr><td>10065825</td><td>Intraoperative gastrointestinal injury</td></tr><tr><td>10065842</td><td>Intraoperative head and neck injury</td></tr><tr><td>10055298</td><td>Intraoperative hemorrhage</td></tr><tr><td>10065827</td><td>Intraoperative hepatobiliary injury</td></tr><tr><td>10065829</td><td>Intraoperative musculoskeletal injury</td></tr><tr><td>10065830</td><td>Intraoperative neurological injury</td></tr><tr><td>10065841</td><td>Intraoperative ocular injury</td></tr><tr><td>10065845</td><td>Intraoperative renal injury</td></tr><tr><td>10065840</td><td>Intraoperative reproductive tract injury</td></tr><tr><td>10065832</td><td>Intraoperative respiratory injury</td></tr><tr><td>10065847</td><td>Intraoperative splenic injury</td></tr><tr><td>10065828</td><td>Intraoperative urinary injury</td></tr><tr><td>10065848</td><td>Intraoperative venous injury</td></tr><tr><td>10065803</td><td>Kidney anastomotic leak</td></tr><tr><td>10065891</td><td>Large intestinal anastomotic leak</td></tr><tr><td>10050457</td><td>Pancreatic anastomotic leak</td></tr><tr><td>10065705</td><td>Pharyngeal anastomotic leak</td></tr><tr><td>10055322</td><td>Postoperative hemorrhage</td></tr><tr><td>10056745</td><td>Postoperative thoracic procedure complication</td></tr><tr><td>10065745</td><td>Prolapse of intestinal stoma</td></tr><tr><td>10065822</td><td>Prolapse of urostomy</td></tr><tr><td>10037767</td><td>Radiation recall reaction (dermatologic)</td></tr><tr><td>10065894</td><td>Rectal anastomotic leak</td></tr><tr><td>10040102</td><td>Seroma</td></tr><tr><td>10065892</td><td>Small intestinal anastomotic leak</td></tr><tr><td>10065897</td><td>Spermatic cord anastomotic leak</td></tr><tr><td>10041569</td><td>Spinal fracture</td></tr><tr><td>10065898</td><td>Stenosis of gastrointestinal stoma</td></tr><tr><td>10042127</td><td>Stomal ulcer</td></tr><tr><td>10062548</td><td>Tracheal hemorrhage</td></tr><tr><td>10044291</td><td>Tracheal obstruction</td></tr><tr><td>10065749</td><td>Tracheostomy site bleeding</td></tr><tr><td>10065814</td><td>Ureteric anastomotic leak</td></tr><tr><td>10065815</td><td>Urethral anastomotic leak</td></tr><tr><td>10065882</td><td>Urostomy leak</td></tr><tr><td>10065883</td><td>Urostomy obstruction</td></tr><tr><td>10065748</td><td>Urostomy site bleeding</td></tr><tr><td>10065885</td><td>Urostomy stenosis</td></tr><tr><td>10065886</td><td>Uterine anastomotic leak</td></tr><tr><td>10046810</td><td>Uterine perforation</td></tr><tr><td>10046861</td><td>Vaccination complication</td></tr><tr><td>10065887</td><td>Vaginal anastomotic leak</td></tr><tr><td>10065888</td><td>Vas deferens anastomotic leak</td></tr><tr><td>10062169</td><td>Vascular access complication</td></tr><tr><td>10047228</td><td>Venous injury</td></tr><tr><td>10053692</td><td>Wound complication</td></tr><tr><td>10048031</td><td>Wound dehiscence</td></tr><tr><td>10048049</td><td>Wrist fracture</td></tr><tr><td>10000636</td><td>Activated partial thromboplastin time prolonged</td></tr><tr><td>10001551</td><td>Alanine aminotransferase increased</td></tr><tr><td>10001675</td><td>Alkaline phosphatase increased</td></tr><tr><td>10003481</td><td>Aspartate aminotransferase increased</td></tr><tr><td>10005332</td><td>Blood antidiuretic hormone abnormal</td></tr><tr><td>10005359</td><td>Blood bicarbonate decreased</td></tr><tr><td>10005364</td><td>Blood bilirubin increased</td></tr><tr><td>10005452</td><td>Blood corticotrophin decreased</td></tr><tr><td>10005561</td><td>Blood gonadotrophin abnormal</td></tr><tr><td>10005630</td><td>Blood lactate dehydrogenase increased</td></tr><tr><td>10005778</td><td>Blood prolactin abnormal</td></tr><tr><td>10065906</td><td>Carbon monoxide diffusing capacity decreased</td></tr><tr><td>10007612</td><td>Cardiac troponin I increased</td></tr><tr><td>10007613</td><td>Cardiac troponin T increased</td></tr><tr><td>10007839</td><td>CD4 lymphocytes decreased</td></tr><tr><td>10008661</td><td>Cholesterol high</td></tr><tr><td>10011268</td><td>CPK increased</td></tr><tr><td>10011368</td><td>Creatinine increased</td></tr><tr><td>10050528</td><td>Ejection fraction decreased</td></tr><tr><td>10014383</td><td>Electrocardiogram QT corrected interval prolonged</td></tr><tr><td>10050380</td><td>Electrocardiogram T wave abnormal</td></tr><tr><td>10016596</td><td>Fibrinogen decreased</td></tr><tr><td>10016987</td><td>Forced expiratory volume decreased</td></tr><tr><td>10056910</td><td>GGT increased</td></tr><tr><td>10018748</td><td>Growth hormone abnormal</td></tr><tr><td>10019150</td><td>Haptoglobin decreased</td></tr><tr><td>10055599</td><td>Hemoglobin increased</td></tr><tr><td>10022402</td><td>INR increased</td></tr><tr><td>10022891</td><td>Investigations - Other, specify</td></tr><tr><td>10024574</td><td>Lipase increased</td></tr><tr><td>10025256</td><td>Lymphocyte count decreased</td></tr><tr><td>10025258</td><td>Lymphocyte count increased</td></tr><tr><td>10029366</td><td>Neutrophil count decreased</td></tr><tr><td>10062646</td><td>Pancreatic enzymes decreased</td></tr><tr><td>10035528</td><td>Platelet count decreased</td></tr><tr><td>10040139</td><td>Serum amylase increased</td></tr><tr><td>10043770</td><td>Thyroid stimulating hormone increased</td></tr><tr><td>10059895</td><td>Urine output decreased</td></tr><tr><td>10047580</td><td>Vital capacity abnormal</td></tr><tr><td>10047896</td><td>Weight gain</td></tr><tr><td>10047900</td><td>Weight loss</td></tr><tr><td>10049182</td><td>White blood cell decreased</td></tr><tr><td>10000486</td><td>Acidosis</td></tr><tr><td>10001598</td><td>Alcohol intolerance</td></tr><tr><td>10001680</td><td>Alkalosis</td></tr><tr><td>10002646</td><td>Anorexia</td></tr><tr><td>10012174</td><td>Dehydration</td></tr><tr><td>10052426</td><td>Glucose intolerance</td></tr><tr><td>10020587</td><td>Hypercalcemia</td></tr><tr><td>10020639</td><td>Hyperglycemia</td></tr><tr><td>10020647</td><td>Hyperkalemia</td></tr><tr><td>10020667</td><td>Hyperlipidemia</td></tr><tr><td>10020670</td><td>Hypermagnesemia</td></tr><tr><td>10020680</td><td>Hypernatremia</td></tr><tr><td>10020712</td><td>Hyperphosphatemia</td></tr><tr><td>10020870</td><td>Hypertriglyceridemia</td></tr><tr><td>10020907</td><td>Hyperuricemia</td></tr><tr><td>10020943</td><td>Hypoalbuminemia</td></tr><tr><td>10020949</td><td>Hypocalcemia</td></tr><tr><td>10021005</td><td>Hypoglycemia</td></tr><tr><td>10021018</td><td>Hypokalemia</td></tr><tr><td>10021028</td><td>Hypomagnesemia</td></tr><tr><td>10021038</td><td>Hyponatremia</td></tr><tr><td>10021059</td><td>Hypophosphatemia</td></tr><tr><td>10065973</td><td>Iron overload</td></tr><tr><td>10027433</td><td>Metabolism and nutrition disorders - Other, specify</td></tr><tr><td>10029883</td><td>Obesity</td></tr><tr><td>10045152</td><td>Tumor lysis syndrome</td></tr><tr><td>10065775</td><td>Abdominal soft tissue necrosis</td></tr><tr><td>10003239</td><td>Arthralgia</td></tr><tr><td>10003246</td><td>Arthritis</td></tr><tr><td>10066480</td><td>Avascular necrosis</td></tr><tr><td>10003988</td><td>Back pain</td></tr><tr><td>10006002</td><td>Bone pain</td></tr><tr><td>10048677</td><td>Buttock pain</td></tr><tr><td>10048831</td><td>Chest wall necrosis</td></tr><tr><td>10008496</td><td>Chest wall pain</td></tr><tr><td>10015688</td><td>Exostosis</td></tr><tr><td>10065799</td><td>Fibrosis deep connective tissue</td></tr><tr><td>10016750</td><td>Flank pain</td></tr><tr><td>10062572</td><td>Generalized muscle weakness</td></tr><tr><td>10018761</td><td>Growth suppression</td></tr><tr><td>10065779</td><td>Head soft tissue necrosis</td></tr><tr><td>10023215</td><td>Joint effusion</td></tr><tr><td>10048706</td><td>Joint range of motion decreased</td></tr><tr><td>10065796</td><td>Joint range of motion decreased cervical spine</td></tr><tr><td>10065800</td><td>Joint range of motion decreased lumbar spine</td></tr><tr><td>10023509</td><td>Kyphosis</td></tr><tr><td>10024842</td><td>Lordosis</td></tr><tr><td>10028294</td><td>Muscle cramp</td></tr><tr><td>10065776</td><td>Muscle weakness lower limb</td></tr><tr><td>10065795</td><td>Muscle weakness trunk</td></tr><tr><td>10065895</td><td>Muscle weakness upper limb</td></tr><tr><td>10028395</td><td>Musculoskeletal and connective tissue disorder - Other, specify</td></tr><tr><td>10065783</td><td>Musculoskeletal deformity</td></tr><tr><td>10028411</td><td>Myalgia</td></tr><tr><td>10028653</td><td>Myositis</td></tr><tr><td>10028836</td><td>Neck pain</td></tr><tr><td>10065781</td><td>Neck soft tissue necrosis</td></tr><tr><td>10031264</td><td>Osteonecrosis</td></tr><tr><td>10064658</td><td>Osteonecrosis of jaw</td></tr><tr><td>10031282</td><td>Osteoporosis</td></tr><tr><td>10033425</td><td>Pain in extremity</td></tr><tr><td>10065793</td><td>Pelvic soft tissue necrosis</td></tr><tr><td>10039020</td><td>Rhabdomyolysis</td></tr><tr><td>10039226</td><td>Rotator cuff injury</td></tr><tr><td>10039722</td><td>Scoliosis</td></tr><tr><td>10065777</td><td>Soft tissue necrosis lower limb</td></tr><tr><td>10065778</td><td>Soft tissue necrosis upper limb</td></tr><tr><td>10065798</td><td>Superficial soft tissue fibrosis</td></tr><tr><td>10044684</td><td>Trismus</td></tr><tr><td>10065738</td><td>Unequal limb length</td></tr><tr><td>10048293</td><td>Leukemia secondary to oncology chemotherapy</td></tr><tr><td>10028533</td><td>Myelodysplastic syndrome</td></tr><tr><td>10029104</td><td>Neoplasms benign, malignant and unspecified (incl cysts and polyps) - Other, specify</td></tr><tr><td>10040907</td><td>Skin papilloma</td></tr><tr><td>10049737</td><td>Treatment related secondary malignancy</td></tr><tr><td>10055351</td><td>Tumor hemorrhage</td></tr><tr><td>10045158</td><td>Tumor pain</td></tr><tr><td>10053662</td><td>Abducens nerve disorder</td></tr><tr><td>10060929</td><td>Accessory nerve disorder</td></tr><tr><td>10000521</td><td>Acoustic nerve disorder NOS</td></tr><tr><td>10001540</td><td>Akathisia</td></tr><tr><td>10001949</td><td>Amnesia</td></tr><tr><td>10002653</td><td>Anosmia</td></tr><tr><td>10002953</td><td>Aphonia</td></tr><tr><td>10003074</td><td>Arachnoiditis</td></tr><tr><td>10003591</td><td>Ataxia</td></tr><tr><td>10065417</td><td>Brachial plexopathy</td></tr><tr><td>10065784</td><td>Central nervous system necrosis</td></tr><tr><td>10008164</td><td>Cerebrospinal fluid leakage</td></tr><tr><td>10009845</td><td>Cognitive disturbance</td></tr><tr><td>10010250</td><td>Concentration impairment</td></tr><tr><td>10012373</td><td>Depressed level of consciousness</td></tr><tr><td>10013573</td><td>Dizziness</td></tr><tr><td>10013887</td><td>Dysarthria</td></tr><tr><td>10062872</td><td>Dysesthesia</td></tr><tr><td>10013911</td><td>Dysgeusia</td></tr><tr><td>10013951</td><td>Dysphasia</td></tr><tr><td>10014217</td><td>Edema cerebral</td></tr><tr><td>10014625</td><td>Encephalopathy</td></tr><tr><td>10015832</td><td>Extrapyramidal disorder</td></tr><tr><td>10051272</td><td>Facial muscle weakness</td></tr><tr><td>10061457</td><td>Facial nerve disorder</td></tr><tr><td>10061185</td><td>Glossopharyngeal nerve disorder</td></tr><tr><td>10018767</td><td>Guillain-Barre syndrome</td></tr><tr><td>10019211</td><td>Headache</td></tr><tr><td>10020508</td><td>Hydrocephalus</td></tr><tr><td>10020765</td><td>Hypersomnia</td></tr><tr><td>10061212</td><td>Hypoglossal nerve disorder</td></tr><tr><td>10022763</td><td>Intracranial hemorrhage</td></tr><tr><td>10023030</td><td>Ischemia cerebrovascular</td></tr><tr><td>10024264</td><td>Lethargy</td></tr><tr><td>10024382</td><td>Leukoencephalopathy</td></tr><tr><td>10027175</td><td>Memory impairment</td></tr><tr><td>10027198</td><td>Meningismus</td></tr><tr><td>10028041</td><td>Movements involuntary</td></tr><tr><td>10065780</td><td>Muscle weakness left-sided</td></tr><tr><td>10065794</td><td>Muscle weakness right-sided</td></tr><tr><td>10028417</td><td>Myasthenia gravis</td></tr><tr><td>10029205</td><td>Nervous system disorders - Other, specify</td></tr><tr><td>10029223</td><td>Neuralgia</td></tr><tr><td>10029864</td><td>Nystagmus</td></tr><tr><td>10053661</td><td>Oculomotor nerve disorder</td></tr><tr><td>10056388</td><td>Olfactory nerve disorder</td></tr><tr><td>10033987</td><td>Paresthesia</td></tr><tr><td>10034580</td><td>Peripheral motor neuropathy</td></tr><tr><td>10034620</td><td>Peripheral sensory neuropathy</td></tr><tr><td>10056238</td><td>Phantom pain</td></tr><tr><td>10036653</td><td>Presyncope</td></tr><tr><td>10063636</td><td>Pyramidal tract syndrome</td></tr><tr><td>10061928</td><td>Radiculitis</td></tr><tr><td>10038130</td><td>Recurrent laryngeal nerve palsy</td></tr><tr><td>10063761</td><td>Reversible posterior leukoencephalopathy syndrome</td></tr><tr><td>10039906</td><td>Seizure</td></tr><tr><td>10041349</td><td>Somnolence</td></tr><tr><td>10041416</td><td>Spasticity</td></tr><tr><td>10041549</td><td>Spinal cord compression</td></tr><tr><td>10042244</td><td>Stroke</td></tr><tr><td>10042772</td><td>Syncope</td></tr><tr><td>10043245</td><td>Tendon reflex decreased</td></tr><tr><td>10044391</td><td>Transient ischemic attacks</td></tr><tr><td>10044565</td><td>Tremor</td></tr><tr><td>10060890</td><td>Trigeminal nerve disorder</td></tr><tr><td>10074765</td><td>Trochlear nerve disorder</td></tr><tr><td>10061403</td><td>Vagus nerve disorder</td></tr><tr><td>10047166</td><td>Vasovagal reaction</td></tr><tr><td>10054746</td><td>Fetal growth retardation</td></tr><tr><td>10072314</td><td>Pregnancy loss</td></tr><tr><td>10036585</td><td>Pregnancy, puerperium and perinatal conditions - Other, specify</td></tr><tr><td>10036595</td><td>Premature delivery</td></tr><tr><td>10001497</td><td>Agitation</td></tr><tr><td>10002652</td><td>Anorgasmia</td></tr><tr><td>10002855</td><td>Anxiety</td></tr><tr><td>10010300</td><td>Confusion</td></tr><tr><td>10057066</td><td>Delayed orgasm</td></tr><tr><td>10012218</td><td>Delirium</td></tr><tr><td>10012260</td><td>Delusions</td></tr><tr><td>10012378</td><td>Depression</td></tr><tr><td>10015533</td><td>Euphoria</td></tr><tr><td>10019077</td><td>Hallucinations</td></tr><tr><td>10022437</td><td>Insomnia</td></tr><tr><td>10022998</td><td>Irritability</td></tr><tr><td>10024419</td><td>Libido decreased</td></tr><tr><td>10024421</td><td>Libido increased</td></tr><tr><td>10026749</td><td>Mania</td></tr><tr><td>10034719</td><td>Personality change</td></tr><tr><td>10037175</td><td>Psychiatric disorders - Other, specify</td></tr><tr><td>10037234</td><td>Psychosis</td></tr><tr><td>10038743</td><td>Restlessness</td></tr><tr><td>10042458</td><td>Suicidal ideation</td></tr><tr><td>10042464</td><td>Suicide attempt</td></tr><tr><td>10069339</td><td>Acute kidney injury</td></tr><tr><td>10063575</td><td>Bladder perforation</td></tr><tr><td>10048994</td><td>Bladder spasm</td></tr><tr><td>10064848</td><td>Chronic kidney disease</td></tr><tr><td>10063057</td><td>Cystitis noninfective</td></tr><tr><td>10013990</td><td>Dysuria</td></tr><tr><td>10068405</td><td>Glucosuria</td></tr><tr><td>10019450</td><td>Hematuria</td></tr><tr><td>10019489</td><td>Hemoglobinuria</td></tr><tr><td>10029164</td><td>Nephrotic syndrome</td></tr><tr><td>10037032</td><td>Proteinuria</td></tr><tr><td>10038359</td><td>Renal and urinary disorders - Other, specify</td></tr><tr><td>10038385</td><td>Renal calculi</td></tr><tr><td>10038419</td><td>Renal colic</td></tr><tr><td>10038463</td><td>Renal hemorrhage</td></tr><tr><td>10065368</td><td>Urinary fistula</td></tr><tr><td>10046539</td><td>Urinary frequency</td></tr><tr><td>10046543</td><td>Urinary incontinence</td></tr><tr><td>10046555</td><td>Urinary retention</td></tr><tr><td>10061574</td><td>Urinary tract obstruction</td></tr><tr><td>10062225</td><td>Urinary tract pain</td></tr><tr><td>10046593</td><td>Urinary urgency</td></tr><tr><td>10046628</td><td>Urine discoloration</td></tr><tr><td>10001927</td><td>Amenorrhea</td></tr><tr><td>10003883</td><td>Azoospermia</td></tr><tr><td>10006179</td><td>Breast atrophy</td></tr><tr><td>10006298</td><td>Breast pain</td></tr><tr><td>10013934</td><td>Dysmenorrhea</td></tr><tr><td>10013941</td><td>Dyspareunia</td></tr><tr><td>10014326</td><td>Ejaculation disorder</td></tr><tr><td>10061461</td><td>Erectile dysfunction</td></tr><tr><td>10065789</td><td>Fallopian tube obstruction</td></tr><tr><td>10054382</td><td>Feminization acquired</td></tr><tr><td>10018146</td><td>Genital edema</td></tr><tr><td>10018801</td><td>Gynecomastia</td></tr><tr><td>10060602</td><td>Hematosalpinx</td></tr><tr><td>10022992</td><td>Irregular menstruation</td></tr><tr><td>10061261</td><td>Lactation disorder</td></tr><tr><td>10027313</td><td>Menorrhagia</td></tr><tr><td>10065823</td><td>Nipple deformity</td></tr><tr><td>10030300</td><td>Oligospermia</td></tr><tr><td>10065763</td><td>Ovarian hemorrhage</td></tr><tr><td>10033279</td><td>Ovarian rupture</td></tr><tr><td>10033314</td><td>Ovulation pain</td></tr><tr><td>10064026</td><td>Pelvic floor muscle weakness</td></tr><tr><td>10034263</td><td>Pelvic pain</td></tr><tr><td>10034310</td><td>Penile pain</td></tr><tr><td>10061339</td><td>Perineal pain</td></tr><tr><td>10036601</td><td>Premature menopause</td></tr><tr><td>10055325</td><td>Prostatic hemorrhage</td></tr><tr><td>10055026</td><td>Prostatic obstruction</td></tr><tr><td>10036968</td><td>Prostatic pain</td></tr><tr><td>10038604</td><td>Reproductive system and breast disorders - Other, specify</td></tr><tr><td>10039757</td><td>Scrotal pain</td></tr><tr><td>10065762</td><td>Spermatic cord hemorrhage</td></tr><tr><td>10065805</td><td>Spermatic cord obstruction</td></tr><tr><td>10043306</td><td>Testicular disorder</td></tr><tr><td>10055347</td><td>Testicular hemorrhage</td></tr><tr><td>10043345</td><td>Testicular pain</td></tr><tr><td>10065811</td><td>Uterine fistula</td></tr><tr><td>10046789</td><td>Uterine hemorrhage</td></tr><tr><td>10065928</td><td>Uterine obstruction</td></tr><tr><td>10046809</td><td>Uterine pain</td></tr><tr><td>10046901</td><td>Vaginal discharge</td></tr><tr><td>10046904</td><td>Vaginal dryness</td></tr><tr><td>10065813</td><td>Vaginal fistula</td></tr><tr><td>10046912</td><td>Vaginal hemorrhage</td></tr><tr><td>10046916</td><td>Vaginal inflammation</td></tr><tr><td>10065817</td><td>Vaginal obstruction</td></tr><tr><td>10046937</td><td>Vaginal pain</td></tr><tr><td>10065818</td><td>Vaginal perforation</td></tr><tr><td>10053496</td><td>Vaginal stricture</td></tr><tr><td>10001409</td><td>Adult respiratory distress syndrome</td></tr><tr><td>10001723</td><td>Allergic rhinitis</td></tr><tr><td>10002972</td><td>Apnea</td></tr><tr><td>10003504</td><td>Aspiration</td></tr><tr><td>10003598</td><td>Atelectasis</td></tr><tr><td>10006437</td><td>Bronchial fistula</td></tr><tr><td>10006440</td><td>Bronchial obstruction</td></tr><tr><td>10063524</td><td>Bronchial stricture</td></tr><tr><td>10053481</td><td>Bronchopleural fistula</td></tr><tr><td>10065746</td><td>Bronchopulmonary hemorrhage</td></tr><tr><td>10006482</td><td>Bronchospasm</td></tr><tr><td>10051228</td><td>Chylothorax</td></tr><tr><td>10011224</td><td>Cough</td></tr><tr><td>10013963</td><td>Dyspnea</td></tr><tr><td>10015090</td><td>Epistaxis</td></tr><tr><td>10020039</td><td>Hiccups</td></tr><tr><td>10020201</td><td>Hoarseness</td></tr><tr><td>10021143</td><td>Hypoxia</td></tr><tr><td>10023838</td><td>Laryngeal edema</td></tr><tr><td>10065786</td><td>Laryngeal fistula</td></tr><tr><td>10065759</td><td>Laryngeal hemorrhage</td></tr><tr><td>10065735</td><td>Laryngeal inflammation</td></tr><tr><td>10065880</td><td>Laryngeal mucositis</td></tr><tr><td>10059639</td><td>Laryngeal obstruction</td></tr><tr><td>10023862</td><td>Laryngeal stenosis</td></tr><tr><td>10062667</td><td>Laryngopharyngeal dysesthesia</td></tr><tr><td>10023891</td><td>Laryngospasm</td></tr><tr><td>10056356</td><td>Mediastinal hemorrhage</td></tr><tr><td>10028735</td><td>Nasal congestion</td></tr><tr><td>10068319</td><td>Oropharyngeal pain</td></tr><tr><td>10034825</td><td>Pharyngeal fistula</td></tr><tr><td>10055315</td><td>Pharyngeal hemorrhage</td></tr><tr><td>10065881</td><td>Pharyngeal mucositis</td></tr><tr><td>10065706</td><td>Pharyngeal necrosis</td></tr><tr><td>10050028</td><td>Pharyngeal stenosis</td></tr><tr><td>10034844</td><td>Pharyngolaryngeal pain</td></tr><tr><td>10035598</td><td>Pleural effusion</td></tr><tr><td>10055319</td><td>Pleural hemorrhage</td></tr><tr><td>10035623</td><td>Pleuritic pain</td></tr><tr><td>10035742</td><td>Pneumonitis</td></tr><tr><td>10035759</td><td>Pneumothorax</td></tr><tr><td>10036402</td><td>Postnasal drip</td></tr><tr><td>10036790</td><td>Productive cough</td></tr><tr><td>10037375</td><td>Pulmonary edema</td></tr><tr><td>10037383</td><td>Pulmonary fibrosis</td></tr><tr><td>10065873</td><td>Pulmonary fistula</td></tr><tr><td>10037400</td><td>Pulmonary hypertension</td></tr><tr><td>10038695</td><td>Respiratory failure</td></tr><tr><td>10038738</td><td>Respiratory, thoracic and mediastinal disorders - Other, specify</td></tr><tr><td>10038921</td><td>Retinoic acid syndrome</td></tr><tr><td>10039100</td><td>Rhinorrhea</td></tr><tr><td>10062244</td><td>Sinus disorder</td></tr><tr><td>10040747</td><td>Sinus pain</td></tr><tr><td>10040975</td><td>Sleep apnea</td></tr><tr><td>10041232</td><td>Sneezing</td></tr><tr><td>10041367</td><td>Sore throat</td></tr><tr><td>10042241</td><td>Stridor</td></tr><tr><td>10065787</td><td>Tracheal fistula</td></tr><tr><td>10065900</td><td>Tracheal mucositis</td></tr><tr><td>10050816</td><td>Tracheal stenosis</td></tr><tr><td>10047681</td><td>Voice alteration</td></tr><tr><td>10047924</td><td>Wheezing</td></tr><tr><td>10001760</td><td>Alopecia</td></tr><tr><td>10005901</td><td>Body odor</td></tr><tr><td>10006556</td><td>Bullous dermatitis</td></tr><tr><td>10013786</td><td>Dry skin</td></tr><tr><td>10014184</td><td>Eczema</td></tr><tr><td>10015218</td><td>Erythema multiforme</td></tr><tr><td>10015277</td><td>Erythroderma</td></tr><tr><td>10016241</td><td>Fat atrophy</td></tr><tr><td>10055525</td><td>Hair color changes</td></tr><tr><td>10019049</td><td>Hair texture abnormal</td></tr><tr><td>10020112</td><td>Hirsutism</td></tr><tr><td>10020642</td><td>Hyperhidrosis</td></tr><tr><td>10020649</td><td>Hyperkeratosis</td></tr><tr><td>10020864</td><td>Hypertrichosis</td></tr><tr><td>10021013</td><td>Hypohidrosis</td></tr><tr><td>10062315</td><td>Lipohypertrophy</td></tr><tr><td>10028689</td><td>Nail changes</td></tr><tr><td>10028691</td><td>Nail discoloration</td></tr><tr><td>10049281</td><td>Nail loss</td></tr><tr><td>10062283</td><td>Nail ridging</td></tr><tr><td>10033474</td><td>Pain of skin</td></tr><tr><td>10054524</td><td>Palmar-plantar erythrodysesthesia syndrome</td></tr><tr><td>10034966</td><td>Photosensitivity</td></tr><tr><td>10037087</td><td>Pruritus</td></tr><tr><td>10037549</td><td>Purpura</td></tr><tr><td>10037847</td><td>Rash acneiform</td></tr><tr><td>10037868</td><td>Rash maculo-papular</td></tr><tr><td>10049120</td><td>Scalp pain</td></tr><tr><td>10040785</td><td>Skin and subcutaneous tissue disorders - Other, specify</td></tr><tr><td>10040799</td><td>Skin atrophy</td></tr><tr><td>10040865</td><td>Skin hyperpigmentation</td></tr><tr><td>10040868</td><td>Skin hypopigmentation</td></tr><tr><td>10051837</td><td>Skin induration</td></tr><tr><td>10040947</td><td>Skin ulceration</td></tr><tr><td>10042033</td><td>Stevens-Johnson syndrome</td></tr><tr><td>10042344</td><td>Subcutaneous emphysema</td></tr><tr><td>10043189</td><td>Telangiectasia</td></tr><tr><td>10044223</td><td>Toxic epidermal necrolysis</td></tr><tr><td>10046735</td><td>Urticaria</td></tr><tr><td>10041244</td><td>Social circumstances - Other, specify</td></tr><tr><td>10042613</td><td>Surgical and medical procedures - Other, specify</td></tr><tr><td>10073529</td><td>Arterial thromboembolism</td></tr><tr><td>10007196</td><td>Capillary leak syndrome</td></tr><tr><td>10016825</td><td>Flushing</td></tr><tr><td>10019428</td><td>Hematoma</td></tr><tr><td>10020407</td><td>Hot flashes</td></tr><tr><td>10020772</td><td>Hypertension</td></tr><tr><td>10021097</td><td>Hypotension</td></tr><tr><td>10065773</td><td>Lymph leakage</td></tr><tr><td>10025233</td><td>Lymphedema</td></tr><tr><td>10048642</td><td>Lymphocele</td></tr><tr><td>10034578</td><td>Peripheral ischemia</td></tr><tr><td>10034879</td><td>Phlebitis</td></tr><tr><td>10042554</td><td>Superficial thrombophlebitis</td></tr><tr><td>10042569</td><td>Superior vena cava syndrome</td></tr><tr><td>10043565</td><td>Thromboembolic event</td></tr><tr><td>10047065</td><td>Vascular disorders - Other, specify</td></tr><tr><td>10047115</td><td>Vasculitis</td></tr></table></li></ul></div>"},"url":"https://ig-osiris.cancer.fr/ig/osiris/ValueSet/AdverseEventCode","version":"1.1.0","name":"AdverseEventCode","title":"Adverse Event Code Value Set","status":"draft","date":"2025-04-22T15:19:59+00:00","publisher":"institutcancer","contact":[{"name":"institutcancer","telecom":[{"system":"url","value":"http://cancer.fr"},{"system":"email","value":"osiris@institutcancer.fr"}]},{"name":"Aurélien JOBARD","telecom":[{"system":"email","value":"osiris@institutcancer.fr"}]}],"description":"Adverse event codes","compose":{"include":[{"system":"http://terminology.hl7.org/CodeSystem/mdr","version":"\"12.0\"","concept":[{"code":"10002272","display":"Anemia"},{"code":"10005329","display":"Blood and lymphatic system disorders - Other, specify"},{"code":"10048580","display":"Bone marrow hypocellular"},{"code":"10013442","display":"Disseminated intravascular coagulation"},{"code":"10014950","display":"Eosinophilia"},{"code":"10016288","display":"Febrile neutropenia"},{"code":"10019491","display":"Hemolysis"},{"code":"10019515","display":"Hemolytic uremic syndrome"},{"code":"10024378","display":"Leukocytosis"},{"code":"10025182","display":"Lymph node pain"},{"code":"10027506","display":"Methemoglobinemia"},{"code":"10043648","display":"Thrombotic thrombocytopenic purpura"},{"code":"10061589","display":"Aortic valve disease"},{"code":"10003586","display":"Asystole"},{"code":"10003658","display":"Atrial fibrillation"},{"code":"10003662","display":"Atrial flutter"},{"code":"10003673","display":"Atrioventricular block complete"},{"code":"10003674","display":"Atrioventricular block first degree"},{"code":"10007515","display":"Cardiac arrest"},{"code":"10007541","display":"Cardiac disorders - Other, specify"},{"code":"10008481","display":"Chest pain - cardiac"},{"code":"10010276","display":"Conduction disorder"},{"code":"10011703","display":"Cyanosis"},{"code":"10019279","display":"Heart failure"},{"code":"10069501","display":"Left ventricular systolic dysfunction"},{"code":"10061532","display":"Mitral valve disease"},{"code":"10027786","display":"Mobitz (type) II atrioventricular block"},{"code":"10027787","display":"Mobitz type I"},{"code":"10028596","display":"Myocardial infarction"},{"code":"10028606","display":"Myocarditis"},{"code":"10033557","display":"Palpitations"},{"code":"10034040","display":"Paroxysmal atrial tachycardia"},{"code":"10034474","display":"Pericardial effusion"},{"code":"10053565","display":"Pericardial tamponade"},{"code":"10034484","display":"Pericarditis"},{"code":"10061541","display":"Pulmonary valve disease"},{"code":"10038748","display":"Restrictive cardiomyopathy"},{"code":"10058597","display":"Right ventricular dysfunction"},{"code":"10040639","display":"Sick sinus syndrome"},{"code":"10040741","display":"Sinus bradycardia"},{"code":"10040752","display":"Sinus tachycardia"},{"code":"10042604","display":"Supraventricular tachycardia"},{"code":"10061389","display":"Tricuspid valve disease"},{"code":"10047281","display":"Ventricular arrhythmia"},{"code":"10047290","display":"Ventricular fibrillation"},{"code":"10047302","display":"Ventricular tachycardia"},{"code":"10010331","display":"Congenital, familial and genetic disorders - Other, specify"},{"code":"10013993","display":"Ear and labyrinth disorders - Other, specify"},{"code":"10014020","display":"Ear pain"},{"code":"10065785","display":"External ear pain"},{"code":"10019245","display":"Hearing impaired"},{"code":"10065838","display":"Middle ear inflammation"},{"code":"10043882","display":"Tinnitus"},{"code":"10047340","display":"Vertigo"},{"code":"10047386","display":"Vestibular disorder"},{"code":"10001367","display":"Adrenal insufficiency"},{"code":"10011655","display":"Cushingoid"},{"code":"10012205","display":"Delayed puberty"},{"code":"10014698","display":"Endocrine disorders - Other, specify"},{"code":"10018746","display":"Growth accelerated"},{"code":"10020705","display":"Hyperparathyroidism"},{"code":"10020850","display":"Hyperthyroidism"},{"code":"10021041","display":"Hypoparathyroidism"},{"code":"10062767","display":"Hypophysitis"},{"code":"10021067","display":"Hypopituitarism"},{"code":"10021114","display":"Hypothyroidism"},{"code":"10058084","display":"Precocious puberty"},{"code":"10067734","display":"Testosterone deficiency"},{"code":"10047488","display":"Virilization"},{"code":"10005886","display":"Blurred vision"},{"code":"10007739","display":"Cataract"},{"code":"10048492","display":"Corneal ulcer"},{"code":"10013774","display":"Dry eye"},{"code":"10015829","display":"Extraocular muscle paresis"},{"code":"10015919","display":"Eye disorders - Other, specify"},{"code":"10015958","display":"Eye pain"},{"code":"10061145","display":"Eyelid function disorder"},{"code":"10016757","display":"Flashing lights"},{"code":"10016778","display":"Floaters"},{"code":"10018304","display":"Glaucoma"},{"code":"10023332","display":"Keratitis"},{"code":"10029404","display":"Night blindness"},{"code":"10061322","display":"Optic nerve disorder"},{"code":"10033703","display":"Papilledema"},{"code":"10054541","display":"Periorbital edema"},{"code":"10034960","display":"Photophobia"},{"code":"10038848","display":"Retinal detachment"},{"code":"10038897","display":"Retinal tear"},{"code":"10038901","display":"Retinal vascular disorder"},{"code":"10038923","display":"Retinopathy"},{"code":"10061510","display":"Scleral disorder"},{"code":"10046851","display":"Uveitis"},{"code":"10047516","display":"Vision decreased"},{"code":"10047656","display":"Vitreous hemorrhage"},{"code":"10047848","display":"Watering eyes"},{"code":"10000060","display":"Abdominal distension"},{"code":"10000081","display":"Abdominal pain"},{"code":"10002153","display":"Anal fissure"},{"code":"10002156","display":"Anal fistula"},{"code":"10055226","display":"Anal hemorrhage"},{"code":"10065721","display":"Anal mucositis"},{"code":"10065722","display":"Anal necrosis"},{"code":"10002167","display":"Anal pain"},{"code":"10002176","display":"Anal stenosis"},{"code":"10002180","display":"Anal ulcer"},{"code":"10003445","display":"Ascites"},{"code":"10004222","display":"Belching"},{"code":"10005265","display":"Bloating"},{"code":"10065747","display":"Cecal hemorrhage"},{"code":"10008417","display":"Cheilitis"},{"code":"10009167","display":"Chylous ascites"},{"code":"10009887","display":"Colitis"},{"code":"10009995","display":"Colonic fistula"},{"code":"10009998","display":"Colonic hemorrhage"},{"code":"10010000","display":"Colonic obstruction"},{"code":"10010001","display":"Colonic perforation"},{"code":"10010004","display":"Colonic stenosis"},{"code":"10010006","display":"Colonic ulcer"},{"code":"10010774","display":"Constipation"},{"code":"10012318","display":"Dental caries"},{"code":"10012727","display":"Diarrhea"},{"code":"10013781","display":"Dry mouth"},{"code":"10013828","display":"Duodenal fistula"},{"code":"10055242","display":"Duodenal hemorrhage"},{"code":"10013830","display":"Duodenal obstruction"},{"code":"10013832","display":"Duodenal perforation"},{"code":"10050094","display":"Duodenal stenosis"},{"code":"10013836","display":"Duodenal ulcer"},{"code":"10013946","display":"Dyspepsia"},{"code":"10013950","display":"Dysphagia"},{"code":"10014893","display":"Enterocolitis"},{"code":"10062570","display":"Enterovesical fistula"},{"code":"10065851","display":"Esophageal fistula"},{"code":"10015384","display":"Esophageal hemorrhage"},{"code":"10065727","display":"Esophageal necrosis"},{"code":"10015387","display":"Esophageal obstruction"},{"code":"10015388","display":"Esophageal pain"},{"code":"10055472","display":"Esophageal perforation"},{"code":"10015448","display":"Esophageal stenosis"},{"code":"10015451","display":"Esophageal ulcer"},{"code":"10015453","display":"Esophageal varices hemorrhage"},{"code":"10015461","display":"Esophagitis"},{"code":"10016296","display":"Fecal incontinence"},{"code":"10016766","display":"Flatulence"},{"code":"10065713","display":"Gastric fistula"},{"code":"10017789","display":"Gastric hemorrhage"},{"code":"10051886","display":"Gastric necrosis"},{"code":"10017815","display":"Gastric perforation"},{"code":"10061970","display":"Gastric stenosis"},{"code":"10017822","display":"Gastric ulcer"},{"code":"10017853","display":"Gastritis"},{"code":"10066874","display":"Gastroesophageal reflux disease"},{"code":"10017947","display":"Gastrointestinal disorders - Other, specify"},{"code":"10017877","display":"Gastrointestinal fistula"},{"code":"10017999","display":"Gastrointestinal pain"},{"code":"10018043","display":"Gastroparesis"},{"code":"10018286","display":"Gingival pain"},{"code":"10060640","display":"Hemorrhoidal hemorrhage"},{"code":"10019611","display":"Hemorrhoids"},{"code":"10065728","display":"Ileal fistula"},{"code":"10055287","display":"Ileal hemorrhage"},{"code":"10065730","display":"Ileal obstruction"},{"code":"10021305","display":"Ileal perforation"},{"code":"10021307","display":"Ileal stenosis"},{"code":"10021309","display":"Ileal ulcer"},{"code":"10021328","display":"Ileus"},{"code":"10055291","display":"Intra-abdominal hemorrhage"},{"code":"10065719","display":"Jejunal fistula"},{"code":"10055300","display":"Jejunal hemorrhage"},{"code":"10065732","display":"Jejunal obstruction"},{"code":"10023174","display":"Jejunal perforation"},{"code":"10023176","display":"Jejunal stenosis"},{"code":"10023177","display":"Jejunal ulcer"},{"code":"10024561","display":"Lip pain"},{"code":"10051746","display":"Lower gastrointestinal hemorrhage"},{"code":"10025476","display":"Malabsorption"},{"code":"10028130","display":"Mucositis oral"},{"code":"10028813","display":"Nausea"},{"code":"10029957","display":"Obstruction gastric"},{"code":"10065720","display":"Oral cavity fistula"},{"code":"10054520","display":"Oral dysesthesia"},{"code":"10030980","display":"Oral hemorrhage"},{"code":"10031009","display":"Oral pain"},{"code":"10065703","display":"Pancreatic duct stenosis"},{"code":"10049192","display":"Pancreatic fistula"},{"code":"10033626","display":"Pancreatic hemorrhage"},{"code":"10058096","display":"Pancreatic necrosis"},{"code":"10033645","display":"Pancreatitis"},{"code":"10034536","display":"Periodontal disease"},{"code":"10065704","display":"Peritoneal necrosis"},{"code":"10036774","display":"Proctitis"},{"code":"10064993","display":"Rectal fissure"},{"code":"10038062","display":"Rectal fistula"},{"code":"10038064","display":"Rectal hemorrhage"},{"code":"10063190","display":"Rectal mucositis"},{"code":"10065709","display":"Rectal necrosis"},{"code":"10065707","display":"Rectal obstruction"},{"code":"10038072","display":"Rectal pain"},{"code":"10038073","display":"Rectal perforation"},{"code":"10038079","display":"Rectal stenosis"},{"code":"10038080","display":"Rectal ulcer"},{"code":"10038981","display":"Retroperitoneal hemorrhage"},{"code":"10056681","display":"Salivary duct inflammation"},{"code":"10039411","display":"Salivary gland fistula"},{"code":"10065710","display":"Small intestinal mucositis"},{"code":"10041101","display":"Small intestinal obstruction"},{"code":"10041103","display":"Small intestinal perforation"},{"code":"10062263","display":"Small intestinal stenosis"},{"code":"10041133","display":"Small intestine ulcer"},{"code":"10042112","display":"Stomach pain"},{"code":"10044030","display":"Tooth development disorder"},{"code":"10044031","display":"Tooth discoloration"},{"code":"10044055","display":"Toothache"},{"code":"10045271","display":"Typhlitis"},{"code":"10055356","display":"Upper gastrointestinal hemorrhage"},{"code":"10054692","display":"Visceral arterial ischemia"},{"code":"10047700","display":"Vomiting"},{"code":"10008531","display":"Chills"},{"code":"10011912","display":"Death neonatal"},{"code":"10011914","display":"Death NOS"},{"code":"10061818","display":"Disease progression"},{"code":"10014222","display":"Edema face"},{"code":"10050068","display":"Edema limbs"},{"code":"10058720","display":"Edema trunk"},{"code":"10016059","display":"Facial pain"},{"code":"10016256","display":"Fatigue"},{"code":"10016558","display":"Fever"},{"code":"10016791","display":"Flu like symptoms"},{"code":"10017577","display":"Gait disturbance"},{"code":"10018065","display":"General disorders and administration site conditions - Other, specify"},{"code":"10018112","display":"Generalized edema"},{"code":"10021113","display":"Hypothermia"},{"code":"10064774","display":"Infusion site extravasation"},{"code":"10022095","display":"Injection site reaction"},{"code":"10062466","display":"Localized edema"},{"code":"10025482","display":"Malaise"},{"code":"10028154","display":"Multi-organ failure"},{"code":"10054482","display":"Neck edema"},{"code":"10062501","display":"Non-cardiac chest pain"},{"code":"10033371","display":"Pain"},{"code":"10042435","display":"Sudden death NOS"},{"code":"10069480","display":"Vaccination site lymphadenopathy"},{"code":"10051341","display":"Bile duct stenosis"},{"code":"10004665","display":"Biliary fistula"},{"code":"10006537","display":"Budd-Chiari syndrome"},{"code":"10008612","display":"Cholecystitis"},{"code":"10017631","display":"Gallbladder fistula"},{"code":"10059446","display":"Gallbladder necrosis"},{"code":"10017636","display":"Gallbladder obstruction"},{"code":"10017638","display":"Gallbladder pain"},{"code":"10017639","display":"Gallbladder perforation"},{"code":"10019663","display":"Hepatic failure"},{"code":"10019678","display":"Hepatic hemorrhage"},{"code":"10019692","display":"Hepatic necrosis"},{"code":"10019705","display":"Hepatic pain"},{"code":"10019805","display":"Hepatobiliary disorders - Other, specify"},{"code":"10034405","display":"Perforation bile duct"},{"code":"10036200","display":"Portal hypertension"},{"code":"10036206","display":"Portal vein thrombosis"},{"code":"10063675","display":"Sinusoidal obstruction syndrome"},{"code":"10001718","display":"Allergic reaction"},{"code":"10002218","display":"Anaphylaxis"},{"code":"10061664","display":"Autoimmune disorder"},{"code":"10052015","display":"Cytokine release syndrome"},{"code":"10021428","display":"Immune system disorders - Other, specify"},{"code":"10040400","display":"Serum sickness"},{"code":"10056519","display":"Abdominal infection"},{"code":"10061640","display":"Anorectal infection"},{"code":"10003011","display":"Appendicitis"},{"code":"10003012","display":"Appendicitis perforated"},{"code":"10065744","display":"Arteritis infective"},{"code":"10003999","display":"Bacteremia"},{"code":"10061695","display":"Biliary tract infection"},{"code":"10005047","display":"Bladder infection"},{"code":"10061017","display":"Bone infection"},{"code":"10006259","display":"Breast infection"},{"code":"10055078","display":"Bronchial infection"},{"code":"10007810","display":"Catheter related infection"},{"code":"10065761","display":"Cecal infection"},{"code":"10008330","display":"Cervicitis infection"},{"code":"10010741","display":"Conjunctivitis"},{"code":"10010742","display":"Conjunctivitis infective"},{"code":"10061788","display":"Corneal infection"},{"code":"10065765","display":"Cranial nerve infection"},{"code":"10058666","display":"Cytomegalovirus infection reactivation"},{"code":"10064687","display":"Device related infection"},{"code":"10065752","display":"Duodenal infection"},{"code":"10014594","display":"Encephalitis infection"},{"code":"10014621","display":"Encephalomyelitis infection"},{"code":"10014678","display":"Endocarditis infective"},{"code":"10014801","display":"Endophthalmitis"},{"code":"10058838","display":"Enterocolitis infectious"},{"code":"10015109","display":"Epstein-Barr virus infection reactivation"},{"code":"10058804","display":"Esophageal infection"},{"code":"10015929","display":"Eye infection"},{"code":"10016936","display":"Folliculitis"},{"code":"10017544","display":"Fungemia"},{"code":"10062632","display":"Gallbladder infection"},{"code":"10018784","display":"Gum infection"},{"code":"10056522","display":"Hepatic infection"},{"code":"10058827","display":"Hepatitis B reactivation"},{"code":"10019799","display":"Hepatitis viral"},{"code":"10080137","display":"Herpes simplex reactivation"},{"code":"10021881","display":"Infections and infestations - Other, specify"},{"code":"10021918","display":"Infective myositis"},{"code":"10023216","display":"Joint infection"},{"code":"10023424","display":"Kidney infection"},{"code":"10023874","display":"Laryngitis"},{"code":"10065755","display":"Lip infection"},{"code":"10061229","display":"Lung infection"},{"code":"10050823","display":"Lymph gland infection"},{"code":"10057483","display":"Mediastinal infection"},{"code":"10027199","display":"Meningitis"},{"code":"10065764","display":"Mucosal infection"},{"code":"10028524","display":"Myelitis"},{"code":"10061304","display":"Nail infection"},{"code":"10033072","display":"Otitis externa"},{"code":"10033078","display":"Otitis media"},{"code":"10055005","display":"Ovarian infection"},{"code":"10051741","display":"Pancreas infection"},{"code":"10069138","display":"Papulopustular rash"},{"code":"10034016","display":"Paronychia"},{"code":"10058674","display":"Pelvic infection"},{"code":"10061912","display":"Penile infection"},{"code":"10051472","display":"Periorbital infection"},{"code":"10065766","display":"Peripheral nerve infection"},{"code":"10057262","display":"Peritoneal infection"},{"code":"10034835","display":"Pharyngitis"},{"code":"10056627","display":"Phlebitis infective"},{"code":"10061351","display":"Pleural infection"},{"code":"10050662","display":"Prostate infection"},{"code":"10037888","display":"Rash pustular"},{"code":"10059827","display":"Rhinitis infective"},{"code":"10039413","display":"Salivary gland infection"},{"code":"10062156","display":"Scrotal infection"},{"code":"10040047","display":"Sepsis"},{"code":"10040555","display":"Shingles"},{"code":"10040753","display":"Sinusitis"},{"code":"10040872","display":"Skin infection"},{"code":"10065771","display":"Small intestine infection"},{"code":"10062255","display":"Soft tissue infection"},{"code":"10062112","display":"Splenic infection"},{"code":"10064505","display":"Stoma site infection"},{"code":"10043649","display":"Thrush"},{"code":"10048762","display":"Tooth infection"},{"code":"10044302","display":"Tracheitis"},{"code":"10046300","display":"Upper respiratory infection"},{"code":"10052298","display":"Urethral infection"},{"code":"10046571","display":"Urinary tract infection"},{"code":"10062233","display":"Uterine infection"},{"code":"10046914","display":"Vaginal infection"},{"code":"10054688","display":"Viremia"},{"code":"10065772","display":"Vulval infection"},{"code":"10048038","display":"Wound infection"},{"code":"10002544","display":"Ankle fracture"},{"code":"10002899","display":"Aortic injury"},{"code":"10003162","display":"Arterial injury"},{"code":"10050458","display":"Biliary anastomotic leak"},{"code":"10065802","display":"Bladder anastomotic leak"},{"code":"10006504","display":"Bruising"},{"code":"10006634","display":"Burn"},{"code":"10061103","display":"Dermatitis radiation"},{"code":"10065961","display":"Esophageal anastomotic leak"},{"code":"10016173","display":"Fall"},{"code":"10065788","display":"Fallopian tube anastomotic leak"},{"code":"10065790","display":"Fallopian tube perforation"},{"code":"10017076","display":"Fracture"},{"code":"10065893","display":"Gastric anastomotic leak"},{"code":"10065879","display":"Gastrointestinal anastomotic leak"},{"code":"10065712","display":"Gastrointestinal stoma necrosis"},{"code":"10020100","display":"Hip fracture"},{"code":"10051792","display":"Infusion related reaction"},{"code":"10022161","display":"Injury to carotid artery"},{"code":"10022213","display":"Injury to inferior vena cava"},{"code":"10065849","display":"Injury to jugular vein"},{"code":"10022356","display":"Injury to superior vena cava"},{"code":"10022117","display":"Injury, poisoning and procedural complications - Other, specify"},{"code":"10059095","display":"Intestinal stoma leak"},{"code":"10059094","display":"Intestinal stoma obstruction"},{"code":"10049468","display":"Intestinal stoma site bleeding"},{"code":"10065826","display":"Intraoperative arterial injury"},{"code":"10065831","display":"Intraoperative breast injury"},{"code":"10065843","display":"Intraoperative cardiac injury"},{"code":"10065844","display":"Intraoperative ear injury"},{"code":"10065834","display":"Intraoperative endocrine injury"},{"code":"10065825","display":"Intraoperative gastrointestinal injury"},{"code":"10065842","display":"Intraoperative head and neck injury"},{"code":"10055298","display":"Intraoperative hemorrhage"},{"code":"10065827","display":"Intraoperative hepatobiliary injury"},{"code":"10065829","display":"Intraoperative musculoskeletal injury"},{"code":"10065830","display":"Intraoperative neurological injury"},{"code":"10065841","display":"Intraoperative ocular injury"},{"code":"10065845","display":"Intraoperative renal injury"},{"code":"10065840","display":"Intraoperative reproductive tract injury"},{"code":"10065832","display":"Intraoperative respiratory injury"},{"code":"10065847","display":"Intraoperative splenic injury"},{"code":"10065828","display":"Intraoperative urinary injury"},{"code":"10065848","display":"Intraoperative venous injury"},{"code":"10065803","display":"Kidney anastomotic leak"},{"code":"10065891","display":"Large intestinal anastomotic leak"},{"code":"10050457","display":"Pancreatic anastomotic leak"},{"code":"10065705","display":"Pharyngeal anastomotic leak"},{"code":"10055322","display":"Postoperative hemorrhage"},{"code":"10056745","display":"Postoperative thoracic procedure complication"},{"code":"10065745","display":"Prolapse of intestinal stoma"},{"code":"10065822","display":"Prolapse of urostomy"},{"code":"10037767","display":"Radiation recall reaction (dermatologic)"},{"code":"10065894","display":"Rectal anastomotic leak"},{"code":"10040102","display":"Seroma"},{"code":"10065892","display":"Small intestinal anastomotic leak"},{"code":"10065897","display":"Spermatic cord anastomotic leak"},{"code":"10041569","display":"Spinal fracture"},{"code":"10065898","display":"Stenosis of gastrointestinal stoma"},{"code":"10042127","display":"Stomal ulcer"},{"code":"10062548","display":"Tracheal hemorrhage"},{"code":"10044291","display":"Tracheal obstruction"},{"code":"10065749","display":"Tracheostomy site bleeding"},{"code":"10065814","display":"Ureteric anastomotic leak"},{"code":"10065815","display":"Urethral anastomotic leak"},{"code":"10065882","display":"Urostomy leak"},{"code":"10065883","display":"Urostomy obstruction"},{"code":"10065748","display":"Urostomy site bleeding"},{"code":"10065885","display":"Urostomy stenosis"},{"code":"10065886","display":"Uterine anastomotic leak"},{"code":"10046810","display":"Uterine perforation"},{"code":"10046861","display":"Vaccination complication"},{"code":"10065887","display":"Vaginal anastomotic leak"},{"code":"10065888","display":"Vas deferens anastomotic leak"},{"code":"10062169","display":"Vascular access complication"},{"code":"10047228","display":"Venous injury"},{"code":"10053692","display":"Wound complication"},{"code":"10048031","display":"Wound dehiscence"},{"code":"10048049","display":"Wrist fracture"},{"code":"10000636","display":"Activated partial thromboplastin time prolonged"},{"code":"10001551","display":"Alanine aminotransferase increased"},{"code":"10001675","display":"Alkaline phosphatase increased"},{"code":"10003481","display":"Aspartate aminotransferase increased"},{"code":"10005332","display":"Blood antidiuretic hormone abnormal"},{"code":"10005359","display":"Blood bicarbonate decreased"},{"code":"10005364","display":"Blood bilirubin increased"},{"code":"10005452","display":"Blood corticotrophin decreased"},{"code":"10005561","display":"Blood gonadotrophin abnormal"},{"code":"10005630","display":"Blood lactate dehydrogenase increased"},{"code":"10005778","display":"Blood prolactin abnormal"},{"code":"10065906","display":"Carbon monoxide diffusing capacity decreased"},{"code":"10007612","display":"Cardiac troponin I increased"},{"code":"10007613","display":"Cardiac troponin T increased"},{"code":"10007839","display":"CD4 lymphocytes decreased"},{"code":"10008661","display":"Cholesterol high"},{"code":"10011268","display":"CPK increased"},{"code":"10011368","display":"Creatinine increased"},{"code":"10050528","display":"Ejection fraction decreased"},{"code":"10014383","display":"Electrocardiogram QT corrected interval prolonged"},{"code":"10050380","display":"Electrocardiogram T wave abnormal"},{"code":"10016596","display":"Fibrinogen decreased"},{"code":"10016987","display":"Forced expiratory volume decreased"},{"code":"10056910","display":"GGT increased"},{"code":"10018748","display":"Growth hormone abnormal"},{"code":"10019150","display":"Haptoglobin decreased"},{"code":"10055599","display":"Hemoglobin increased"},{"code":"10022402","display":"INR increased"},{"code":"10022891","display":"Investigations - Other, specify"},{"code":"10024574","display":"Lipase increased"},{"code":"10025256","display":"Lymphocyte count decreased"},{"code":"10025258","display":"Lymphocyte count increased"},{"code":"10029366","display":"Neutrophil count decreased"},{"code":"10062646","display":"Pancreatic enzymes decreased"},{"code":"10035528","display":"Platelet count decreased"},{"code":"10040139","display":"Serum amylase increased"},{"code":"10043770","display":"Thyroid stimulating hormone increased"},{"code":"10059895","display":"Urine output decreased"},{"code":"10047580","display":"Vital capacity abnormal"},{"code":"10047896","display":"Weight gain"},{"code":"10047900","display":"Weight loss"},{"code":"10049182","display":"White blood cell decreased"},{"code":"10000486","display":"Acidosis"},{"code":"10001598","display":"Alcohol intolerance"},{"code":"10001680","display":"Alkalosis"},{"code":"10002646","display":"Anorexia"},{"code":"10012174","display":"Dehydration"},{"code":"10052426","display":"Glucose intolerance"},{"code":"10020587","display":"Hypercalcemia"},{"code":"10020639","display":"Hyperglycemia"},{"code":"10020647","display":"Hyperkalemia"},{"code":"10020667","display":"Hyperlipidemia"},{"code":"10020670","display":"Hypermagnesemia"},{"code":"10020680","display":"Hypernatremia"},{"code":"10020712","display":"Hyperphosphatemia"},{"code":"10020870","display":"Hypertriglyceridemia"},{"code":"10020907","display":"Hyperuricemia"},{"code":"10020943","display":"Hypoalbuminemia"},{"code":"10020949","display":"Hypocalcemia"},{"code":"10021005","display":"Hypoglycemia"},{"code":"10021018","display":"Hypokalemia"},{"code":"10021028","display":"Hypomagnesemia"},{"code":"10021038","display":"Hyponatremia"},{"code":"10021059","display":"Hypophosphatemia"},{"code":"10065973","display":"Iron overload"},{"code":"10027433","display":"Metabolism and nutrition disorders - Other, specify"},{"code":"10029883","display":"Obesity"},{"code":"10045152","display":"Tumor lysis syndrome"},{"code":"10065775","display":"Abdominal soft tissue necrosis"},{"code":"10003239","display":"Arthralgia"},{"code":"10003246","display":"Arthritis"},{"code":"10066480","display":"Avascular necrosis"},{"code":"10003988","display":"Back pain"},{"code":"10006002","display":"Bone pain"},{"code":"10048677","display":"Buttock pain"},{"code":"10048831","display":"Chest wall necrosis"},{"code":"10008496","display":"Chest wall pain"},{"code":"10015688","display":"Exostosis"},{"code":"10065799","display":"Fibrosis deep connective tissue"},{"code":"10016750","display":"Flank pain"},{"code":"10062572","display":"Generalized muscle weakness"},{"code":"10018761","display":"Growth suppression"},{"code":"10065779","display":"Head soft tissue necrosis"},{"code":"10023215","display":"Joint effusion"},{"code":"10048706","display":"Joint range of motion decreased"},{"code":"10065796","display":"Joint range of motion decreased cervical spine"},{"code":"10065800","display":"Joint range of motion decreased lumbar spine"},{"code":"10023509","display":"Kyphosis"},{"code":"10024842","display":"Lordosis"},{"code":"10028294","display":"Muscle cramp"},{"code":"10065776","display":"Muscle weakness lower limb"},{"code":"10065795","display":"Muscle weakness trunk"},{"code":"10065895","display":"Muscle weakness upper limb"},{"code":"10028395","display":"Musculoskeletal and connective tissue disorder - Other, specify"},{"code":"10065783","display":"Musculoskeletal deformity"},{"code":"10028411","display":"Myalgia"},{"code":"10028653","display":"Myositis"},{"code":"10028836","display":"Neck pain"},{"code":"10065781","display":"Neck soft tissue necrosis"},{"code":"10031264","display":"Osteonecrosis"},{"code":"10064658","display":"Osteonecrosis of jaw"},{"code":"10031282","display":"Osteoporosis"},{"code":"10033425","display":"Pain in extremity"},{"code":"10065793","display":"Pelvic soft tissue necrosis"},{"code":"10039020","display":"Rhabdomyolysis"},{"code":"10039226","display":"Rotator cuff injury"},{"code":"10039722","display":"Scoliosis"},{"code":"10065777","display":"Soft tissue necrosis lower limb"},{"code":"10065778","display":"Soft tissue necrosis upper limb"},{"code":"10065798","display":"Superficial soft tissue fibrosis"},{"code":"10044684","display":"Trismus"},{"code":"10065738","display":"Unequal limb length"},{"code":"10048293","display":"Leukemia secondary to oncology chemotherapy"},{"code":"10028533","display":"Myelodysplastic syndrome"},{"code":"10029104","display":"Neoplasms benign, malignant and unspecified (incl cysts and polyps) - Other, specify"},{"code":"10040907","display":"Skin papilloma"},{"code":"10049737","display":"Treatment related secondary malignancy"},{"code":"10055351","display":"Tumor hemorrhage"},{"code":"10045158","display":"Tumor pain"},{"code":"10053662","display":"Abducens nerve disorder"},{"code":"10060929","display":"Accessory nerve disorder"},{"code":"10000521","display":"Acoustic nerve disorder NOS"},{"code":"10001540","display":"Akathisia"},{"code":"10001949","display":"Amnesia"},{"code":"10002653","display":"Anosmia"},{"code":"10002953","display":"Aphonia"},{"code":"10003074","display":"Arachnoiditis"},{"code":"10003591","display":"Ataxia"},{"code":"10065417","display":"Brachial plexopathy"},{"code":"10065784","display":"Central nervous system necrosis"},{"code":"10008164","display":"Cerebrospinal fluid leakage"},{"code":"10009845","display":"Cognitive disturbance"},{"code":"10010250","display":"Concentration impairment"},{"code":"10012373","display":"Depressed level of consciousness"},{"code":"10013573","display":"Dizziness"},{"code":"10013887","display":"Dysarthria"},{"code":"10062872","display":"Dysesthesia"},{"code":"10013911","display":"Dysgeusia"},{"code":"10013951","display":"Dysphasia"},{"code":"10014217","display":"Edema cerebral"},{"code":"10014625","display":"Encephalopathy"},{"code":"10015832","display":"Extrapyramidal disorder"},{"code":"10051272","display":"Facial muscle weakness"},{"code":"10061457","display":"Facial nerve disorder"},{"code":"10061185","display":"Glossopharyngeal nerve disorder"},{"code":"10018767","display":"Guillain-Barre syndrome"},{"code":"10019211","display":"Headache"},{"code":"10020508","display":"Hydrocephalus"},{"code":"10020765","display":"Hypersomnia"},{"code":"10061212","display":"Hypoglossal nerve disorder"},{"code":"10022763","display":"Intracranial hemorrhage"},{"code":"10023030","display":"Ischemia cerebrovascular"},{"code":"10024264","display":"Lethargy"},{"code":"10024382","display":"Leukoencephalopathy"},{"code":"10027175","display":"Memory impairment"},{"code":"10027198","display":"Meningismus"},{"code":"10028041","display":"Movements involuntary"},{"code":"10065780","display":"Muscle weakness left-sided"},{"code":"10065794","display":"Muscle weakness right-sided"},{"code":"10028417","display":"Myasthenia gravis"},{"code":"10029205","display":"Nervous system disorders - Other, specify"},{"code":"10029223","display":"Neuralgia"},{"code":"10029864","display":"Nystagmus"},{"code":"10053661","display":"Oculomotor nerve disorder"},{"code":"10056388","display":"Olfactory nerve disorder"},{"code":"10033987","display":"Paresthesia"},{"code":"10034580","display":"Peripheral motor neuropathy"},{"code":"10034620","display":"Peripheral sensory neuropathy"},{"code":"10056238","display":"Phantom pain"},{"code":"10036653","display":"Presyncope"},{"code":"10063636","display":"Pyramidal tract syndrome"},{"code":"10061928","display":"Radiculitis"},{"code":"10038130","display":"Recurrent laryngeal nerve palsy"},{"code":"10063761","display":"Reversible posterior leukoencephalopathy syndrome"},{"code":"10039906","display":"Seizure"},{"code":"10041349","display":"Somnolence"},{"code":"10041416","display":"Spasticity"},{"code":"10041549","display":"Spinal cord compression"},{"code":"10042244","display":"Stroke"},{"code":"10042772","display":"Syncope"},{"code":"10043245","display":"Tendon reflex decreased"},{"code":"10044391","display":"Transient ischemic attacks"},{"code":"10044565","display":"Tremor"},{"code":"10060890","display":"Trigeminal nerve disorder"},{"code":"10074765","display":"Trochlear nerve disorder"},{"code":"10061403","display":"Vagus nerve disorder"},{"code":"10047166","display":"Vasovagal reaction"},{"code":"10054746","display":"Fetal growth retardation"},{"code":"10072314","display":"Pregnancy loss"},{"code":"10036585","display":"Pregnancy, puerperium and perinatal conditions - Other, specify"},{"code":"10036595","display":"Premature delivery"},{"code":"10001497","display":"Agitation"},{"code":"10002652","display":"Anorgasmia"},{"code":"10002855","display":"Anxiety"},{"code":"10010300","display":"Confusion"},{"code":"10057066","display":"Delayed orgasm"},{"code":"10012218","display":"Delirium"},{"code":"10012260","display":"Delusions"},{"code":"10012378","display":"Depression"},{"code":"10015533","display":"Euphoria"},{"code":"10019077","display":"Hallucinations"},{"code":"10022437","display":"Insomnia"},{"code":"10022998","display":"Irritability"},{"code":"10024419","display":"Libido decreased"},{"code":"10024421","display":"Libido increased"},{"code":"10026749","display":"Mania"},{"code":"10034719","display":"Personality change"},{"code":"10037175","display":"Psychiatric disorders - Other, specify"},{"code":"10037234","display":"Psychosis"},{"code":"10038743","display":"Restlessness"},{"code":"10042458","display":"Suicidal ideation"},{"code":"10042464","display":"Suicide attempt"},{"code":"10069339","display":"Acute kidney injury"},{"code":"10063575","display":"Bladder perforation"},{"code":"10048994","display":"Bladder spasm"},{"code":"10064848","display":"Chronic kidney disease"},{"code":"10063057","display":"Cystitis noninfective"},{"code":"10013990","display":"Dysuria"},{"code":"10068405","display":"Glucosuria"},{"code":"10019450","display":"Hematuria"},{"code":"10019489","display":"Hemoglobinuria"},{"code":"10029164","display":"Nephrotic syndrome"},{"code":"10037032","display":"Proteinuria"},{"code":"10038359","display":"Renal and urinary disorders - Other, specify"},{"code":"10038385","display":"Renal calculi"},{"code":"10038419","display":"Renal colic"},{"code":"10038463","display":"Renal hemorrhage"},{"code":"10065368","display":"Urinary fistula"},{"code":"10046539","display":"Urinary frequency"},{"code":"10046543","display":"Urinary incontinence"},{"code":"10046555","display":"Urinary retention"},{"code":"10061574","display":"Urinary tract obstruction"},{"code":"10062225","display":"Urinary tract pain"},{"code":"10046593","display":"Urinary urgency"},{"code":"10046628","display":"Urine discoloration"},{"code":"10001927","display":"Amenorrhea"},{"code":"10003883","display":"Azoospermia"},{"code":"10006179","display":"Breast atrophy"},{"code":"10006298","display":"Breast pain"},{"code":"10013934","display":"Dysmenorrhea"},{"code":"10013941","display":"Dyspareunia"},{"code":"10014326","display":"Ejaculation disorder"},{"code":"10061461","display":"Erectile dysfunction"},{"code":"10065789","display":"Fallopian tube obstruction"},{"code":"10054382","display":"Feminization acquired"},{"code":"10018146","display":"Genital edema"},{"code":"10018801","display":"Gynecomastia"},{"code":"10060602","display":"Hematosalpinx"},{"code":"10022992","display":"Irregular menstruation"},{"code":"10061261","display":"Lactation disorder"},{"code":"10027313","display":"Menorrhagia"},{"code":"10065823","display":"Nipple deformity"},{"code":"10030300","display":"Oligospermia"},{"code":"10065763","display":"Ovarian hemorrhage"},{"code":"10033279","display":"Ovarian rupture"},{"code":"10033314","display":"Ovulation pain"},{"code":"10064026","display":"Pelvic floor muscle weakness"},{"code":"10034263","display":"Pelvic pain"},{"code":"10034310","display":"Penile pain"},{"code":"10061339","display":"Perineal pain"},{"code":"10036601","display":"Premature menopause"},{"code":"10055325","display":"Prostatic hemorrhage"},{"code":"10055026","display":"Prostatic obstruction"},{"code":"10036968","display":"Prostatic pain"},{"code":"10038604","display":"Reproductive system and breast disorders - Other, specify"},{"code":"10039757","display":"Scrotal pain"},{"code":"10065762","display":"Spermatic cord hemorrhage"},{"code":"10065805","display":"Spermatic cord obstruction"},{"code":"10043306","display":"Testicular disorder"},{"code":"10055347","display":"Testicular hemorrhage"},{"code":"10043345","display":"Testicular pain"},{"code":"10065811","display":"Uterine fistula"},{"code":"10046789","display":"Uterine hemorrhage"},{"code":"10065928","display":"Uterine obstruction"},{"code":"10046809","display":"Uterine pain"},{"code":"10046901","display":"Vaginal discharge"},{"code":"10046904","display":"Vaginal dryness"},{"code":"10065813","display":"Vaginal fistula"},{"code":"10046912","display":"Vaginal hemorrhage"},{"code":"10046916","display":"Vaginal inflammation"},{"code":"10065817","display":"Vaginal obstruction"},{"code":"10046937","display":"Vaginal pain"},{"code":"10065818","display":"Vaginal perforation"},{"code":"10053496","display":"Vaginal stricture"},{"code":"10001409","display":"Adult respiratory distress syndrome"},{"code":"10001723","display":"Allergic rhinitis"},{"code":"10002972","display":"Apnea"},{"code":"10003504","display":"Aspiration"},{"code":"10003598","display":"Atelectasis"},{"code":"10006437","display":"Bronchial fistula"},{"code":"10006440","display":"Bronchial obstruction"},{"code":"10063524","display":"Bronchial stricture"},{"code":"10053481","display":"Bronchopleural fistula"},{"code":"10065746","display":"Bronchopulmonary hemorrhage"},{"code":"10006482","display":"Bronchospasm"},{"code":"10051228","display":"Chylothorax"},{"code":"10011224","display":"Cough"},{"code":"10013963","display":"Dyspnea"},{"code":"10015090","display":"Epistaxis"},{"code":"10020039","display":"Hiccups"},{"code":"10020201","display":"Hoarseness"},{"code":"10021143","display":"Hypoxia"},{"code":"10023838","display":"Laryngeal edema"},{"code":"10065786","display":"Laryngeal fistula"},{"code":"10065759","display":"Laryngeal hemorrhage"},{"code":"10065735","display":"Laryngeal inflammation"},{"code":"10065880","display":"Laryngeal mucositis"},{"code":"10059639","display":"Laryngeal obstruction"},{"code":"10023862","display":"Laryngeal stenosis"},{"code":"10062667","display":"Laryngopharyngeal dysesthesia"},{"code":"10023891","display":"Laryngospasm"},{"code":"10056356","display":"Mediastinal hemorrhage"},{"code":"10028735","display":"Nasal congestion"},{"code":"10068319","display":"Oropharyngeal pain"},{"code":"10034825","display":"Pharyngeal fistula"},{"code":"10055315","display":"Pharyngeal hemorrhage"},{"code":"10065881","display":"Pharyngeal mucositis"},{"code":"10065706","display":"Pharyngeal necrosis"},{"code":"10050028","display":"Pharyngeal stenosis"},{"code":"10034844","display":"Pharyngolaryngeal pain"},{"code":"10035598","display":"Pleural effusion"},{"code":"10055319","display":"Pleural hemorrhage"},{"code":"10035623","display":"Pleuritic pain"},{"code":"10035742","display":"Pneumonitis"},{"code":"10035759","display":"Pneumothorax"},{"code":"10036402","display":"Postnasal drip"},{"code":"10036790","display":"Productive cough"},{"code":"10037375","display":"Pulmonary edema"},{"code":"10037383","display":"Pulmonary fibrosis"},{"code":"10065873","display":"Pulmonary fistula"},{"code":"10037400","display":"Pulmonary hypertension"},{"code":"10038695","display":"Respiratory failure"},{"code":"10038738","display":"Respiratory, thoracic and mediastinal disorders - Other, specify"},{"code":"10038921","display":"Retinoic acid syndrome"},{"code":"10039100","display":"Rhinorrhea"},{"code":"10062244","display":"Sinus disorder"},{"code":"10040747","display":"Sinus pain"},{"code":"10040975","display":"Sleep apnea"},{"code":"10041232","display":"Sneezing"},{"code":"10041367","display":"Sore throat"},{"code":"10042241","display":"Stridor"},{"code":"10065787","display":"Tracheal fistula"},{"code":"10065900","display":"Tracheal mucositis"},{"code":"10050816","display":"Tracheal stenosis"},{"code":"10047681","display":"Voice alteration"},{"code":"10047924","display":"Wheezing"},{"code":"10001760","display":"Alopecia"},{"code":"10005901","display":"Body odor"},{"code":"10006556","display":"Bullous dermatitis"},{"code":"10013786","display":"Dry skin"},{"code":"10014184","display":"Eczema"},{"code":"10015218","display":"Erythema multiforme"},{"code":"10015277","display":"Erythroderma"},{"code":"10016241","display":"Fat atrophy"},{"code":"10055525","display":"Hair color changes"},{"code":"10019049","display":"Hair texture abnormal"},{"code":"10020112","display":"Hirsutism"},{"code":"10020642","display":"Hyperhidrosis"},{"code":"10020649","display":"Hyperkeratosis"},{"code":"10020864","display":"Hypertrichosis"},{"code":"10021013","display":"Hypohidrosis"},{"code":"10062315","display":"Lipohypertrophy"},{"code":"10028689","display":"Nail changes"},{"code":"10028691","display":"Nail discoloration"},{"code":"10049281","display":"Nail loss"},{"code":"10062283","display":"Nail ridging"},{"code":"10033474","display":"Pain of skin"},{"code":"10054524","display":"Palmar-plantar erythrodysesthesia syndrome"},{"code":"10034966","display":"Photosensitivity"},{"code":"10037087","display":"Pruritus"},{"code":"10037549","display":"Purpura"},{"code":"10037847","display":"Rash acneiform"},{"code":"10037868","display":"Rash maculo-papular"},{"code":"10049120","display":"Scalp pain"},{"code":"10040785","display":"Skin and subcutaneous tissue disorders - Other, specify"},{"code":"10040799","display":"Skin atrophy"},{"code":"10040865","display":"Skin hyperpigmentation"},{"code":"10040868","display":"Skin hypopigmentation"},{"code":"10051837","display":"Skin induration"},{"code":"10040947","display":"Skin ulceration"},{"code":"10042033","display":"Stevens-Johnson syndrome"},{"code":"10042344","display":"Subcutaneous emphysema"},{"code":"10043189","display":"Telangiectasia"},{"code":"10044223","display":"Toxic epidermal necrolysis"},{"code":"10046735","display":"Urticaria"},{"code":"10041244","display":"Social circumstances - Other, specify"},{"code":"10042613","display":"Surgical and medical procedures - Other, specify"},{"code":"10073529","display":"Arterial thromboembolism"},{"code":"10007196","display":"Capillary leak syndrome"},{"code":"10016825","display":"Flushing"},{"code":"10019428","display":"Hematoma"},{"code":"10020407","display":"Hot flashes"},{"code":"10020772","display":"Hypertension"},{"code":"10021097","display":"Hypotension"},{"code":"10065773","display":"Lymph leakage"},{"code":"10025233","display":"Lymphedema"},{"code":"10048642","display":"Lymphocele"},{"code":"10034578","display":"Peripheral ischemia"},{"code":"10034879","display":"Phlebitis"},{"code":"10042554","display":"Superficial thrombophlebitis"},{"code":"10042569","display":"Superior vena cava syndrome"},{"code":"10043565","display":"Thromboembolic event"},{"code":"10047065","display":"Vascular disorders - Other, specify"},{"code":"10047115","display":"Vasculitis"}]}]}}