{"resourceType":"ValueSet","id":"BiologicalSampleOrigin","text":{"status":"generated","div":"<div xmlns=\"http://www.w3.org/1999/xhtml\"><p>This value set includes codes based on the following rules:</p><ul><li>Include these codes as defined in <code>https://github.com/siric-osiris/OSIRIS</code><table class=\"none\"><tr><td style=\"white-space:nowrap\"><b>Code</b></td><td><b>Display</b></td></tr><tr><td>O59-1</td><td>Normal</td></tr><tr><td>O59-2</td><td>Tumoral</td></tr></table></li><li>Include these codes as defined in <a href=\"http://terminology.hl7.org/5.5.0/CodeSystem-umls.html\"><code>http://terminology.hl7.org/CodeSystem/umls</code></a><table class=\"none\"><tr><td style=\"white-space:nowrap\"><b>Code</b></td><td><b>Display</b></td></tr><tr><td>C0439673</td><td>Unknown</td></tr></table></li></ul></div>"},"url":"https://build.fhir.org/ig/arkhn/arkhn-ig-osiris/ValueSet/BiologicalSampleOrigin","version":"2.1.0","name":"BiologicalSampleOrigin","title":"Biological Sample Origin Value Set","status":"draft","date":"2024-05-13T13:56:11+00:00","publisher":"Arkhn","contact":[{"name":"Arkhn","telecom":[{"system":"url","value":"http://arkhn.com"},{"system":"email","value":"contact@arkhn.com"}]},{"name":"Nicolas Riss","telecom":[{"system":"email","value":"nicolas@arkhn.com"}]}],"description":"Biological sample origin","compose":{"include":[{"system":"https://github.com/siric-osiris/OSIRIS","concept":[{"code":"O59-1","display":"Normal"},{"code":"O59-2","display":"Tumoral"}]},{"system":"http://terminology.hl7.org/CodeSystem/umls","concept":[{"code":"C0439673","display":"Unknown"}]}]}}