{"resourceType":"ValueSet","id":"VSLocalizationMethod","text":{"status":"generated","div":"<div xmlns=\"http://www.w3.org/1999/xhtml\"><p>This value set includes codes based on the following rules:</p><ul/></div>"},"url":"https://build.fhir.org/ig/arkhn/arkhn-ig-osiris/ValueSet/VSLocalizationMethod","version":"2.1.0","name":"VSLocalizationMethod","title":"Localization Method Value Set","status":"draft","date":"2024-05-15T14:17:55+00:00","publisher":"Arkhn","contact":[{"name":"Arkhn","telecom":[{"system":"url","value":"http://arkhn.com"},{"system":"email","value":"contact@arkhn.com"}]},{"name":"Nicolas Riss","telecom":[{"system":"email","value":"nicolas@arkhn.com"}]}],"description":"Localization Method"}