{"resourceType":"ValueSet","id":"vs-radiotherapy-termination-reason","text":{"status":"generated","div":"<div xmlns=\"http://www.w3.org/1999/xhtml\"><p class=\"res-header-id\"><b>Generated Narrative: ValueSet vs-radiotherapy-termination-reason</b></p><a name=\"vs-radiotherapy-termination-reason\"> </a><a name=\"hcvs-radiotherapy-termination-reason\"> </a><a name=\"vs-radiotherapy-termination-reason-en-US\"> </a><ul><li>Include these codes as defined in <a href=\"http://www.snomed.org/\"><code>http://snomed.info/sct</code></a><table class=\"none\"><tr><td style=\"white-space:nowrap\"><b>Code</b></td><td><b>Display</b></td></tr><tr><td><a href=\"CodeSystem-SnomedCS.html#SnomedCS-182992009\">182992009</a></td><td>Treatment completed (situation)</td></tr><tr><td><a href=\"CodeSystem-SnomedCS.html#SnomedCS-266721009\">266721009</a></td><td>No response to treatment (situation)</td></tr><tr><td><a href=\"CodeSystem-SnomedCS.html#SnomedCS-407563006\">407563006</a></td><td>Treatment not tolerated (situation)</td></tr><tr><td><a href=\"CodeSystem-SnomedCS.html#SnomedCS-160932005\">160932005</a></td><td>Financial problem (finding)</td></tr><tr><td><a href=\"CodeSystem-SnomedCS.html#SnomedCS-105480006\">105480006</a></td><td>Refusal of treatment by patient (situation)</td></tr><tr><td><a href=\"CodeSystem-SnomedCS.html#SnomedCS-184081006\">184081006</a></td><td>Patient has moved away (finding)</td></tr><tr><td><a href=\"CodeSystem-SnomedCS.html#SnomedCS-309846006\">309846006</a></td><td>Treatment not available (situation)</td></tr><tr><td><a href=\"CodeSystem-SnomedCS.html#SnomedCS-399307001\">399307001</a></td><td>Lost to follow-up (finding)</td></tr><tr><td><a href=\"CodeSystem-SnomedCS.html#SnomedCS-419620001\">419620001</a></td><td>Death (event)</td></tr></table></li></ul></div>"},"url":"https://ig-osiris.cancer.fr/ig/osiris/ValueSet/vs-radiotherapy-termination-reason","version":"1.1.0","name":"VSRadiotherapyTerminationReason","title":"Radiotherapy Termination Reason","status":"draft","date":"2025-04-16T19:28:51+00:00","publisher":"institutcancer","contact":[{"name":"institutcancer","telecom":[{"system":"url","value":"http://cancer.fr"},{"system":"email","value":"osiris@institutcancer.fr"}]},{"name":"Aurélien JOBARD","telecom":[{"system":"email","value":"osiris@institutcancer.fr"}]}],"description":"Radiotherapy Termination Reason","compose":{"include":[{"system":"http://snomed.info/sct","concept":[{"code":"182992009","display":"Treatment completed (situation)"},{"code":"266721009","display":"No response to treatment (situation)"},{"code":"407563006","display":"Treatment not tolerated (situation)"},{"code":"160932005","display":"Financial problem (finding)"},{"code":"105480006","display":"Refusal of treatment by patient (situation)"},{"code":"184081006","display":"Patient has moved away (finding)"},{"code":"309846006","display":"Treatment not available (situation)"},{"code":"399307001","display":"Lost to follow-up (finding)"},{"code":"419620001","display":"Death (event)"}]}]}}