{"resourceType":"ValueSet","id":"GeneticMaterial","text":{"status":"generated","div":"<div xmlns=\"http://www.w3.org/1999/xhtml\"><p class=\"res-header-id\"><b>Generated Narrative: ValueSet GeneticMaterial</b></p><a name=\"GeneticMaterial\"> </a><a name=\"hcGeneticMaterial\"> </a><a name=\"GeneticMaterial-en-US\"> </a><p>This value set includes codes based on the following rules:</p><ul><li>Import all the codes that are contained in <a href=\"http://tx.fhir.org/r4/ValueSet/35d6a08a-0d04-4dd6-8fea-c80c44b510bc\">LOINCAnswerListLL2938_0</a></li><li>Include these codes as defined in <code>https://github.com/siric-osiris/OSIRIS</code><table class=\"none\"><tr><td style=\"white-space:nowrap\"><b>Code</b></td><td><b>Display</b></td></tr><tr><td>O19-1</td><td>MT</td></tr><tr><td>O19-2</td><td>viral</td></tr><tr><td>O19-3</td><td>bacterial</td></tr></table></li><li>Include these codes as defined in <a href=\"http://terminology.hl7.org/6.2.0/CodeSystem-umls.html\"><code>http://terminology.hl7.org/CodeSystem/umls</code></a><table class=\"none\"><tr><td style=\"white-space:nowrap\"><b>Code</b></td><td><b>Display</b></td></tr><tr><td>C0439673</td><td>Unknown</td></tr></table></li></ul></div>"},"url":"https://ig-osiris.cancer.fr/ig/osiris/ValueSet/GeneticMaterial","version":"1.1.0","name":"GeneticMaterial","title":"GeneticMaterial","status":"draft","date":"2025-04-16T19:28:51+00:00","publisher":"institutcancer","contact":[{"name":"institutcancer","telecom":[{"system":"url","value":"http://cancer.fr"},{"system":"email","value":"osiris@institutcancer.fr"}]},{"name":"Aurélien JOBARD","telecom":[{"system":"email","value":"osiris@institutcancer.fr"}]}],"description":"Genetic material","compose":{"include":[{"valueSet":["http://loinc.org/vs/LL2938-0"]},{"system":"https://github.com/siric-osiris/OSIRIS","concept":[{"code":"O19-1","display":"MT"},{"code":"O19-2","display":"viral"},{"code":"O19-3","display":"bacterial"}]},{"system":"http://terminology.hl7.org/CodeSystem/umls","concept":[{"code":"C0439673","display":"Unknown"}]}]}}