{
  "resourceType" : "ImagingStudy",
  "id" : "fhir-osiris-example-imagingstudy-mri",
  "meta" : {
    "profile" : ["https://ig-osiris.cancer.fr/ig/osiris/StructureDefinition/onco-imagingstudy"]
  },
  "text" : {
    "status" : "extensions",
    "div" : "<div xmlns=\"http://www.w3.org/1999/xhtml\"><p class=\"res-header-id\"><b>Generated Narrative: ImagingStudy fhir-osiris-example-imagingstudy-mri</b></p><a name=\"fhir-osiris-example-imagingstudy-mri\"> </a><a name=\"hcfhir-osiris-example-imagingstudy-mri\"> </a><a name=\"fhir-osiris-example-imagingstudy-mri-en-US\"> </a><div style=\"display: inline-block; background-color: #d9e0e7; padding: 6px; margin: 4px; border: 1px solid #8da1b4; border-radius: 5px; line-height: 60%\"><p style=\"margin-bottom: 0px\"/><p style=\"margin-bottom: 0px\">Profile: <a href=\"StructureDefinition-onco-imagingstudy.html\">Imaging Study</a></p></div><p><b>identifier</b>: 1.2.840.113654.2.70.1.264191517102522984763858507036706241396</p><p><b>status</b>: Available</p><p><b>modality</b>: <a href=\"http://terminology.hl7.org/6.2.0/CodeSystem-umls.html#umls-C0439673\">Unified Medical Language System C0439673</a>: C0439673</p><p><b>subject</b>: <a href=\"Patient-24.html\">Anonymous Patient Unknown, DoB: 1000-01-01</a></p><p><b>started</b>: 2008-05-17</p><p><b>endpoint</b>: <a href=\"Endpoint-fhir-osiris-example-imagingendpoint-mr.html\">Endpoint ['set_osiris/Sein/DICOM/1.2.840.113654.2.70.1.208881666336949156802141584133456920873.dcm']</a></p><p><b>numberOfSeries</b>: 999999</p><p><b>reasonReference</b>: <a href=\"Observation-fhir-osiris-example-analysis-mr.html\">Observation Imaging</a></p><p><b>description</b>: Unknown</p><blockquote><p><b>series</b></p><blockquote><p><b>Imaging Settings</b></p><blockquote><p><b>url</b></p>slice_thickness</blockquote><p><b>value</b>: 2</p><blockquote><p><b>url</b></p>pixel_spacing</blockquote><p><b>value</b>: [0.75, 0.75]</p><blockquote><p><b>url</b></p>rows</blockquote><p><b>value</b>: 480</p><blockquote><p><b>url</b></p>columns</blockquote><p><b>value</b>: 480</p><p><b>sequence_name</b>: Unknown</p><p><b>magnetic_field_strength</b>: 1.5</p><p><b>mr_acquisition_type</b>: 3D</p><p><b>repetition_time</b>: 5.49580001831054</p><p><b>echo_time</b>: 2.73</p><p><b>imaging_frequency</b>: 63.877401</p><p><b>flip_angle</b>: 999999</p><p><b>inversion_time</b>: 999999</p><p><b>receive_coil_name</b>: SENSE-Breast16M</p><blockquote><p><b>url</b></p>mr_image</blockquote></blockquote><blockquote><p><b>Weight and Height at the time of the Serie</b></p><ul><li>patient_weight: 90</li><li>patient_height: 999999</li></ul></blockquote><p><b>uid</b>: 1.2.840.113654.2.70.1.113529323909702015163602886063558263046</p><p><b>number</b>: 604</p><p><b>modality</b>: dicom MR: MR</p><p><b>description</b>: sFRAME 3</p><p><b>numberOfInstances</b>: 999999</p><p><b>bodySite</b>: <a href=\"http://snomed.info/id/76752008\">SNOMED CT 76752008</a>: Breast</p><p><b>started</b>: 2008-05-17</p><h3>Performers</h3><table class=\"grid\"><tr><td style=\"display: none\">-</td><td><b>Actor</b></td></tr><tr><td style=\"display: none\">*</td><td><a href=\"Device-fhir-osiris-example-imagingdevice-mr.html\">Device: manufacturer = Philips Medical Systems</a></td></tr></table><h3>Instances</h3><table class=\"grid\"><tr><td style=\"display: none\">-</td><td><b>Uid</b></td><td><b>SopClass</b></td></tr><tr><td style=\"display: none\">*</td><td>1.2.840.113654.2.70.1.208881666336949156802141584133456920873</td><td>[not stated] table_B.5-1#1.2.840.10008.5.1.4.1.1.4: MR Image Storage</td></tr></table></blockquote></div>"
  },
  "identifier" : [{
    "value" : "1.2.840.113654.2.70.1.264191517102522984763858507036706241396"
  }],
  "status" : "available",
  "modality" : [{
    "system" : "http://terminology.hl7.org/CodeSystem/umls",
    "code" : "C0439673"
  }],
  "subject" : {
    "reference" : "Patient/24"
  },
  "started" : "2008-05-17",
  "endpoint" : [{
    "reference" : "Endpoint/fhir-osiris-example-imagingendpoint-mr"
  }],
  "numberOfSeries" : 999999,
  "reasonReference" : [{
    "reference" : "Observation/fhir-osiris-example-analysis-mr"
  }],
  "description" : "Unknown",
  "series" : [{
    "extension" : [{
      "extension" : [{
        "url" : "slice_thickness",
        "valueString" : "2"
      },
      {
        "url" : "pixel_spacing",
        "valueString" : "[0.75, 0.75]"
      },
      {
        "url" : "rows",
        "valueInteger" : 480
      },
      {
        "url" : "columns",
        "valueInteger" : 480
      },
      {
        "extension" : [{
          "url" : "sequence_name",
          "valueString" : "Unknown"
        },
        {
          "url" : "magnetic_field_strength",
          "valueDecimal" : 1.5
        },
        {
          "url" : "mr_acquisition_type",
          "valueString" : "3D"
        },
        {
          "url" : "repetition_time",
          "valueDecimal" : 5.49580001831054
        },
        {
          "url" : "echo_time",
          "valueDecimal" : 2.73
        },
        {
          "url" : "imaging_frequency",
          "valueDecimal" : 63.877401
        },
        {
          "url" : "flip_angle",
          "valueDecimal" : 999999
        },
        {
          "url" : "inversion_time",
          "valueDecimal" : 999999
        },
        {
          "url" : "receive_coil_name",
          "valueString" : "SENSE-Breast16M"
        }],
        "url" : "mr_image"
      }],
      "url" : "https://ig-osiris.cancer.fr/ig/osiris/StructureDefinition/imaging-settings"
    },
    {
      "extension" : [{
        "url" : "patient_weight",
        "valueDecimal" : 90
      },
      {
        "url" : "patient_height",
        "valueDecimal" : 999999
      }],
      "url" : "https://ig-osiris.cancer.fr/ig/osiris/StructureDefinition/series-weightheigt"
    }],
    "uid" : "1.2.840.113654.2.70.1.113529323909702015163602886063558263046",
    "number" : 604,
    "modality" : {
      "system" : "https://dicom.nema.org/medical/dicom",
      "code" : "MR"
    },
    "description" : "sFRAME 3",
    "numberOfInstances" : 999999,
    "bodySite" : {
      "system" : "http://snomed.info/sct",
      "code" : "76752008"
    },
    "started" : "2008-05-17",
    "performer" : [{
      "actor" : {
        "reference" : "Device/fhir-osiris-example-imagingdevice-mr"
      }
    }],
    "instance" : [{
      "uid" : "1.2.840.113654.2.70.1.208881666336949156802141584133456920873",
      "sopClass" : {
        "code" : "table_B.5-1#1.2.840.10008.5.1.4.1.1.4",
        "display" : "MR Image Storage"
      }
    }]
  }]
}