{
  "resourceType" : "Observation",
  "id" : "fhir-osiris-example-analysis-clinical",
  "meta" : {
    "profile" : ["https://ig-osiris.cancer.fr/ig/osiris/StructureDefinition/analysis"]
  },
  "text" : {
    "status" : "generated",
    "div" : "<div xmlns=\"http://www.w3.org/1999/xhtml\"><p class=\"res-header-id\"><b>Generated Narrative: Observation fhir-osiris-example-analysis-clinical</b></p><a name=\"fhir-osiris-example-analysis-clinical\"> </a><a name=\"hcfhir-osiris-example-analysis-clinical\"> </a><a name=\"fhir-osiris-example-analysis-clinical-en-US\"> </a><div style=\"display: inline-block; background-color: #d9e0e7; padding: 6px; margin: 4px; border: 1px solid #8da1b4; border-radius: 5px; line-height: 60%\"><p style=\"margin-bottom: 0px\"/><p style=\"margin-bottom: 0px\">Profile: <a href=\"StructureDefinition-analysis.html\">Analysis</a></p></div><p><b>status</b>: Final</p><p><b>code</b>: <span title=\"Codes:{https://terminology.arkhn.com/osiris C37-3}\">Omic</span></p><p><b>subject</b>: <a href=\"Patient-L304.html\">Anonymous Patient Male, DoB: 1967-11-08</a></p><p><b>focus</b>: <a href=\"Condition-fhir-osiris-example-TumorPathologyEvent-instance-1.html\">Condition C0677930</a></p><p><b>effective</b>: 2018-02-07</p></div>"
  },
  "status" : "final",
  "code" : {
    "coding" : [{
      "system" : "https://terminology.arkhn.com/osiris",
      "code" : "C37-3"
    }]
  },
  "subject" : {
    "reference" : "Patient/L304"
  },
  "focus" : [{
    "reference" : "Condition/fhir-osiris-example-TumorPathologyEvent-instance-1"
  }],
  "effectiveDateTime" : "2018-02-07"
}