<?xml version="1.0" encoding="UTF-8"?>

<AdverseEvent xmlns="http://hl7.org/fhir">
  <id value="fhir-osiris-example-adverseevent-1"/>
  <meta>
    <profile value="https://ig-osiris.cancer.fr/ig/osiris/StructureDefinition/onco-adverse-event"/>
  </meta>
  <text>
    <status value="extensions"/><div xmlns="http://www.w3.org/1999/xhtml"><p class="res-header-id"><b>Generated Narrative: AdverseEvent fhir-osiris-example-adverseevent-1</b></p><a name="fhir-osiris-example-adverseevent-1"> </a><a name="hcfhir-osiris-example-adverseevent-1"> </a><a name="fhir-osiris-example-adverseevent-1-en-US"> </a><div style="display: inline-block; background-color: #d9e0e7; padding: 6px; margin: 4px; border: 1px solid #8da1b4; border-radius: 5px; line-height: 60%"><p style="margin-bottom: 0px"/><p style="margin-bottom: 0px">Profile: <a href="StructureDefinition-onco-adverse-event.html">Oncologic Adverse Event</a></p></div><p><b>Adverse Event End date</b>: 2007-07-10</p><p><b>actuality</b>: Adverse Event</p><p><b>event</b>: <span title="Codes:{http://terminology.hl7.org/CodeSystem/mdr 10019211}">10019211</span></p><p><b>subject</b>: <a href="Patient-L304.html">Anonymous Patient Male, DoB: 1967-11-08</a></p><p><b>date</b>: 2007-06-13</p><p><b>seriousness</b>: <span title="Codes:">C0439673</span></p><h3>SuspectEntities</h3><table class="grid"><tr><td style="display: none">-</td><td><b>Instance</b></td></tr><tr><td style="display: none">*</td><td><a href="MedicationStatement-fhir-osiris-example-oncomedicalstatement-1.html">MedicationStatement: status = unknown; medication[x] = c3564</a></td></tr></table><p><b>subjectMedicalHistory</b>: <a href="Condition-fhir-osiris-example-TumorPathologyEvent-instance-1.html">Condition C0677930</a></p></div>
  </text>
  <extension url="https://ig-osiris.cancer.fr/ig/osiris/StructureDefinition/adverse-event-end-date">
    <valueDateTime value="2007-07-10"/>
  </extension>
  <actuality value="actual"/>
  <event>
    <coding>
      <system value="http://terminology.hl7.org/CodeSystem/mdr"/>
      <code value="10019211"/>
    </coding>
  </event>
  <subject>
    <reference value="Patient/L304"/>
  </subject>
  <date value="2007-06-13"/>
  <seriousness>
    <coding>
      <code value="C0439673"/>
    </coding>
  </seriousness>
  <suspectEntity>
    <instance>
      <reference value="MedicationStatement/fhir-osiris-example-oncomedicalstatement-1"/>
    </instance>
  </suspectEntity>
  <subjectMedicalHistory>
    <reference value="Condition/fhir-osiris-example-TumorPathologyEvent-instance-1"/>
  </subjectMedicalHistory>
</AdverseEvent>