<?xml version="1.0" encoding="UTF-8"?>

<CarePlan xmlns="http://hl7.org/fhir">
  <id value="fhir-osiris-example-treatment-1"/>
  <meta>
    <profile value="https://ig-osiris.cancer.fr/ig/osiris/StructureDefinition/treatment"/>
  </meta>
  <text>
    <status value="extensions"/><div xmlns="http://www.w3.org/1999/xhtml"><p class="res-header-id"><b>Generated Narrative: CarePlan fhir-osiris-example-treatment-1</b></p><a name="fhir-osiris-example-treatment-1"> </a><a name="hcfhir-osiris-example-treatment-1"> </a><a name="fhir-osiris-example-treatment-1-en-US"> </a><div style="display: inline-block; background-color: #d9e0e7; padding: 6px; margin: 4px; border: 1px solid #8da1b4; border-radius: 5px; line-height: 60%"><p style="margin-bottom: 0px"/><p style="margin-bottom: 0px">Profile: <a href="StructureDefinition-treatment.html">Treatment</a></p></div><p><b>Treatment Line Number</b>: 2</p><p><b>status</b>: Unknown</p><p><b>intent</b>: Plan</p><p><b>category</b>: <span title="Codes:{http://terminology.hl7.org/CodeSystem/umls C0728940}">C0728940</span></p><p><b>subject</b>: <a href="Patient-L304.html">Anonymous Patient Male, DoB: 1967-11-08</a></p><p><b>period</b>: 2006-01-04 --&gt; 2006-11-23</p><blockquote><p><b>activity</b></p><h3>Details</h3><table class="grid"><tr><td style="display: none">-</td><td><b>ReasonReference</b></td><td><b>Status</b></td></tr><tr><td style="display: none">*</td><td><a href="Condition-fhir-osiris-example-TumorPathologyEvent-instance-1.html">Condition C0677930</a></td><td>Unknown</td></tr></table></blockquote></div>
  </text>
  <extension url="https://ig-osiris.cancer.fr/ig/osiris/StructureDefinition/treatment-line">
    <valueInteger value="2"/>
  </extension>
  <status value="unknown"/>
  <intent value="plan"/>
  <category>
    <coding>
      <system value="http://terminology.hl7.org/CodeSystem/umls"/>
      <code value="C0728940"/>
    </coding>
  </category>
  <subject>
    <reference value="Patient/L304"/>
  </subject>
  <period>
    <start value="2006-01-04"/>
    <end value="2006-11-23"/>
  </period>
  <activity>
    <detail>
      <reasonReference>
        <reference value="Condition/fhir-osiris-example-TumorPathologyEvent-instance-1"/>
      </reasonReference>
      <status value="unknown"/>
    </detail>
  </activity>
</CarePlan>