<?xml version="1.0" encoding="UTF-8"?>

<Condition xmlns="http://hl7.org/fhir">
  <id value="fhir-osiris-example-TumorPathologyEvent-instance-1"/>
  <meta>
    <profile value="https://ig-osiris.cancer.fr/ig/osiris/StructureDefinition/tumor-pathology-event"/>
  </meta>
  <text>
    <status value="extensions"/><div xmlns="http://www.w3.org/1999/xhtml"><p class="res-header-id"><b>Generated Narrative: Condition fhir-osiris-example-TumorPathologyEvent-instance-1</b></p><a name="fhir-osiris-example-TumorPathologyEvent-instance-1"> </a><a name="hcfhir-osiris-example-TumorPathologyEvent-instance-1"> </a><a name="fhir-osiris-example-TumorPathologyEvent-instance-1-en-US"> </a><div style="display: inline-block; background-color: #d9e0e7; padding: 6px; margin: 4px; border: 1px solid #8da1b4; border-radius: 5px; line-height: 60%"><p style="margin-bottom: 0px"/><p style="margin-bottom: 0px">Profile: <a href="StructureDefinition-tumor-pathology-event.html">Tumor Pathology Event</a></p></div><p><b>Laterality</b>: <span title="Codes:{http://terminology.hl7.org/CodeSystem/umls C0238767}">C0238767</span></p><p><b>code</b>: <span title="Codes:{http://terminology.hl7.org/CodeSystem/umls C0677930}">C0677930</span></p><p><b>bodySite</b>: <span title="Codes:">C00.8</span></p><p><b>subject</b>: <a href="Patient-L304.html">Anonymous Patient Male, DoB: 1967-11-08</a></p><p><b>onset</b>: 2005-11-17</p><p><b>recordedDate</b>: 2005-11-17</p><h3>Stages</h3><table class="grid"><tr><td style="display: none">-</td><td><b>Summary</b></td><td><b>Type</b></td></tr><tr><td style="display: none">*</td><td><span title="Codes:{http://terminology.hl7.org/CodeSystem/icd-o-3 8002/3}">8002/3</span></td><td><span title="Codes:{http://terminology.hl7.org/CodeSystem/umls 116676008}">116676008</span></td></tr></table></div>
  </text>
  <extension url="https://ig-osiris.cancer.fr/ig/osiris/StructureDefinition/laterality">
    <valueCodeableConcept>
      <coding>
        <system value="http://terminology.hl7.org/CodeSystem/umls"/>
        <code value="C0238767"/>
      </coding>
    </valueCodeableConcept>
  </extension>
  <code>
    <coding>
      <system value="http://terminology.hl7.org/CodeSystem/umls"/>
      <code value="C0677930"/>
    </coding>
  </code>
  <bodySite>
    <coding>
      <code value="C00.8"/>
    </coding>
  </bodySite>
  <subject>
    <reference value="Patient/L304"/>
  </subject>
  <onsetDateTime value="2005-11-17"/>
  <recordedDate value="2005-11-17"/>
  <stage>
    <summary>
      <coding>
        <system value="http://terminology.hl7.org/CodeSystem/icd-o-3"/>
        <code value="8002/3"/>
      </coding>
    </summary>
    <type>
      <coding>
        <system value="http://terminology.hl7.org/CodeSystem/umls"/>
        <code value="116676008"/>
      </coding>
    </type>
  </stage>
</Condition>