<?xml version="1.0" encoding="UTF-8"?>

<Consent xmlns="http://hl7.org/fhir">
  <id value="fhir-osiris-example-consent-2"/>
  <meta>
    <profile value="https://ig-osiris.cancer.fr/ig/osiris/StructureDefinition/genetic-consent"/>
  </meta>
  <text>
    <status value="generated"/><div xmlns="http://www.w3.org/1999/xhtml"><p class="res-header-id"><b>Generated Narrative: Consent fhir-osiris-example-consent-2</b></p><a name="fhir-osiris-example-consent-2"> </a><a name="hcfhir-osiris-example-consent-2"> </a><a name="fhir-osiris-example-consent-2-en-US"> </a><div style="display: inline-block; background-color: #d9e0e7; padding: 6px; margin: 4px; border: 1px solid #8da1b4; border-radius: 5px; line-height: 60%"><p style="margin-bottom: 0px"/><p style="margin-bottom: 0px">Profile: <a href="StructureDefinition-genetic-consent.html">Consent for Genetic Data Usage</a></p></div><p><b>status</b>: Active</p><p><b>scope</b>: <span title="Codes:{http://terminology.hl7.org/CodeSystem/consentscope patient-privacy}">Privacy Consent</span></p><p><b>category</b>: <span title="Codes:{http://terminology.hl7.org/CodeSystem/v3-ActCode RESEARCH}">research information access</span></p><p><b>patient</b>: <a href="Patient-L304.html">Anonymous Patient Male, DoB: 1967-11-08</a></p><p><b>dateTime</b>: 2000-11-16</p><blockquote><p><b>provision</b></p><p><b>type</b>: Opt Out</p><p><b>class</b>: <a href="http://hl7.org/fhir/R4/codesystem-resource-types.html#resource-types-MolecularSequence">ResourceType MolecularSequence</a>: MolecularSequence</p><h3>Data</h3><table class="grid"><tr><td style="display: none">-</td><td><b>Meaning</b></td><td><b>Reference</b></td></tr><tr><td style="display: none">*</td><td>Instance</td><td><a href="Specimen-fhir-osiris-example-biologicalsample-2.html">Specimen: extension = Tumoral,-&gt;Condition C0677930; identifier = ech 2; type = C1519524; condition = FFPE</a></td></tr></table></blockquote></div>
  </text>
  <status value="active"/>
  <scope>
    <coding>
      <system value="http://terminology.hl7.org/CodeSystem/consentscope"/>
      <code value="patient-privacy"/>
    </coding>
  </scope>
  <category>
    <coding>
      <system value="http://terminology.hl7.org/CodeSystem/v3-ActCode"/>
      <code value="RESEARCH"/>
    </coding>
  </category>
  <patient>
    <reference value="Patient/L304"/>
  </patient>
  <dateTime value="2000-11-16"/>
  <provision>
    <type value="deny"/>
    <class>
      <system value="http://hl7.org/fhir/resource-types"/>
      <code value="MolecularSequence"/>
    </class>
    <data>
      <meaning value="instance"/>
      <reference>
        <reference value="Specimen/fhir-osiris-example-biologicalsample-2"/>
      </reference>
    </data>
  </provision>
</Consent>