<?xml version="1.0" encoding="UTF-8"?>

<Device xmlns="http://hl7.org/fhir">
  <id value="fhir-osiris-example-imagingdevice-dx"/>
  <meta>
    <profile value="https://ig-osiris.cancer.fr/ig/osiris/StructureDefinition/imaging-device"/>
  </meta>
  <text>
    <status value="generated"/><div xmlns="http://www.w3.org/1999/xhtml"><p class="res-header-id"><b>Generated Narrative: Device fhir-osiris-example-imagingdevice-dx</b></p><a name="fhir-osiris-example-imagingdevice-dx"> </a><a name="hcfhir-osiris-example-imagingdevice-dx"> </a><a name="fhir-osiris-example-imagingdevice-dx-en-US"> </a><div style="display: inline-block; background-color: #d9e0e7; padding: 6px; margin: 4px; border: 1px solid #8da1b4; border-radius: 5px; line-height: 60%"><p style="margin-bottom: 0px"/><p style="margin-bottom: 0px">Profile: <a href="StructureDefinition-imaging-device.html">Imaging Device</a></p></div><p><b>manufacturer</b>: GE MEDICAL SYSTEMS</p><h3>DeviceNames</h3><table class="grid"><tr><td style="display: none">-</td><td><b>Name</b></td><td><b>Type</b></td></tr><tr><td style="display: none">*</td><td>Revolution XQi ADS_28.2	</td><td>Manufacturer name</td></tr></table><h3>Versions</h3><table class="grid"><tr><td style="display: none">-</td><td><b>Value</b></td></tr><tr><td style="display: none">*</td><td>Ads Application Package VERSION ADS_28.2</td></tr></table></div>
  </text>
  <manufacturer value="GE MEDICAL SYSTEMS"/>
  <deviceName>
    <name value="Revolution XQi ADS_28.2&#x9;"/>
    <type value="manufacturer-name"/>
  </deviceName>
  <version>
    <value value="Ads Application Package VERSION ADS_28.2"/>
  </version>
</Device>