<?xml version="1.0" encoding="UTF-8"?>

<ImagingStudy xmlns="http://hl7.org/fhir">
  <id value="fhir-osiris-example-imagingstudy-dx"/>
  <meta>
    <profile value="https://build.fhir.org/ig/arkhn/arkhn-ig-osiris/StructureDefinition/onco-imagingstudy"/>
  </meta>
  <text>
    <status value="extensions"/><div xmlns="http://www.w3.org/1999/xhtml"><p><b>Generated Narrative: ImagingStudy</b><a name="fhir-osiris-example-imagingstudy-dx"> </a><a name="hcfhir-osiris-example-imagingstudy-dx"> </a></p><div style="display: inline-block; background-color: #d9e0e7; padding: 6px; margin: 4px; border: 1px solid #8da1b4; border-radius: 5px; line-height: 60%"><p style="margin-bottom: 0px">ResourceImagingStudy &quot;fhir-osiris-example-imagingstudy-dx&quot; </p><p style="margin-bottom: 0px">Profile: <a href="StructureDefinition-onco-imagingstudy.html">Imaging Study</a></p></div><p><b>identifier</b>: 1.3.6.1.4.1.14519.5.2.1.6279.6001.175012972118199124641098335511</p><p><b>status</b>: available</p><p><b>modality</b>: C0439673 (Details: Unified Medical Language System code C0439673 = 'C0439673', stated as 'null')</p><p><b>subject</b>: <a href="Patient-LIDC-IDRI-0001.html">Patient/LIDC-IDRI-0001</a></p><p><b>started</b>: 2000-01-01</p><p><b>endpoint</b>: <a href="Endpoint-fhir-osiris-example-imagingendpoint-dx.html">Endpoint/fhir-osiris-example-imagingendpoint-dx</a> &quot;['Soft-tissue-Sarcoma/LIDC-IDRI-0001/01-01-2000-NA-NA-35511/3000923.000000-NA-62357/1-1.dcm']&quot;</p><p><b>numberOfSeries</b>: 999999</p><p><b>reasonReference</b>: <a href="Observation-fhir-osiris-example-analysis-dx.html">Observation/fhir-osiris-example-analysis-dx</a></p><p><b>description</b>: Unknown</p><blockquote><p><b>series</b></p><blockquote><p><b>Imaging Settings</b></p><blockquote><p><b>url</b></p><code>slice_thickness</code></blockquote><p><b>value</b>: Unknown</p><blockquote><p><b>url</b></p><code>pixel_spacing</code></blockquote><p><b>value</b>: Unknown</p><blockquote><p><b>url</b></p><code>rows</code></blockquote><p><b>value</b>: 2022</p><blockquote><p><b>url</b></p><code>columns</code></blockquote><p><b>value</b>: 2022</p><blockquote><p><b>url</b></p><code>dx_image</code></blockquote></blockquote><blockquote><p><b>Weight and Height at the time of the Serie</b></p><blockquote><p><b>url</b></p><code>patient_weight</code></blockquote><p><b>value</b>: 999999</p><blockquote><p><b>url</b></p><code>patient_height</code></blockquote><p><b>value</b>: 999999</p></blockquote><p><b>uid</b>: 1.3.6.1.4.1.14519.5.2.1.6279.6001.141365756818074696859567662357</p><p><b>number</b>: 3000923</p><p><b>modality</b>: DX (Details: dicom code DX = 'DX', stated as 'null')</p><p><b>description</b>: Unknown</p><p><b>numberOfInstances</b>: 999999</p><p><b>bodySite</b>: Thorax (Details: SNOWMED CT code 43799004 = 'Thorax', stated as 'null')</p><p><b>started</b>: 2000-01-01</p><h3>Performers</h3><table class="grid"><tr><td style="display: none">-</td><td><b>Actor</b></td></tr><tr><td style="display: none">*</td><td><a href="Device-fhir-osiris-example-imagingdevice-dx.html">Device/fhir-osiris-example-imagingdevice-dx</a></td></tr></table><h3>Instances</h3><table class="grid"><tr><td style="display: none">-</td><td><b>Uid</b></td><td><b>SopClass</b></td></tr><tr><td style="display: none">*</td><td>1.3.6.1.4.1.14519.5.2.1.6279.6001.307896144859643716158189196068</td><td>Digital X-Ray Image Storage - For Presentation (Details: [not stated] code table_B.5-1#1.2.840.10008.5.1.4.1.1.1.1 = 'table_B.5-1#1.2.840.10008.5.1.4.1.1.1.1', stated as 'Digital X-Ray Image Storage - For Presentation')</td></tr></table></blockquote></div>
  </text>
  <identifier>
    <value value="1.3.6.1.4.1.14519.5.2.1.6279.6001.175012972118199124641098335511"/>
  </identifier>
  <status value="available"/>
  <modality>
    <system value="http://terminology.hl7.org/CodeSystem/umls"/>
    <code value="C0439673"/>
  </modality>
  <subject>
    <reference value="Patient/LIDC-IDRI-0001"/>
  </subject>
  <started value="2000-01-01"/>
  <endpoint>
    <reference value="Endpoint/fhir-osiris-example-imagingendpoint-dx"/>
  </endpoint>
  <numberOfSeries value="999999"/>
  <reasonReference>
    <reference value="Observation/fhir-osiris-example-analysis-dx"/>
  </reasonReference>
  <description value="Unknown"/>
  <series>
    <extension url="https://build.fhir.org/ig/arkhn/arkhn-ig-osiris/StructureDefinition/imaging-settings">
      <extension url="slice_thickness">
        <valueString value="Unknown"/>
      </extension>
      <extension url="pixel_spacing">
        <valueString value="Unknown"/>
      </extension>
      <extension url="rows">
        <valueInteger value="2022"/>
      </extension>
      <extension url="columns">
        <valueInteger value="2022"/>
      </extension>
      <extension url="dx_image">
        <extension url="image_laterality">
          <valueString value="Unknown"/>
        </extension>
        <extension url="kvp">
          <valueInteger value="999999"/>
        </extension>
        <extension url="exposure">
          <valueInteger value="2"/>
        </extension>
        <extension url="exposure_time">
          <valueInteger value="7"/>
        </extension>
        <extension url="patient_orientation">
          <valueString value="['P', 'F']"/>
        </extension>
      </extension>
    </extension>
    <extension url="https://build.fhir.org/ig/arkhn/arkhn-ig-osiris/StructureDefinition/series-weightheigt">
      <extension url="patient_weight">
        <valueDecimal value="999999"/>
      </extension>
      <extension url="patient_height">
        <valueDecimal value="999999"/>
      </extension>
    </extension>
    <uid value="1.3.6.1.4.1.14519.5.2.1.6279.6001.141365756818074696859567662357"/>
    <number value="3000923"/>
    <modality>
      <system value="https://dicom.nema.org/medical/dicom"/>
      <code value="DX"/>
    </modality>
    <description value="Unknown"/>
    <numberOfInstances value="999999"/>
    <bodySite>
      <system value="http://snomed.info/sct"/>
      <code value="43799004"/>
    </bodySite>
    <started value="2000-01-01"/>
    <performer>
      <actor>
        <reference value="Device/fhir-osiris-example-imagingdevice-dx"/>
      </actor>
    </performer>
    <instance>
      <uid value="1.3.6.1.4.1.14519.5.2.1.6279.6001.307896144859643716158189196068"/>
      <sopClass>
        <code value="table_B.5-1#1.2.840.10008.5.1.4.1.1.1.1"/>
        <display value="Digital X-Ray Image Storage - For Presentation"/>
      </sopClass>
    </instance>
  </series>
</ImagingStudy>