<?xml version="1.0" encoding="UTF-8"?>

<ImagingStudy xmlns="http://hl7.org/fhir">
  <id value="fhir-osiris-example-imagingstudy-mri"/>
  <meta>
    <profile value="https://ig-osiris.cancer.fr/ig/osiris/StructureDefinition/onco-imagingstudy"/>
  </meta>
  <text>
    <status value="extensions"/><div xmlns="http://www.w3.org/1999/xhtml"><p class="res-header-id"><b>Generated Narrative: ImagingStudy fhir-osiris-example-imagingstudy-mri</b></p><a name="fhir-osiris-example-imagingstudy-mri"> </a><a name="hcfhir-osiris-example-imagingstudy-mri"> </a><a name="fhir-osiris-example-imagingstudy-mri-en-US"> </a><div style="display: inline-block; background-color: #d9e0e7; padding: 6px; margin: 4px; border: 1px solid #8da1b4; border-radius: 5px; line-height: 60%"><p style="margin-bottom: 0px"/><p style="margin-bottom: 0px">Profile: <a href="StructureDefinition-onco-imagingstudy.html">Imaging Study</a></p></div><p><b>identifier</b>: 1.2.840.113654.2.70.1.264191517102522984763858507036706241396</p><p><b>status</b>: Available</p><p><b>modality</b>: <a href="http://terminology.hl7.org/6.2.0/CodeSystem-umls.html#umls-C0439673">Unified Medical Language System C0439673</a>: C0439673</p><p><b>subject</b>: <a href="Patient-24.html">Anonymous Patient Unknown, DoB: 1000-01-01</a></p><p><b>started</b>: 2008-05-17</p><p><b>endpoint</b>: <a href="Endpoint-fhir-osiris-example-imagingendpoint-mr.html">Endpoint ['set_osiris/Sein/DICOM/1.2.840.113654.2.70.1.208881666336949156802141584133456920873.dcm']</a></p><p><b>numberOfSeries</b>: 999999</p><p><b>reasonReference</b>: <a href="Observation-fhir-osiris-example-analysis-mr.html">Observation Imaging</a></p><p><b>description</b>: Unknown</p><blockquote><p><b>series</b></p><blockquote><p><b>Imaging Settings</b></p><blockquote><p><b>url</b></p>slice_thickness</blockquote><p><b>value</b>: 2</p><blockquote><p><b>url</b></p>pixel_spacing</blockquote><p><b>value</b>: [0.75, 0.75]</p><blockquote><p><b>url</b></p>rows</blockquote><p><b>value</b>: 480</p><blockquote><p><b>url</b></p>columns</blockquote><p><b>value</b>: 480</p><p><b>sequence_name</b>: Unknown</p><p><b>magnetic_field_strength</b>: 1.5</p><p><b>mr_acquisition_type</b>: 3D</p><p><b>repetition_time</b>: 5.49580001831054</p><p><b>echo_time</b>: 2.73</p><p><b>imaging_frequency</b>: 63.877401</p><p><b>flip_angle</b>: 999999</p><p><b>inversion_time</b>: 999999</p><p><b>receive_coil_name</b>: SENSE-Breast16M</p><blockquote><p><b>url</b></p>mr_image</blockquote></blockquote><blockquote><p><b>Weight and Height at the time of the Serie</b></p><ul><li>patient_weight: 90</li><li>patient_height: 999999</li></ul></blockquote><p><b>uid</b>: 1.2.840.113654.2.70.1.113529323909702015163602886063558263046</p><p><b>number</b>: 604</p><p><b>modality</b>: dicom MR: MR</p><p><b>description</b>: sFRAME 3</p><p><b>numberOfInstances</b>: 999999</p><p><b>bodySite</b>: <a href="http://snomed.info/id/76752008">SNOMED CT 76752008</a>: Breast</p><p><b>started</b>: 2008-05-17</p><h3>Performers</h3><table class="grid"><tr><td style="display: none">-</td><td><b>Actor</b></td></tr><tr><td style="display: none">*</td><td><a href="Device-fhir-osiris-example-imagingdevice-mr.html">Device: manufacturer = Philips Medical Systems</a></td></tr></table><h3>Instances</h3><table class="grid"><tr><td style="display: none">-</td><td><b>Uid</b></td><td><b>SopClass</b></td></tr><tr><td style="display: none">*</td><td>1.2.840.113654.2.70.1.208881666336949156802141584133456920873</td><td>[not stated] table_B.5-1#1.2.840.10008.5.1.4.1.1.4: MR Image Storage</td></tr></table></blockquote></div>
  </text>
  <identifier>
    <value value="1.2.840.113654.2.70.1.264191517102522984763858507036706241396"/>
  </identifier>
  <status value="available"/>
  <modality>
    <system value="http://terminology.hl7.org/CodeSystem/umls"/>
    <code value="C0439673"/>
  </modality>
  <subject>
    <reference value="Patient/24"/>
  </subject>
  <started value="2008-05-17"/>
  <endpoint>
    <reference value="Endpoint/fhir-osiris-example-imagingendpoint-mr"/>
  </endpoint>
  <numberOfSeries value="999999"/>
  <reasonReference>
    <reference value="Observation/fhir-osiris-example-analysis-mr"/>
  </reasonReference>
  <description value="Unknown"/>
  <series>
    <extension url="https://ig-osiris.cancer.fr/ig/osiris/StructureDefinition/imaging-settings">
      <extension url="slice_thickness">
        <valueString value="2"/>
      </extension>
      <extension url="pixel_spacing">
        <valueString value="[0.75, 0.75]"/>
      </extension>
      <extension url="rows">
        <valueInteger value="480"/>
      </extension>
      <extension url="columns">
        <valueInteger value="480"/>
      </extension>
      <extension url="mr_image">
        <extension url="sequence_name">
          <valueString value="Unknown"/>
        </extension>
        <extension url="magnetic_field_strength">
          <valueDecimal value="1.5"/>
        </extension>
        <extension url="mr_acquisition_type">
          <valueString value="3D"/>
        </extension>
        <extension url="repetition_time">
          <valueDecimal value="5.49580001831054"/>
        </extension>
        <extension url="echo_time">
          <valueDecimal value="2.73"/>
        </extension>
        <extension url="imaging_frequency">
          <valueDecimal value="63.877401"/>
        </extension>
        <extension url="flip_angle">
          <valueDecimal value="999999"/>
        </extension>
        <extension url="inversion_time">
          <valueDecimal value="999999"/>
        </extension>
        <extension url="receive_coil_name">
          <valueString value="SENSE-Breast16M"/>
        </extension>
      </extension>
    </extension>
    <extension url="https://ig-osiris.cancer.fr/ig/osiris/StructureDefinition/series-weightheigt">
      <extension url="patient_weight">
        <valueDecimal value="90"/>
      </extension>
      <extension url="patient_height">
        <valueDecimal value="999999"/>
      </extension>
    </extension>
    <uid value="1.2.840.113654.2.70.1.113529323909702015163602886063558263046"/>
    <number value="604"/>
    <modality>
      <system value="https://dicom.nema.org/medical/dicom"/>
      <code value="MR"/>
    </modality>
    <description value="sFRAME 3"/>
    <numberOfInstances value="999999"/>
    <bodySite>
      <system value="http://snomed.info/sct"/>
      <code value="76752008"/>
    </bodySite>
    <started value="2008-05-17"/>
    <performer>
      <actor>
        <reference value="Device/fhir-osiris-example-imagingdevice-mr"/>
      </actor>
    </performer>
    <instance>
      <uid value="1.2.840.113654.2.70.1.208881666336949156802141584133456920873"/>
      <sopClass>
        <code value="table_B.5-1#1.2.840.10008.5.1.4.1.1.4"/>
        <display value="MR Image Storage"/>
      </sopClass>
    </instance>
  </series>
</ImagingStudy>