<?xml version="1.0" encoding="UTF-8"?>

<ImagingStudy xmlns="http://hl7.org/fhir">
  <id value="fhir-osiris-example-imagingstudy-mri-2"/>
  <meta>
    <profile value="https://ig-osiris.cancer.fr/ig/osiris/StructureDefinition/onco-imagingstudy"/>
  </meta>
  <text>
    <status value="extensions"/><div xmlns="http://www.w3.org/1999/xhtml"><p class="res-header-id"><b>Generated Narrative: ImagingStudy fhir-osiris-example-imagingstudy-mri-2</b></p><a name="fhir-osiris-example-imagingstudy-mri-2"> </a><a name="hcfhir-osiris-example-imagingstudy-mri-2"> </a><a name="fhir-osiris-example-imagingstudy-mri-2-en-US"> </a><div style="display: inline-block; background-color: #d9e0e7; padding: 6px; margin: 4px; border: 1px solid #8da1b4; border-radius: 5px; line-height: 60%"><p style="margin-bottom: 0px"/><p style="margin-bottom: 0px">Profile: <a href="StructureDefinition-onco-imagingstudy.html">Imaging Study</a></p></div><p><b>identifier</b>: 1.3.6.1.4.1.14519.5.2.1.5168.1900.293144742514571789106915674609	</p><p><b>status</b>: Available</p><p><b>modality</b>: <a href="http://terminology.hl7.org/6.2.0/CodeSystem-umls.html#umls-C0439673">Unified Medical Language System C0439673</a>: C0439673</p><p><b>subject</b>: <a href="Patient-STS-010.html">Anonymous Patient Unknown, DoB: 1000-01-01</a></p><p><b>started</b>: 2003-12-12</p><p><b>endpoint</b>: <a href="Endpoint-fhir-osiris-example-imagingendpoint-mr-2.html">Endpoint ['Soft-tissue-Sarcoma/STS_010/12-30-2003-NA-CT PET with registered MR-74609/90027.000000-AlignedSTIRtoPETBOX-01036/1-67.dcm']</a></p><p><b>numberOfSeries</b>: 999999</p><p><b>reasonReference</b>: <a href="Observation-fhir-osiris-example-analysis-mr-2.html">Observation Imaging</a></p><p><b>description</b>: CT PET with registered MR</p><blockquote><p><b>series</b></p><blockquote><p><b>Imaging Settings</b></p><blockquote><p><b>url</b></p>slice_thickness</blockquote><p><b>value</b>: 3.2699585</p><blockquote><p><b>url</b></p>pixel_spacing</blockquote><p><b>value</b>: [0.976562, 0.976562]</p><blockquote><p><b>url</b></p>rows</blockquote><p><b>value</b>: 123</p><blockquote><p><b>url</b></p>columns</blockquote><p><b>value</b>: 127</p><p><b>sequence_name</b>: Unknown</p><p><b>magnetic_field_strength</b>: 999999</p><p><b>mr_acquisition_type</b>: Unknown</p><p><b>repetition_time</b>: 999999</p><p><b>echo_time</b>: 999999</p><p><b>imaging_frequency</b>: 999999</p><p><b>flip_angle</b>: 999999</p><p><b>inversion_time</b>: 999999</p><p><b>receive_coil_name</b>: Unknown</p><blockquote><p><b>url</b></p>mr_image</blockquote></blockquote><blockquote><p><b>Weight and Height at the time of the Serie</b></p><ul><li>patient_weight: 65</li><li>patient_height: 999999</li></ul></blockquote><p><b>uid</b>: 1.3.6.1.4.1.14519.5.2.1.5168.1900.143977537292523598024281101036</p><p><b>number</b>: 90027</p><p><b>modality</b>: dicom MR: MR</p><p><b>description</b>: Aligned_STIRtoPET_BOX CT PET with registered MR</p><p><b>numberOfInstances</b>: 999999</p><p><b>bodySite</b>: <a href="http://snomed.info/id/76752008">SNOMED CT 76752008</a>: Breast</p><p><b>started</b>: 2003-12-12</p><h3>Performers</h3><table class="grid"><tr><td style="display: none">-</td><td><b>Actor</b></td></tr><tr><td style="display: none">*</td><td><a href="Device-fhir-osiris-example-imagingdevice-mr-2.html">Device: manufacturer = GE MEDICAL SYSTEMS / MIM Software	</a></td></tr></table><h3>Instances</h3><table class="grid"><tr><td style="display: none">-</td><td><b>Uid</b></td><td><b>SopClass</b></td></tr><tr><td style="display: none">*</td><td>1.3.6.1.4.1.14519.5.2.1.5168.1900.145447087104754814293313200434</td><td>[not stated] table_B.5-1#1.2.840.10008.5.1.4.1.1.4: MR Image Storage</td></tr></table></blockquote></div>
  </text>
  <identifier>
    <value value="1.3.6.1.4.1.14519.5.2.1.5168.1900.293144742514571789106915674609&#x9;"/>
  </identifier>
  <status value="available"/>
  <modality>
    <system value="http://terminology.hl7.org/CodeSystem/umls"/>
    <code value="C0439673"/>
  </modality>
  <subject>
    <reference value="Patient/STS-010"/>
  </subject>
  <started value="2003-12-12"/>
  <endpoint>
    <reference value="Endpoint/fhir-osiris-example-imagingendpoint-mr-2"/>
  </endpoint>
  <numberOfSeries value="999999"/>
  <reasonReference>
    <reference value="Observation/fhir-osiris-example-analysis-mr-2"/>
  </reasonReference>
  <description value="CT PET with registered MR"/>
  <series>
    <extension url="https://ig-osiris.cancer.fr/ig/osiris/StructureDefinition/imaging-settings">
      <extension url="slice_thickness">
        <valueString value="3.2699585"/>
      </extension>
      <extension url="pixel_spacing">
        <valueString value="[0.976562, 0.976562]"/>
      </extension>
      <extension url="rows">
        <valueInteger value="123"/>
      </extension>
      <extension url="columns">
        <valueInteger value="127"/>
      </extension>
      <extension url="mr_image">
        <extension url="sequence_name">
          <valueString value="Unknown"/>
        </extension>
        <extension url="magnetic_field_strength">
          <valueDecimal value="999999"/>
        </extension>
        <extension url="mr_acquisition_type">
          <valueString value="Unknown"/>
        </extension>
        <extension url="repetition_time">
          <valueDecimal value="999999"/>
        </extension>
        <extension url="echo_time">
          <valueDecimal value="999999"/>
        </extension>
        <extension url="imaging_frequency">
          <valueDecimal value="999999"/>
        </extension>
        <extension url="flip_angle">
          <valueDecimal value="999999"/>
        </extension>
        <extension url="inversion_time">
          <valueDecimal value="999999"/>
        </extension>
        <extension url="receive_coil_name">
          <valueString value="Unknown"/>
        </extension>
      </extension>
    </extension>
    <extension url="https://ig-osiris.cancer.fr/ig/osiris/StructureDefinition/series-weightheigt">
      <extension url="patient_weight">
        <valueDecimal value="65"/>
      </extension>
      <extension url="patient_height">
        <valueDecimal value="999999"/>
      </extension>
    </extension>
    <uid value="1.3.6.1.4.1.14519.5.2.1.5168.1900.143977537292523598024281101036"/>
    <number value="90027"/>
    <modality>
      <system value="https://dicom.nema.org/medical/dicom"/>
      <code value="MR"/>
    </modality>
    <description value="Aligned_STIRtoPET_BOX CT PET with registered MR"/>
    <numberOfInstances value="999999"/>
    <bodySite>
      <system value="http://snomed.info/sct"/>
      <code value="76752008"/>
    </bodySite>
    <started value="2003-12-12"/>
    <performer>
      <actor>
        <reference value="Device/fhir-osiris-example-imagingdevice-mr-2"/>
      </actor>
    </performer>
    <instance>
      <uid value="1.3.6.1.4.1.14519.5.2.1.5168.1900.145447087104754814293313200434"/>
      <sopClass>
        <code value="table_B.5-1#1.2.840.10008.5.1.4.1.1.4"/>
        <display value="MR Image Storage"/>
      </sopClass>
    </instance>
  </series>
</ImagingStudy>