<?xml version="1.0" encoding="UTF-8"?>

<Medication xmlns="http://hl7.org/fhir">
  <id value="fhir-osiris-example-injection-medication-pt-nm"/>
  <meta>
    <profile value="https://ig-osiris.cancer.fr/ig/osiris/StructureDefinition/onco-biological-contrast"/>
  </meta>
  <text>
    <status value="generated"/><div xmlns="http://www.w3.org/1999/xhtml"><p class="res-header-id"><b>Generated Narrative: Medication fhir-osiris-example-injection-medication-pt-nm</b></p><a name="fhir-osiris-example-injection-medication-pt-nm"> </a><a name="hcfhir-osiris-example-injection-medication-pt-nm"> </a><a name="fhir-osiris-example-injection-medication-pt-nm-en-US"> </a><div style="display: inline-block; background-color: #d9e0e7; padding: 6px; margin: 4px; border: 1px solid #8da1b4; border-radius: 5px; line-height: 60%"><p style="margin-bottom: 0px"/><p style="margin-bottom: 0px">Profile: <a href="StructureDefinition-onco-biological-contrast.html">Imaging Study Injection Contrast</a></p></div><p><b>code</b>: <span title="Codes:">FDG -- fluorodeoxyglucose</span></p></div>
  </text>
  <code>
    <text value="FDG -- fluorodeoxyglucose"/>
  </code>
</Medication>