<?xml version="1.0" encoding="UTF-8"?>

<Observation xmlns="http://hl7.org/fhir">
  <id value="fhir-osiris-example-biomarker"/>
  <meta>
    <profile value="https://ig-osiris.cancer.fr/ig/osiris/StructureDefinition/biomarker"/>
  </meta>
  <text>
    <status value="generated"/><div xmlns="http://www.w3.org/1999/xhtml"><p class="res-header-id"><b>Generated Narrative: Observation fhir-osiris-example-biomarker</b></p><a name="fhir-osiris-example-biomarker"> </a><a name="hcfhir-osiris-example-biomarker"> </a><a name="fhir-osiris-example-biomarker-en-US"> </a><div style="display: inline-block; background-color: #d9e0e7; padding: 6px; margin: 4px; border: 1px solid #8da1b4; border-radius: 5px; line-height: 60%"><p style="margin-bottom: 0px"/><p style="margin-bottom: 0px">Profile: <a href="StructureDefinition-biomarker.html">Biomarker</a></p></div><p><b>status</b>: Final</p><p><b>code</b>: <span title="Codes:">cg6548</span></p><p><b>subject</b>: <a href="Patient-L304.html">Anonymous Patient Male, DoB: 1967-11-08</a></p><p><b>value</b>: ++</p><p><b>derivedFrom</b>: <a href="Observation-fhir-osiris-example-analysis-clinical.html">Observation Omic</a></p></div>
  </text>
  <status value="final"/>
  <code>
    <coding>
      <code value="cg6548"/>
    </coding>
  </code>
  <subject>
    <reference value="Patient/L304"/>
  </subject>
  <valueString value="++"/>
  <derivedFrom>
    <reference value="Observation/fhir-osiris-example-analysis-clinical"/>
  </derivedFrom>
</Observation>