<?xml version="1.0" encoding="UTF-8"?>

<Observation xmlns="http://hl7.org/fhir">
  <id value="fhir-osiris-example-RadiomicsFeature"/>
  <meta>
    <profile value="https://ig-osiris.cancer.fr/ig/osiris/StructureDefinition/radiomics-features"/>
  </meta>
  <text>
    <status value="generated"/><div xmlns="http://www.w3.org/1999/xhtml"><p class="res-header-id"><b>Generated Narrative: Observation fhir-osiris-example-RadiomicsFeature</b></p><a name="fhir-osiris-example-RadiomicsFeature"> </a><a name="hcfhir-osiris-example-RadiomicsFeature"> </a><a name="fhir-osiris-example-RadiomicsFeature-en-US"> </a><div style="display: inline-block; background-color: #d9e0e7; padding: 6px; margin: 4px; border: 1px solid #8da1b4; border-radius: 5px; line-height: 60%"><p style="margin-bottom: 0px"/><p style="margin-bottom: 0px">Profile: <a href="StructureDefinition-radiomics-features.html">Radiomics Features</a></p></div><p><b>status</b>: Final</p><p><b>code</b>: <span title="Codes:">original_shape_Elongation</span></p><p><b>subject</b>: <a href="Patient-L304.html">Anonymous Patient Male, DoB: 1967-11-08</a></p><p><b>value</b>: 0.9124894758560576</p><p><b>hasMember</b>: <a href="Observation-fhir-osiris-example-RadiomicsCriteria.html">Observation Diagnostic imaging report - example sections and entries</a></p></div>
  </text>
  <status value="final"/>
  <code>
    <coding>
      <code value="Q3CK"/>
    </coding>
    <text value="original_shape_Elongation"/>
  </code>
  <subject>
    <reference value="Patient/L304"/>
  </subject>
  <valueQuantity>
    <value value="0.9124894758560576"/>
  </valueQuantity>
  <hasMember>
    <reference value="Observation/fhir-osiris-example-RadiomicsCriteria"/>
  </hasMember>
</Observation>