<?xml version="1.0" encoding="UTF-8"?>

<Observation xmlns="http://hl7.org/fhir">
  <id value="fhir-osiris-example-RadiomicsImageFilter"/>
  <meta>
    <profile value="https://ig-osiris.cancer.fr/ig/osiris/StructureDefinition/radiomics-Image-filters"/>
  </meta>
  <text>
    <status value="extensions"/><div xmlns="http://www.w3.org/1999/xhtml"><p class="res-header-id"><b>Generated Narrative: Observation fhir-osiris-example-RadiomicsImageFilter</b></p><a name="fhir-osiris-example-RadiomicsImageFilter"> </a><a name="hcfhir-osiris-example-RadiomicsImageFilter"> </a><a name="fhir-osiris-example-RadiomicsImageFilter-en-US"> </a><div style="display: inline-block; background-color: #d9e0e7; padding: 6px; margin: 4px; border: 1px solid #8da1b4; border-radius: 5px; line-height: 60%"><p style="margin-bottom: 0px"/><p style="margin-bottom: 0px">Profile: <a href="StructureDefinition-radiomics-Image-filters.html">Radiomics Image Filters</a></p></div><blockquote><p><b>Radiomics Image Filters Settings</b></p><blockquote><p><b>url</b></p>softwareName</blockquote><p><b>value</b>: PyRadiomics</p><blockquote><p><b>url</b></p>softwareVersion</blockquote><p><b>value</b>: v3.0.1</p><blockquote><p><b>url</b></p>filterMethod</blockquote><p><b>value</b>: mean</p><blockquote><p><b>url</b></p>filterType</blockquote><p><b>value</b>: 3D volume</p><blockquote><p><b>url</b></p>filterInterpolation</blockquote><p><b>value</b>: None</p><p><b>valueString</b>: linear</p><blockquote><p><b>url</b></p>intensityRounding</blockquote><blockquote><p><b>url</b></p>boundaryCondition</blockquote><p><b>value</b>: zero padding</p></blockquote><p><b>partOf</b>: <code>fhir-osiris-example-imagingstudy</code></p><p><b>status</b>: Final</p><p><b>code</b>: <span title="Codes:{http://loinc.org 85430-7}">Diagnostic imaging report - example sections and entries</span></p><p><b>subject</b>: <a href="Patient-L304.html">Anonymous Patient Male, DoB: 1967-11-08</a></p><p><b>note</b>: 1.3.12.2.1107.5.8.15.131606.30000020020620243975600000856</p></div>
  </text>
  <extension url="https://ig-osiris.cancer.fr/ig/osiris/StructureDefinition/radiomics-image-filters-settings">
    <extension url="softwareName">
      <valueString value="PyRadiomics"/>
    </extension>
    <extension url="softwareVersion">
      <valueString value="v3.0.1"/>
    </extension>
    <extension url="filterMethod">
      <valueString value="mean"/>
    </extension>
    <extension url="filterType">
      <valueString value="3D volume"/>
    </extension>
    <extension url="filterInterpolation">
      <valueString value="None"/>
    </extension>
    <extension url="intensityRounding">
      <extension url="valueString">
        <valueString value="linear"/>
      </extension>
      <extension url="code"/>
    </extension>
    <extension url="boundaryCondition">
      <valueString value="zero padding"/>
    </extension>
  </extension>
  <partOf>
    <reference value="fhir-osiris-example-imagingstudy"/>
  </partOf>
  <status value="final"/>
  <code>
    <coding>
      <system value="http://loinc.org"/>
      <code value="85430-7"/>
    </coding>
  </code>
  <subject>
    <reference value="Patient/L304"/>
  </subject>
  <note>
    <text value="1.3.12.2.1107.5.8.15.131606.30000020020620243975600000856"/>
  </note>
</Observation>