<?xml version="1.0" encoding="UTF-8"?>

<ValueSet xmlns="http://hl7.org/fhir">
  <id value="StorageTemperature"/>
  <text>
    <status value="generated"/><div xmlns="http://www.w3.org/1999/xhtml"><p>This value set includes codes based on the following rules:</p><ul><li>Include these codes as defined in <code>https://github.com/siric-osiris/OSIRIS</code><table class="none"><tr><td style="white-space:nowrap"><b>Code</b></td><td><b>Display</b></td></tr><tr><td>C60-1</td><td>Room temperature</td></tr><tr><td>C60-2</td><td>Between 2 °C and 10 °C</td></tr><tr><td>C60-3</td><td>Between -18 °C and -35 °C</td></tr><tr><td>C60-4</td><td>Between -60 °C and -85 °C</td></tr><tr><td>C60-5</td><td>Liquid nitrogen, -150 °C to -196 °C</td></tr><tr><td>C60-6</td><td>Other</td></tr></table></li><li>Include these codes as defined in <a href="http://terminology.hl7.org/5.5.0/CodeSystem-umls.html"><code>http://terminology.hl7.org/CodeSystem/umls</code></a><table class="none"><tr><td style="white-space:nowrap"><b>Code</b></td><td><b>Display</b></td></tr><tr><td>C0439673</td><td>Unknown</td></tr></table></li></ul></div>
  </text>
  <url value="https://build.fhir.org/ig/arkhn/arkhn-ig-osiris/ValueSet/StorageTemperature"/>
  <version value="2.1.0"/>
  <name value="StorageTemperature"/>
  <title value="Storage temperature Value Set"/>
  <status value="draft"/>
  <date value="2024-05-15T14:17:55+00:00"/>
  <publisher value="Arkhn"/>
  <contact>
    <name value="Arkhn"/>
    <telecom>
      <system value="url"/>
      <value value="http://arkhn.com"/>
    </telecom>
    <telecom>
      <system value="email"/>
      <value value="contact@arkhn.com"/>
    </telecom>
  </contact>
  <contact>
    <name value="Nicolas Riss"/>
    <telecom>
      <system value="email"/>
      <value value="nicolas@arkhn.com"/>
    </telecom>
  </contact>
  <description value="Sample storage temperature"/>
  <compose>
    <include>
      <system value="https://github.com/siric-osiris/OSIRIS"/>
      <concept>
        <code value="C60-1"/>
        <display value="Room temperature"/>
      </concept>
      <concept>
        <code value="C60-2"/>
        <display value="Between 2 °C and 10 °C"/>
      </concept>
      <concept>
        <code value="C60-3"/>
        <display value="Between -18 °C and -35 °C"/>
      </concept>
      <concept>
        <code value="C60-4"/>
        <display value="Between -60 °C and -85 °C"/>
      </concept>
      <concept>
        <code value="C60-5"/>
        <display value="Liquid nitrogen, -150 °C to -196 °C"/>
      </concept>
      <concept>
        <code value="C60-6"/>
        <display value="Other"/>
      </concept>
    </include>
    <include>
      <system value="http://terminology.hl7.org/CodeSystem/umls"/>
      <concept>
        <code value="C0439673"/>
        <display value="Unknown"/>
      </concept>
    </include>
  </compose>
</ValueSet>