<?xml version="1.0" encoding="UTF-8"?>

<ValueSet xmlns="http://hl7.org/fhir">
  <id value="vs-radiotherapy-termination-reason"/>
  <text>
    <status value="generated"/><div xmlns="http://www.w3.org/1999/xhtml"><ul><li>Include these codes as defined in <a href="http://www.snomed.org/"><code>http://snomed.info/sct</code></a><table class="none"><tr><td style="white-space:nowrap"><b>Code</b></td><td><b>Display</b></td></tr><tr><td><a href="CodeSystem-SnomedCS.html#SnomedCS-182992009">182992009</a></td><td>Treatment completed (situation)</td></tr><tr><td><a href="CodeSystem-SnomedCS.html#SnomedCS-266721009">266721009</a></td><td>No response to treatment (situation)</td></tr><tr><td><a href="CodeSystem-SnomedCS.html#SnomedCS-407563006">407563006</a></td><td>Treatment not tolerated (situation)</td></tr><tr><td><a href="CodeSystem-SnomedCS.html#SnomedCS-160932005">160932005</a></td><td>Financial problem (finding)</td></tr><tr><td><a href="CodeSystem-SnomedCS.html#SnomedCS-105480006">105480006</a></td><td>Refusal of treatment by patient (situation)</td></tr><tr><td><a href="CodeSystem-SnomedCS.html#SnomedCS-184081006">184081006</a></td><td>Patient has moved away (finding)</td></tr><tr><td><a href="CodeSystem-SnomedCS.html#SnomedCS-309846006">309846006</a></td><td>Treatment not available (situation)</td></tr><tr><td><a href="CodeSystem-SnomedCS.html#SnomedCS-399307001">399307001</a></td><td>Lost to follow-up (finding)</td></tr><tr><td><a href="CodeSystem-SnomedCS.html#SnomedCS-419620001">419620001</a></td><td>Death (event)</td></tr></table></li></ul></div>
  </text>
  <url value="https://build.fhir.org/ig/arkhn/arkhn-ig-osiris/ValueSet/vs-radiotherapy-termination-reason"/>
  <version value="2.1.0"/>
  <name value="VSRadiotherapyTerminationReason"/>
  <title value="Radiotherapy Termination Reason"/>
  <status value="draft"/>
  <date value="2024-05-15T14:17:55+00:00"/>
  <publisher value="Arkhn"/>
  <contact>
    <name value="Arkhn"/>
    <telecom>
      <system value="url"/>
      <value value="http://arkhn.com"/>
    </telecom>
    <telecom>
      <system value="email"/>
      <value value="contact@arkhn.com"/>
    </telecom>
  </contact>
  <contact>
    <name value="Nicolas Riss"/>
    <telecom>
      <system value="email"/>
      <value value="nicolas@arkhn.com"/>
    </telecom>
  </contact>
  <description value="Radiotherapy Termination Reason"/>
  <compose>
    <include>
      <system value="http://snomed.info/sct"/>
      <concept>
        <code value="182992009"/>
        <display value="Treatment completed (situation)"/>
      </concept>
      <concept>
        <code value="266721009"/>
        <display value="No response to treatment (situation)"/>
      </concept>
      <concept>
        <code value="407563006"/>
        <display value="Treatment not tolerated (situation)"/>
      </concept>
      <concept>
        <code value="160932005"/>
        <display value="Financial problem (finding)"/>
      </concept>
      <concept>
        <code value="105480006"/>
        <display value="Refusal of treatment by patient (situation)"/>
      </concept>
      <concept>
        <code value="184081006"/>
        <display value="Patient has moved away (finding)"/>
      </concept>
      <concept>
        <code value="309846006"/>
        <display value="Treatment not available (situation)"/>
      </concept>
      <concept>
        <code value="399307001"/>
        <display value="Lost to follow-up (finding)"/>
      </concept>
      <concept>
        <code value="419620001"/>
        <display value="Death (event)"/>
      </concept>
    </include>
  </compose>
</ValueSet>