<?xml version="1.0" encoding="UTF-8"?>

<ValueSet xmlns="http://hl7.org/fhir">
  <id value="ResponseEvaluationStatus"/>
  <text>
    <status value="generated"/><div xmlns="http://www.w3.org/1999/xhtml"><p>This value set includes codes based on the following rules:</p><ul><li>Include these codes as defined in <code>https://recist.eortc.org</code><table class="none"><tr><td style="white-space:nowrap"><b>Code</b></td><td><b>Display</b></td></tr><tr><td>CR</td><td>Complete Response</td></tr><tr><td>PR</td><td>Partial Response</td></tr><tr><td>SD</td><td>Stable disease</td></tr><tr><td>PD</td><td>Progressive Disease</td></tr><tr><td>NE</td><td>Not evaluable</td></tr></table></li><li>Include these codes as defined in <a href="http://terminology.hl7.org/5.5.0/CodeSystem-umls.html"><code>http://terminology.hl7.org/CodeSystem/umls</code></a><table class="none"><tr><td style="white-space:nowrap"><b>Code</b></td><td><b>Display</b></td></tr><tr><td>C0439673</td><td>Unknown</td></tr></table></li></ul></div>
  </text>
  <url value="https://build.fhir.org/ig/arkhn/arkhn-ig-osiris/ValueSet/ResponseEvaluationStatus"/>
  <version value="2.1.0"/>
  <name value="ResponseEvaluationStatus"/>
  <title value="Response Status Value Set"/>
  <status value="draft"/>
  <date value="2024-05-15T14:10:31+00:00"/>
  <publisher value="Arkhn"/>
  <contact>
    <name value="Arkhn"/>
    <telecom>
      <system value="url"/>
      <value value="http://arkhn.com"/>
    </telecom>
    <telecom>
      <system value="email"/>
      <value value="contact@arkhn.com"/>
    </telecom>
  </contact>
  <contact>
    <name value="Nicolas Riss"/>
    <telecom>
      <system value="email"/>
      <value value="nicolas@arkhn.com"/>
    </telecom>
  </contact>
  <description value="Response evaluation status"/>
  <compose>
    <include>
      <system value="https://recist.eortc.org"/>
      <concept>
        <code value="CR"/>
        <display value="Complete Response"/>
      </concept>
      <concept>
        <code value="PR"/>
        <display value="Partial Response"/>
      </concept>
      <concept>
        <code value="SD"/>
        <display value="Stable disease"/>
      </concept>
      <concept>
        <code value="PD"/>
        <display value="Progressive Disease"/>
      </concept>
      <concept>
        <code value="NE"/>
        <display value="Not evaluable"/>
      </concept>
    </include>
    <include>
      <system value="http://terminology.hl7.org/CodeSystem/umls"/>
      <concept>
        <code value="C0439673"/>
        <display value="Unknown"/>
      </concept>
    </include>
  </compose>
</ValueSet>