<?xml version="1.0" encoding="UTF-8"?><ValueSet xmlns="http://hl7.org/fhir"><id value="OsirisValidationType"/><text><status value="generated"/><div xmlns="http://www.w3.org/1999/xhtml"><p class="res-header-id"><b>Generated Narrative: ValueSet OsirisValidationType</b></p><a name="OsirisValidationType"> </a><a name="hcOsirisValidationType"> </a><a name="OsirisValidationType-en-US"> </a><ul><li>Include these codes as defined in <code>https://github.com/siric-osiris/OSIRIS</code><table class="none"><tr><td style="white-space:nowrap"><b>Code</b></td><td><b>Display</b></td></tr><tr><td>O16-1</td><td>Experimental</td></tr><tr><td>O16-2</td><td>By biologist</td></tr><tr><td>O16-3</td><td>In silico</td></tr></table></li></ul></div></text><url value="https://ig-osiris.cancer.fr/ig/osiris/ValueSet/OsirisValidationType"/><version value="1.1.0"/><name value="OsirisValidationType"/><title value="Osiris Validation Type"/><status value="draft"/><date value="2025-04-23T09:23:26+00:00"/><publisher value="institutcancer"/><contact><name value="institutcancer"/><telecom><system value="url"/><value value="http://cancer.fr"/></telecom><telecom><system value="email"/><value value="osiris@institutcancer.fr"/></telecom></contact><contact><name value="Aurélien JOBARD"/><telecom><system value="email"/><value value="osiris@institutcancer.fr"/></telecom></contact><description value="Osiris validation type"/><compose><include><system value="https://github.com/siric-osiris/OSIRIS"/><concept><code value="O16-1"/><display value="Experimental"/></concept><concept><code value="O16-2"/><display value="By biologist"/></concept><concept><code value="O16-3"/><display value="In silico"/></concept></include></compose></ValueSet>