<?xml version="1.0" encoding="UTF-8"?><ValueSet xmlns="http://hl7.org/fhir"><id value="AnalysisType"/><text><status value="generated"/><div xmlns="http://www.w3.org/1999/xhtml"><p class="res-header-id"><b>Generated Narrative: ValueSet AnalysisType</b></p><a name="AnalysisType"> </a><a name="hcAnalysisType"> </a><a name="AnalysisType-en-US"> </a><p>This value set includes codes based on the following rules:</p><ul><li>Include these codes as defined in <code>https://github.com/siric-osiris/OSIRIS</code><table class="none"><tr><td style="white-space:nowrap"><b>Code</b></td><td><b>Display</b></td></tr><tr><td>C37-1</td><td>Biology</td></tr><tr><td>C37-2</td><td>Imaging</td></tr><tr><td>C37-3</td><td>Omic</td></tr><tr><td>C37-4</td><td>Pathology</td></tr></table></li><li>Include these codes as defined in <a href="http://terminology.hl7.org/6.2.0/CodeSystem-umls.html"><code>http://terminology.hl7.org/CodeSystem/umls</code></a><table class="none"><tr><td style="white-space:nowrap"><b>Code</b></td><td><b>Display</b></td></tr><tr><td>C0439673</td><td>Unknown</td></tr></table></li></ul></div></text><url value="https://ig-osiris.cancer.fr/ig/osiris/ValueSet/AnalysisType"/><version value="1.1.0"/><name value="AnalysisType"/><title value="Analysis Types Value Set"/><status value="draft"/><date value="2025-04-23T09:23:26+00:00"/><publisher value="institutcancer"/><contact><name value="institutcancer"/><telecom><system value="url"/><value value="http://cancer.fr"/></telecom><telecom><system value="email"/><value value="osiris@institutcancer.fr"/></telecom></contact><contact><name value="Aurélien JOBARD"/><telecom><system value="email"/><value value="osiris@institutcancer.fr"/></telecom></contact><description value="Analysis types"/><compose><include><system value="https://github.com/siric-osiris/OSIRIS"/><concept><code value="C37-1"/><display value="Biology"/></concept><concept><code value="C37-2"/><display value="Imaging"/></concept><concept><code value="C37-3"/><display value="Omic"/></concept><concept><code value="C37-4"/><display value="Pathology"/></concept></include><include><system value="http://terminology.hl7.org/CodeSystem/umls"/><concept><code value="C0439673"/><display value="Unknown"/></concept></include></compose></ValueSet>