<?xml version="1.0" encoding="UTF-8"?><ValueSet xmlns="http://hl7.org/fhir"><id value="TumorPathologyEventType"/><text><status value="generated"/><div xmlns="http://www.w3.org/1999/xhtml"><p class="res-header-id"><b>Generated Narrative: ValueSet TumorPathologyEventType</b></p><a name="TumorPathologyEventType"> </a><a name="hcTumorPathologyEventType"> </a><a name="TumorPathologyEventType-en-US"> </a><ul><li>Include these codes as defined in <a href="http://terminology.hl7.org/6.2.0/CodeSystem-umls.html"><code>http://terminology.hl7.org/CodeSystem/umls</code></a><table class="none"><tr><td style="white-space:nowrap"><b>Code</b></td><td><b>Display</b></td></tr><tr><td>C1882062</td><td>Neoplasm</td></tr><tr><td>C2939419</td><td>Metastatic Malignant Neoplasm (NCI:C36263)</td></tr><tr><td>C0521158</td><td>Recurrent tumor</td></tr><tr><td>C0677930</td><td>Primary tumor</td></tr><tr><td>C0439673</td><td>Unknown</td></tr></table></li></ul></div></text><url value="https://ig-osiris.cancer.fr/ig/osiris/ValueSet/TumorPathologyEventType"/><version value="1.1.0"/><name value="TumorPathologyEventType"/><title value="Tumor Pathology Event Type Value Set"/><status value="draft"/><date value="2025-04-23T09:23:26+00:00"/><publisher value="institutcancer"/><contact><name value="institutcancer"/><telecom><system value="url"/><value value="http://cancer.fr"/></telecom><telecom><system value="email"/><value value="osiris@institutcancer.fr"/></telecom></contact><contact><name value="Aurélien JOBARD"/><telecom><system value="email"/><value value="osiris@institutcancer.fr"/></telecom></contact><description value="Tumor pathology event type"/><compose><include><system value="http://terminology.hl7.org/CodeSystem/umls"/><concept><code value="C1882062"/><display value="Neoplasm"/></concept><concept><code value="C2939419"/><display value="Metastatic Malignant Neoplasm (NCI:C36263)"/></concept><concept><code value="C0521158"/><display value="Recurrent tumor"/></concept><concept><code value="C0677930"/><display value="Primary tumor"/></concept><concept><code value="C0439673"/><display value="Unknown"/></concept></include></compose></ValueSet>