{
  "resourceType" : "Consent",
  "id" : "fhir-osiris-example-consent-1",
  "meta" : {
    "profile" : ["https://ig-osiris.cancer.fr/ig/osiris/StructureDefinition/genetic-consent"]
  },
  "text" : {
    "status" : "generated",
    "div" : "<div xmlns=\"http://www.w3.org/1999/xhtml\"><p class=\"res-header-id\"><b>Generated Narrative: Consent fhir-osiris-example-consent-1</b></p><a name=\"fhir-osiris-example-consent-1\"> </a><a name=\"hcfhir-osiris-example-consent-1\"> </a><a name=\"fhir-osiris-example-consent-1-en-US\"> </a><div style=\"display: inline-block; background-color: #d9e0e7; padding: 6px; margin: 4px; border: 1px solid #8da1b4; border-radius: 5px; line-height: 60%\"><p style=\"margin-bottom: 0px\"/><p style=\"margin-bottom: 0px\">Profile: <a href=\"StructureDefinition-genetic-consent.html\">Consent for Genetic Data Usage</a></p></div><p><b>status</b>: Active</p><p><b>scope</b>: <span title=\"Codes:{http://terminology.hl7.org/CodeSystem/consentscope patient-privacy}\">Privacy Consent</span></p><p><b>category</b>: <span title=\"Codes:{http://terminology.hl7.org/CodeSystem/v3-ActCode RESEARCH}\">research information access</span></p><p><b>patient</b>: <a href=\"Patient-L304.html\">Anonymous Patient Male, DoB: 1967-11-08</a></p><p><b>dateTime</b>: 2000-11-16</p><blockquote><p><b>provision</b></p><p><b>type</b>: Opt Out</p><p><b>class</b>: <a href=\"http://hl7.org/fhir/R4/codesystem-resource-types.html#resource-types-MolecularSequence\">ResourceType MolecularSequence</a>: MolecularSequence</p><h3>Data</h3><table class=\"grid\"><tr><td style=\"display: none\">-</td><td><b>Meaning</b></td><td><b>Reference</b></td></tr><tr><td style=\"display: none\">*</td><td>Instance</td><td><a href=\"Specimen-fhir-osiris-example-biologicalsample-1.html\">Specimen: extension = Tumoral,-&gt;Condition C0677930; identifier = ech primary; type = C4039816; condition = Tissue Frozen</a></td></tr></table></blockquote></div>"
  },
  "status" : "active",
  "scope" : {
    "coding" : [{
      "system" : "http://terminology.hl7.org/CodeSystem/consentscope",
      "code" : "patient-privacy"
    }]
  },
  "category" : [{
    "coding" : [{
      "system" : "http://terminology.hl7.org/CodeSystem/v3-ActCode",
      "code" : "RESEARCH"
    }]
  }],
  "patient" : {
    "reference" : "Patient/L304"
  },
  "dateTime" : "2000-11-16",
  "provision" : {
    "type" : "deny",
    "class" : [{
      "system" : "http://hl7.org/fhir/resource-types",
      "code" : "MolecularSequence"
    }],
    "data" : [{
      "meaning" : "instance",
      "reference" : {
        "reference" : "Specimen/fhir-osiris-example-biologicalsample-1"
      }
    }]
  }
}