{
  "resourceType" : "Endpoint",
  "id" : "fhir-osiris-example-imagingendpoint-ct",
  "meta" : {
    "profile" : ["https://ig-osiris.cancer.fr/ig/osiris/StructureDefinition/imaging-pacs"]
  },
  "text" : {
    "status" : "generated",
    "div" : "<div xmlns=\"http://www.w3.org/1999/xhtml\"><p class=\"res-header-id\"><b>Generated Narrative: Endpoint fhir-osiris-example-imagingendpoint-ct</b></p><a name=\"fhir-osiris-example-imagingendpoint-ct\"> </a><a name=\"hcfhir-osiris-example-imagingendpoint-ct\"> </a><a name=\"fhir-osiris-example-imagingendpoint-ct-en-US\"> </a><div style=\"display: inline-block; background-color: #d9e0e7; padding: 6px; margin: 4px; border: 1px solid #8da1b4; border-radius: 5px; line-height: 60%\"><p style=\"margin-bottom: 0px\"/><p style=\"margin-bottom: 0px\">Profile: <a href=\"StructureDefinition-imaging-pacs.html\">Location to the PACS server</a></p></div><p><b>status</b>: Active</p><p><b>connectionType</b>: <a href=\"http://terminology.hl7.org/6.2.0/CodeSystem-umls.html#umls-C0439673\">Unified Medical Language System C0439673</a>: C0439673</p><p><b>name</b>: ['set_osiris/Poumon/DICOM/39688736']</p><p><b>payloadType</b>: <span title=\"Codes:{http://terminology.hl7.org/CodeSystem/umls C0439673}\">C0439673</span></p><p><b>address</b>: </p></div>"
  },
  "status" : "active",
  "connectionType" : {
    "system" : "http://terminology.hl7.org/CodeSystem/umls",
    "code" : "C0439673"
  },
  "name" : "['set_osiris/Poumon/DICOM/39688736']",
  "payloadType" : [{
    "coding" : [{
      "system" : "http://terminology.hl7.org/CodeSystem/umls",
      "code" : "C0439673"
    }]
  }],
  "address" : ""
}