{
  "resourceType" : "Observation",
  "id" : "fhir-osiris-example-RadiomicsImageFilter",
  "meta" : {
    "profile" : ["https://ig-osiris.cancer.fr/ig/osiris/StructureDefinition/radiomics-Image-filters"]
  },
  "text" : {
    "status" : "extensions",
    "div" : "<div xmlns=\"http://www.w3.org/1999/xhtml\"><p class=\"res-header-id\"><b>Generated Narrative: Observation fhir-osiris-example-RadiomicsImageFilter</b></p><a name=\"fhir-osiris-example-RadiomicsImageFilter\"> </a><a name=\"hcfhir-osiris-example-RadiomicsImageFilter\"> </a><a name=\"fhir-osiris-example-RadiomicsImageFilter-en-US\"> </a><div style=\"display: inline-block; background-color: #d9e0e7; padding: 6px; margin: 4px; border: 1px solid #8da1b4; border-radius: 5px; line-height: 60%\"><p style=\"margin-bottom: 0px\"/><p style=\"margin-bottom: 0px\">Profile: <a href=\"StructureDefinition-radiomics-Image-filters.html\">Radiomics Image Filters</a></p></div><blockquote><p><b>Radiomics Image Filters Settings</b></p><blockquote><p><b>url</b></p>softwareName</blockquote><p><b>value</b>: PyRadiomics</p><blockquote><p><b>url</b></p>softwareVersion</blockquote><p><b>value</b>: v3.0.1</p><blockquote><p><b>url</b></p>filterMethod</blockquote><p><b>value</b>: mean</p><blockquote><p><b>url</b></p>filterType</blockquote><p><b>value</b>: 3D volume</p><blockquote><p><b>url</b></p>filterInterpolation</blockquote><p><b>value</b>: None</p><p><b>valueString</b>: linear</p><blockquote><p><b>url</b></p>intensityRounding</blockquote><blockquote><p><b>url</b></p>boundaryCondition</blockquote><p><b>value</b>: zero padding</p></blockquote><p><b>partOf</b>: <code>fhir-osiris-example-imagingstudy</code></p><p><b>status</b>: Final</p><p><b>code</b>: <span title=\"Codes:{http://loinc.org 85430-7}\">Diagnostic imaging report - example sections and entries</span></p><p><b>subject</b>: <a href=\"Patient-L304.html\">Anonymous Patient Male, DoB: 1967-11-08</a></p><p><b>note</b>: 1.3.12.2.1107.5.8.15.131606.30000020020620243975600000856</p></div>"
  },
  "extension" : [{
    "extension" : [{
      "url" : "softwareName",
      "valueString" : "PyRadiomics"
    },
    {
      "url" : "softwareVersion",
      "valueString" : "v3.0.1"
    },
    {
      "url" : "filterMethod",
      "valueString" : "mean"
    },
    {
      "url" : "filterType",
      "valueString" : "3D volume"
    },
    {
      "url" : "filterInterpolation",
      "valueString" : "None"
    },
    {
      "extension" : [{
        "url" : "valueString",
        "valueString" : "linear"
      },
      {
        "url" : "code"
      }],
      "url" : "intensityRounding"
    },
    {
      "url" : "boundaryCondition",
      "valueString" : "zero padding"
    }],
    "url" : "https://ig-osiris.cancer.fr/ig/osiris/StructureDefinition/radiomics-image-filters-settings"
  }],
  "partOf" : [{
    "reference" : "fhir-osiris-example-imagingstudy"
  }],
  "status" : "final",
  "code" : {
    "coding" : [{
      "system" : "http://loinc.org",
      "code" : "85430-7"
    }]
  },
  "subject" : {
    "reference" : "Patient/L304"
  },
  "note" : [{
    "text" : "1.3.12.2.1107.5.8.15.131606.30000020020620243975600000856"
  }]
}