{"resourceType":"CodeSystem","id":"SnomedRequestedCSmcode","text":{"status":"generated","div":"<div xmlns=\"http://www.w3.org/1999/xhtml\"><p class=\"res-header-id\"><b>Generated Narrative: CodeSystem SnomedRequestedCSmcode</b></p><a name=\"SnomedRequestedCSmcode\"> </a><a name=\"hcSnomedRequestedCSmcode\"> </a><a name=\"SnomedRequestedCSmcode-en-US\"> </a><p>This  code system <code>http://hl7.org/fhir/us/mcode/CodeSystem/snomed-requested-cs</code> defines the following code:</p><table class=\"codes\"><tr><td style=\"white-space:nowrap\"><b>Code</b></td><td><b>Display</b></td></tr><tr><td style=\"white-space:nowrap\">1162782007<a name=\"SnomedRequestedCSmcode-1162782007\"> </a></td><td>Three dimensional external beam radiation therapy (procedure)</td></tr></table></div>"},"url":"http://hl7.org/fhir/us/mcode/CodeSystem/snomed-requested-cs","version":"1.1.0","name":"SnomedRequestedCSmcode","title":"Requested SNOMED Codes Code System","status":"draft","date":"2025-04-23T09:23:26+00:00","publisher":"institutcancer","contact":[{"name":"institutcancer","telecom":[{"system":"url","value":"http://cancer.fr"},{"system":"email","value":"osiris@institutcancer.fr"}]},{"name":"Aurélien JOBARD","telecom":[{"system":"email","value":"osiris@institutcancer.fr"}]}],"description":"Requested SNOMED Codes by mcode","content":"complete","count":1,"concept":[{"code":"1162782007","display":"Three dimensional external beam radiation therapy (procedure)"}]}