{"resourceType":"CodeSystem","id":"SnomedCS","text":{"status":"generated","div":"<div xmlns=\"http://www.w3.org/1999/xhtml\"><p class=\"res-header-id\"><b>Generated Narrative: CodeSystem SnomedCS</b></p><a name=\"SnomedCS\"> </a><a name=\"hcSnomedCS\"> </a><a name=\"SnomedCS-en-US\"> </a><p>This  code system <code>http://snomed.info/sct</code> defines the following codes:</p><table class=\"codes\"><tr><td style=\"white-space:nowrap\"><b>Code</b></td><td><b>Display</b></td></tr><tr><td style=\"white-space:nowrap\">13881006<a name=\"SnomedCS-13881006\"> </a></td><td>Zygoma</td></tr><tr><td style=\"white-space:nowrap\">74670003<a name=\"SnomedCS-74670003\"> </a></td><td>Wrist joint</td></tr><tr><td style=\"white-space:nowrap\">38266002<a name=\"SnomedCS-38266002\"> </a></td><td>Entire body</td></tr><tr><td style=\"white-space:nowrap\">45292006<a name=\"SnomedCS-45292006\"> </a></td><td>Vulva</td></tr><tr><td style=\"white-space:nowrap\">85234005<a name=\"SnomedCS-85234005\"> </a></td><td>Vertebral artery</td></tr><tr><td style=\"white-space:nowrap\">76784001<a name=\"SnomedCS-76784001\"> </a></td><td>Vagina</td></tr><tr><td style=\"white-space:nowrap\">35039007<a name=\"SnomedCS-35039007\"> </a></td><td>Uterus</td></tr><tr><td style=\"white-space:nowrap\">13648007<a name=\"SnomedCS-13648007\"> </a></td><td>Urethra</td></tr><tr><td style=\"white-space:nowrap\">87953007<a name=\"SnomedCS-87953007\"> </a></td><td>Ureter</td></tr><tr><td style=\"white-space:nowrap\">431491007<a name=\"SnomedCS-431491007\"> </a></td><td>Upper urinary tract</td></tr><tr><td style=\"white-space:nowrap\">53120007<a name=\"SnomedCS-53120007\"> </a></td><td>Upper limb</td></tr><tr><td style=\"white-space:nowrap\">40983000<a name=\"SnomedCS-40983000\"> </a></td><td>Upper arm</td></tr><tr><td style=\"white-space:nowrap\">284639000<a name=\"SnomedCS-284639000\"> </a></td><td>Umbilical vein</td></tr><tr><td style=\"white-space:nowrap\">50536004<a name=\"SnomedCS-50536004\"> </a></td><td>Umbilical artery</td></tr><tr><td style=\"white-space:nowrap\">90290004<a name=\"SnomedCS-90290004\"> </a></td><td>Umbilical region</td></tr><tr><td style=\"white-space:nowrap\">44984001<a name=\"SnomedCS-44984001\"> </a></td><td>Ulnar artery</td></tr><tr><td style=\"white-space:nowrap\">23416004<a name=\"SnomedCS-23416004\"> </a></td><td>Ulna</td></tr><tr><td style=\"white-space:nowrap\">122495006<a name=\"SnomedCS-122495006\"> </a></td><td>Thoracic spine</td></tr><tr><td style=\"white-space:nowrap\">485005<a name=\"SnomedCS-485005\"> </a></td><td>Transverse colon</td></tr><tr><td style=\"white-space:nowrap\">110726009<a name=\"SnomedCS-110726009\"> </a></td><td>Trachea and bronchus</td></tr><tr><td style=\"white-space:nowrap\">44567001<a name=\"SnomedCS-44567001\"> </a></td><td>Trachea</td></tr><tr><td style=\"white-space:nowrap\">21974007<a name=\"SnomedCS-21974007\"> </a></td><td>Tongue</td></tr><tr><td style=\"white-space:nowrap\">29707007<a name=\"SnomedCS-29707007\"> </a></td><td>Toe</td></tr><tr><td style=\"white-space:nowrap\">53620006<a name=\"SnomedCS-53620006\"> </a></td><td>Temporomandibular joint</td></tr><tr><td style=\"white-space:nowrap\">1217256009<a name=\"SnomedCS-1217256009\"> </a></td><td>Thoraco-lumbar spine</td></tr><tr><td style=\"white-space:nowrap\">110536004<a name=\"SnomedCS-110536004\"> </a></td><td>Tibia and fibula</td></tr><tr><td style=\"white-space:nowrap\">12611008<a name=\"SnomedCS-12611008\"> </a></td><td>Tibia</td></tr><tr><td style=\"white-space:nowrap\">69748006<a name=\"SnomedCS-69748006\"> </a></td><td>Thyroid</td></tr><tr><td style=\"white-space:nowrap\">9875009<a name=\"SnomedCS-9875009\"> </a></td><td>Thymus</td></tr><tr><td style=\"white-space:nowrap\">76505004<a name=\"SnomedCS-76505004\"> </a></td><td>Thumb</td></tr><tr><td style=\"white-space:nowrap\">43799004<a name=\"SnomedCS-43799004\"> </a></td><td>Thorax</td></tr><tr><td style=\"white-space:nowrap\">113262008<a name=\"SnomedCS-113262008\"> </a></td><td>Thoracic aorta</td></tr><tr><td style=\"white-space:nowrap\">68367000<a name=\"SnomedCS-68367000\"> </a></td><td>Thigh</td></tr><tr><td style=\"white-space:nowrap\">42695009<a name=\"SnomedCS-42695009\"> </a></td><td>Thalamus</td></tr><tr><td style=\"white-space:nowrap\">40689003<a name=\"SnomedCS-40689003\"> </a></td><td>Testis</td></tr><tr><td style=\"white-space:nowrap\">48345005<a name=\"SnomedCS-48345005\"> </a></td><td>Superior vena cava</td></tr><tr><td style=\"white-space:nowrap\">72021004<a name=\"SnomedCS-72021004\"> </a></td><td>Superior thyroid artery</td></tr><tr><td style=\"white-space:nowrap\">11708003<a name=\"SnomedCS-11708003\"> </a></td><td>Pubic region</td></tr><tr><td style=\"white-space:nowrap\">77621008<a name=\"SnomedCS-77621008\"> </a></td><td>Supraclavicular region of neck</td></tr><tr><td style=\"white-space:nowrap\">54019009<a name=\"SnomedCS-54019009\"> </a></td><td>Submandibular gland</td></tr><tr><td style=\"white-space:nowrap\">19695001<a name=\"SnomedCS-19695001\"> </a></td><td>Subcostal</td></tr><tr><td style=\"white-space:nowrap\">9454009<a name=\"SnomedCS-9454009\"> </a></td><td>Subclavian vein</td></tr><tr><td style=\"white-space:nowrap\">36765005<a name=\"SnomedCS-36765005\"> </a></td><td>Subclavian artery</td></tr><tr><td style=\"white-space:nowrap\">69695003<a name=\"SnomedCS-69695003\"> </a></td><td>Stomach</td></tr><tr><td style=\"white-space:nowrap\">56873002<a name=\"SnomedCS-56873002\"> </a></td><td>Sternum</td></tr><tr><td style=\"white-space:nowrap\">54735007<a name=\"SnomedCS-54735007\"> </a></td><td>Sacrum</td></tr><tr><td style=\"white-space:nowrap\">35819009<a name=\"SnomedCS-35819009\"> </a></td><td>Splenic vein</td></tr><tr><td style=\"white-space:nowrap\">22083002<a name=\"SnomedCS-22083002\"> </a></td><td>Splenic artery</td></tr><tr><td style=\"white-space:nowrap\">78961009<a name=\"SnomedCS-78961009\"> </a></td><td>Spleen</td></tr><tr><td style=\"white-space:nowrap\">421060004<a name=\"SnomedCS-421060004\"> </a></td><td>Spine</td></tr><tr><td style=\"white-space:nowrap\">2748008<a name=\"SnomedCS-2748008\"> </a></td><td>Spinal cord</td></tr><tr><td style=\"white-space:nowrap\">30315005<a name=\"SnomedCS-30315005\"> </a></td><td>Small intestine</td></tr><tr><td style=\"white-space:nowrap\">42258001<a name=\"SnomedCS-42258001\"> </a></td><td>Superior mesenteric artery</td></tr><tr><td style=\"white-space:nowrap\">89546000<a name=\"SnomedCS-89546000\"> </a></td><td>Skull</td></tr><tr><td style=\"white-space:nowrap\">39723000<a name=\"SnomedCS-39723000\"> </a></td><td>Sacroiliac joint</td></tr><tr><td style=\"white-space:nowrap\">60184004<a name=\"SnomedCS-60184004\"> </a></td><td>Sigmoid colon</td></tr><tr><td style=\"white-space:nowrap\">16982005<a name=\"SnomedCS-16982005\"> </a></td><td>Shoulder</td></tr><tr><td style=\"white-space:nowrap\">397364003<a name=\"SnomedCS-397364003\"> </a></td><td>Superficial femoral vein</td></tr><tr><td style=\"white-space:nowrap\">128587003<a name=\"SnomedCS-128587003\"> </a></td><td>Saphenofemoral junction</td></tr><tr><td style=\"white-space:nowrap\">181349008<a name=\"SnomedCS-181349008\"> </a></td><td>Superficial femoral artery</td></tr><tr><td style=\"white-space:nowrap\">58742003<a name=\"SnomedCS-58742003\"> </a></td><td>Sesamoid bones of foot</td></tr><tr><td style=\"white-space:nowrap\">64739004<a name=\"SnomedCS-64739004\"> </a></td><td>Seminal vesicle</td></tr><tr><td style=\"white-space:nowrap\">42575006<a name=\"SnomedCS-42575006\"> </a></td><td>Sella turcica</td></tr><tr><td style=\"white-space:nowrap\">20233005<a name=\"SnomedCS-20233005\"> </a></td><td>Scrotum</td></tr><tr><td style=\"white-space:nowrap\">18619003<a name=\"SnomedCS-18619003\"> </a></td><td>Sclera</td></tr><tr><td style=\"white-space:nowrap\">7844006<a name=\"SnomedCS-7844006\"> </a></td><td>Sternoclavicular joint</td></tr><tr><td style=\"white-space:nowrap\">79601000<a name=\"SnomedCS-79601000\"> </a></td><td>Scapula</td></tr><tr><td style=\"white-space:nowrap\">41695006<a name=\"SnomedCS-41695006\"> </a></td><td>Scalp</td></tr><tr><td style=\"white-space:nowrap\">362072009<a name=\"SnomedCS-362072009\"> </a></td><td>Saphenous vein</td></tr><tr><td style=\"white-space:nowrap\">53085002<a name=\"SnomedCS-53085002\"> </a></td><td>Right ventricle</td></tr><tr><td style=\"white-space:nowrap\">50519007<a name=\"SnomedCS-50519007\"> </a></td><td>Right upper quadrant of abdomen</td></tr><tr><td style=\"white-space:nowrap\">8629005<a name=\"SnomedCS-8629005\"> </a></td><td>Superior right pulmonary vein</td></tr><tr><td style=\"white-space:nowrap\">78480002<a name=\"SnomedCS-78480002\"> </a></td><td>Right pulmonary artery</td></tr><tr><td style=\"white-space:nowrap\">73931004<a name=\"SnomedCS-73931004\"> </a></td><td>Right portal vein</td></tr><tr><td style=\"white-space:nowrap\">1017211000<a name=\"SnomedCS-1017211000\"> </a></td><td>Right lumbar region</td></tr><tr><td style=\"white-space:nowrap\">48544008<a name=\"SnomedCS-48544008\"> </a></td><td>Right lower quadrant of abdomen</td></tr><tr><td style=\"white-space:nowrap\">37117007<a name=\"SnomedCS-37117007\"> </a></td><td>Right inguinal region</td></tr><tr><td style=\"white-space:nowrap\">113197003<a name=\"SnomedCS-113197003\"> </a></td><td>Rib</td></tr><tr><td style=\"white-space:nowrap\">133946002<a name=\"SnomedCS-133946002\"> </a></td><td>Right hypochondriac region</td></tr><tr><td style=\"white-space:nowrap\">272998002<a name=\"SnomedCS-272998002\"> </a></td><td>Right hepatic vein</td></tr><tr><td style=\"white-space:nowrap\">69833005<a name=\"SnomedCS-69833005\"> </a></td><td>Right femoral artery</td></tr><tr><td style=\"white-space:nowrap\">82849001<a name=\"SnomedCS-82849001\"> </a></td><td>Retroperitoneum</td></tr><tr><td style=\"white-space:nowrap\">56400007<a name=\"SnomedCS-56400007\"> </a></td><td>Renal vein</td></tr><tr><td style=\"white-space:nowrap\">2841007<a name=\"SnomedCS-2841007\"> </a></td><td>Renal artery</td></tr><tr><td style=\"white-space:nowrap\">34402009<a name=\"SnomedCS-34402009\"> </a></td><td>Rectum</td></tr><tr><td style=\"white-space:nowrap\">73829009<a name=\"SnomedCS-73829009\"> </a></td><td>Right atrium</td></tr><tr><td style=\"white-space:nowrap\">110535000<a name=\"SnomedCS-110535000\"> </a></td><td>Radius and ulna</td></tr><tr><td style=\"white-space:nowrap\">62413002<a name=\"SnomedCS-62413002\"> </a></td><td>Radius</td></tr><tr><td style=\"white-space:nowrap\">45631007<a name=\"SnomedCS-45631007\"> </a></td><td>Radial artery</td></tr><tr><td style=\"white-space:nowrap\">122972007<a name=\"SnomedCS-122972007\"> </a></td><td>Pulmonary vein</td></tr><tr><td style=\"white-space:nowrap\">81040000<a name=\"SnomedCS-81040000\"> </a></td><td>Pulmonary artery</td></tr><tr><td style=\"white-space:nowrap\">41216001<a name=\"SnomedCS-41216001\"> </a></td><td>Prostate</td></tr><tr><td style=\"white-space:nowrap\">23438002<a name=\"SnomedCS-23438002\"> </a></td><td>Profunda femoris vein</td></tr><tr><td style=\"white-space:nowrap\">31677005<a name=\"SnomedCS-31677005\"> </a></td><td>Profunda femoris artery</td></tr><tr><td style=\"white-space:nowrap\">13363002<a name=\"SnomedCS-13363002\"> </a></td><td>Posterior tibial artery</td></tr><tr><td style=\"white-space:nowrap\">43119007<a name=\"SnomedCS-43119007\"> </a></td><td>Posterior communicating artery</td></tr><tr><td style=\"white-space:nowrap\">32764006<a name=\"SnomedCS-32764006\"> </a></td><td>Portal vein</td></tr><tr><td style=\"white-space:nowrap\">56849005<a name=\"SnomedCS-56849005\"> </a></td><td>Popliteal vein</td></tr><tr><td style=\"white-space:nowrap\">32361000<a name=\"SnomedCS-32361000\"> </a></td><td>Popliteal fossa</td></tr><tr><td style=\"white-space:nowrap\">43899006<a name=\"SnomedCS-43899006\"> </a></td><td>Popliteal artery</td></tr><tr><td style=\"white-space:nowrap\">78067005<a name=\"SnomedCS-78067005\"> </a></td><td>Placenta</td></tr><tr><td style=\"white-space:nowrap\">312535008<a name=\"SnomedCS-312535008\"> </a></td><td>Pharynx and larynx</td></tr><tr><td style=\"white-space:nowrap\">54066008<a name=\"SnomedCS-54066008\"> </a></td><td>Pharynx</td></tr><tr><td style=\"white-space:nowrap\">706342009<a name=\"SnomedCS-706342009\"> </a></td><td>Phantom</td></tr><tr><td style=\"white-space:nowrap\">8821006<a name=\"SnomedCS-8821006\"> </a></td><td>Peroneal artery</td></tr><tr><td style=\"white-space:nowrap\">38864007<a name=\"SnomedCS-38864007\"> </a></td><td>Perineum</td></tr><tr><td style=\"white-space:nowrap\">18911002<a name=\"SnomedCS-18911002\"> </a></td><td>Penis</td></tr><tr><td style=\"white-space:nowrap\">282044005<a name=\"SnomedCS-282044005\"> </a></td><td>Penile artery</td></tr><tr><td style=\"white-space:nowrap\">1231522001<a name=\"SnomedCS-1231522001\"> </a></td><td>Pelvis and lower extremities</td></tr><tr><td style=\"white-space:nowrap\">816092008<a name=\"SnomedCS-816092008\"> </a></td><td>Pelvis</td></tr><tr><td style=\"white-space:nowrap\">70382005<a name=\"SnomedCS-70382005\"> </a></td><td>Posterior cerebral artery</td></tr><tr><td style=\"white-space:nowrap\">64234005<a name=\"SnomedCS-64234005\"> </a></td><td>Patella</td></tr><tr><td style=\"white-space:nowrap\">45289007<a name=\"SnomedCS-45289007\"> </a></td><td>Parotid gland</td></tr><tr><td style=\"white-space:nowrap\">111002<a name=\"SnomedCS-111002\"> </a></td><td>Parathyroid</td></tr><tr><td style=\"white-space:nowrap\">91691001<a name=\"SnomedCS-91691001\"> </a></td><td>Parasternal</td></tr><tr><td style=\"white-space:nowrap\">69930009<a name=\"SnomedCS-69930009\"> </a></td><td>Pancreatic duct</td></tr><tr><td style=\"white-space:nowrap\">15776009<a name=\"SnomedCS-15776009\"> </a></td><td>Pancreas</td></tr><tr><td style=\"white-space:nowrap\">110621006<a name=\"SnomedCS-110621006\"> </a></td><td>Pancreatic duct and bile duct systems</td></tr><tr><td style=\"white-space:nowrap\">15497006<a name=\"SnomedCS-15497006\"> </a></td><td>Ovary</td></tr><tr><td style=\"white-space:nowrap\">363654007<a name=\"SnomedCS-363654007\"> </a></td><td>Orbital structure</td></tr><tr><td style=\"white-space:nowrap\">55024004<a name=\"SnomedCS-55024004\"> </a></td><td>Optic canal</td></tr><tr><td style=\"white-space:nowrap\">53549008<a name=\"SnomedCS-53549008\"> </a></td><td>Ophthalmic artery</td></tr><tr><td style=\"white-space:nowrap\">31145008<a name=\"SnomedCS-31145008\"> </a></td><td>Occipital artery</td></tr><tr><td style=\"white-space:nowrap\">32114007<a name=\"SnomedCS-32114007\"> </a></td><td>Occipital vein</td></tr><tr><td style=\"white-space:nowrap\">45206002<a name=\"SnomedCS-45206002\"> </a></td><td>Nose</td></tr><tr><td style=\"white-space:nowrap\">416319003<a name=\"SnomedCS-416319003\"> </a></td><td>Neck, Chest, Abdomen and Pelvis</td></tr><tr><td style=\"white-space:nowrap\">416152001<a name=\"SnomedCS-416152001\"> </a></td><td>Neck, Chest and Abdomen</td></tr><tr><td style=\"white-space:nowrap\">417437006<a name=\"SnomedCS-417437006\"> </a></td><td>Neck and Chest</td></tr><tr><td style=\"white-space:nowrap\">45048000<a name=\"SnomedCS-45048000\"> </a></td><td>Neck</td></tr><tr><td style=\"white-space:nowrap\">360955006<a name=\"SnomedCS-360955006\"> </a></td><td>Nasopharynx</td></tr><tr><td style=\"white-space:nowrap\">123851003<a name=\"SnomedCS-123851003\"> </a></td><td>Mouth</td></tr><tr><td style=\"white-space:nowrap\">243977002<a name=\"SnomedCS-243977002\"> </a></td><td>Morisons pouch</td></tr><tr><td style=\"white-space:nowrap\">273099000<a name=\"SnomedCS-273099000\"> </a></td><td>Middle hepatic vein</td></tr><tr><td style=\"white-space:nowrap\">128583004<a name=\"SnomedCS-128583004\"> </a></td><td>Mesenteric vein</td></tr><tr><td style=\"white-space:nowrap\">86570000<a name=\"SnomedCS-86570000\"> </a></td><td>Mesenteric artery</td></tr><tr><td style=\"white-space:nowrap\">72410000<a name=\"SnomedCS-72410000\"> </a></td><td>Mediastinum</td></tr><tr><td style=\"white-space:nowrap\">17232002<a name=\"SnomedCS-17232002\"> </a></td><td>Middle cerebral artery</td></tr><tr><td style=\"white-space:nowrap\">70925003<a name=\"SnomedCS-70925003\"> </a></td><td>Maxilla</td></tr><tr><td style=\"white-space:nowrap\">59066005<a name=\"SnomedCS-59066005\"> </a></td><td>Mastoid bone</td></tr><tr><td style=\"white-space:nowrap\">91609006<a name=\"SnomedCS-91609006\"> </a></td><td>Mandible</td></tr><tr><td style=\"white-space:nowrap\">87878005<a name=\"SnomedCS-87878005\"> </a></td><td>Left ventricle</td></tr><tr><td style=\"white-space:nowrap\">86367003<a name=\"SnomedCS-86367003\"> </a></td><td>Left upper quadrant of abdomen</td></tr><tr><td style=\"white-space:nowrap\">39607008<a name=\"SnomedCS-39607008\"> </a></td><td>Lung</td></tr><tr><td style=\"white-space:nowrap\">91747007<a name=\"SnomedCS-91747007\"> </a></td><td>Lumen of blood vessel</td></tr><tr><td style=\"white-space:nowrap\">34635009<a name=\"SnomedCS-34635009\"> </a></td><td>Lumbar artery</td></tr><tr><td style=\"white-space:nowrap\">52612000<a name=\"SnomedCS-52612000\"> </a></td><td>Lumbar region</td></tr><tr><td style=\"white-space:nowrap\">43863001<a name=\"SnomedCS-43863001\"> </a></td><td>Superior left pulmonary vein</td></tr><tr><td style=\"white-space:nowrap\">1217253001<a name=\"SnomedCS-1217253001\"> </a></td><td>Lumbo-sacral spine</td></tr><tr><td style=\"white-space:nowrap\">122496007<a name=\"SnomedCS-122496007\"> </a></td><td>Lumbar spine</td></tr><tr><td style=\"white-space:nowrap\">50408007<a name=\"SnomedCS-50408007\"> </a></td><td>Left pulmonary artery</td></tr><tr><td style=\"white-space:nowrap\">70253006<a name=\"SnomedCS-70253006\"> </a></td><td>Left portal vein</td></tr><tr><td style=\"white-space:nowrap\">61685007<a name=\"SnomedCS-61685007\"> </a></td><td>Lower limb</td></tr><tr><td style=\"white-space:nowrap\">30021000<a name=\"SnomedCS-30021000\"> </a></td><td>Lower leg</td></tr><tr><td style=\"white-space:nowrap\">1017210004<a name=\"SnomedCS-1017210004\"> </a></td><td>Left lumbar region</td></tr><tr><td style=\"white-space:nowrap\">68505006<a name=\"SnomedCS-68505006\"> </a></td><td>Left lower quadrant of abdomen</td></tr><tr><td style=\"white-space:nowrap\">10200004<a name=\"SnomedCS-10200004\"> </a></td><td>Liver</td></tr><tr><td style=\"white-space:nowrap\">85119005<a name=\"SnomedCS-85119005\"> </a></td><td>Left inguinal region</td></tr><tr><td style=\"white-space:nowrap\">113264009<a name=\"SnomedCS-113264009\"> </a></td><td>Lingual artery</td></tr><tr><td style=\"white-space:nowrap\">133945003<a name=\"SnomedCS-133945003\"> </a></td><td>Left hypochondriac region</td></tr><tr><td style=\"white-space:nowrap\">273202007<a name=\"SnomedCS-273202007\"> </a></td><td>Left hepatic vein</td></tr><tr><td style=\"white-space:nowrap\">113270003<a name=\"SnomedCS-113270003\"> </a></td><td>Left femoral artery</td></tr><tr><td style=\"white-space:nowrap\">66720007<a name=\"SnomedCS-66720007\"> </a></td><td>Lateral Ventricle</td></tr><tr><td style=\"white-space:nowrap\">82471001<a name=\"SnomedCS-82471001\"> </a></td><td>Left atrium</td></tr><tr><td style=\"white-space:nowrap\">4596009<a name=\"SnomedCS-4596009\"> </a></td><td>Larynx</td></tr><tr><td style=\"white-space:nowrap\">14742008<a name=\"SnomedCS-14742008\"> </a></td><td>Large intestine</td></tr><tr><td style=\"white-space:nowrap\">59749000<a name=\"SnomedCS-59749000\"> </a></td><td>Lacrimal artery</td></tr><tr><td style=\"white-space:nowrap\">72696002<a name=\"SnomedCS-72696002\"> </a></td><td>Knee</td></tr><tr><td style=\"white-space:nowrap\">64033007<a name=\"SnomedCS-64033007\"> </a></td><td>Kidney</td></tr><tr><td style=\"white-space:nowrap\">39352004<a name=\"SnomedCS-39352004\"> </a></td><td>Joint</td></tr><tr><td style=\"white-space:nowrap\">21306003<a name=\"SnomedCS-21306003\"> </a></td><td>Jejunum</td></tr><tr><td style=\"white-space:nowrap\">661005<a name=\"SnomedCS-661005\"> </a></td><td>Jaw region</td></tr><tr><td style=\"white-space:nowrap\">1101003<a name=\"SnomedCS-1101003\"> </a></td><td>Intracranial</td></tr><tr><td style=\"white-space:nowrap\">69327007<a name=\"SnomedCS-69327007\"> </a></td><td>Internal mammary artery</td></tr><tr><td style=\"white-space:nowrap\">12123001<a name=\"SnomedCS-12123001\"> </a></td><td>Internal jugular vein</td></tr><tr><td style=\"white-space:nowrap\">90024005<a name=\"SnomedCS-90024005\"> </a></td><td>Internal iliac artery</td></tr><tr><td style=\"white-space:nowrap\">8887007<a name=\"SnomedCS-8887007\"> </a></td><td>Innominate vein</td></tr><tr><td style=\"white-space:nowrap\">12691009<a name=\"SnomedCS-12691009\"> </a></td><td>Innominate artery</td></tr><tr><td style=\"white-space:nowrap\">26893007<a name=\"SnomedCS-26893007\"> </a></td><td>Inguinal region</td></tr><tr><td style=\"white-space:nowrap\">64131007<a name=\"SnomedCS-64131007\"> </a></td><td>Inferior vena cava</td></tr><tr><td style=\"white-space:nowrap\">33795007<a name=\"SnomedCS-33795007\"> </a></td><td>Inferior mesenteric artery</td></tr><tr><td style=\"white-space:nowrap\">22356005<a name=\"SnomedCS-22356005\"> </a></td><td>Ilium</td></tr><tr><td style=\"white-space:nowrap\">244411005<a name=\"SnomedCS-244411005\"> </a></td><td>Iliac vein</td></tr><tr><td style=\"white-space:nowrap\">10293006<a name=\"SnomedCS-10293006\"> </a></td><td>Iliac artery</td></tr><tr><td style=\"white-space:nowrap\">34516001<a name=\"SnomedCS-34516001\"> </a></td><td>Ileum</td></tr><tr><td style=\"white-space:nowrap\">86117002<a name=\"SnomedCS-86117002\"> </a></td><td>Internal carotid artery</td></tr><tr><td style=\"white-space:nowrap\">361078006<a name=\"SnomedCS-361078006\"> </a></td><td>Internal Auditory Canal</td></tr><tr><td style=\"white-space:nowrap\">81502006<a name=\"SnomedCS-81502006\"> </a></td><td>Hypopharynx</td></tr><tr><td style=\"white-space:nowrap\">85050009<a name=\"SnomedCS-85050009\"> </a></td><td>Humerus</td></tr><tr><td style=\"white-space:nowrap\">24136001<a name=\"SnomedCS-24136001\"> </a></td><td>Hip joint</td></tr><tr><td style=\"white-space:nowrap\">8993003<a name=\"SnomedCS-8993003\"> </a></td><td>Hepatic vein</td></tr><tr><td style=\"white-space:nowrap\">76015000<a name=\"SnomedCS-76015000\"> </a></td><td>Hepatic artery</td></tr><tr><td style=\"white-space:nowrap\">80891009<a name=\"SnomedCS-80891009\"> </a></td><td>Heart</td></tr><tr><td style=\"white-space:nowrap\">774007<a name=\"SnomedCS-774007\"> </a></td><td>Head and Neck</td></tr><tr><td style=\"white-space:nowrap\">69536005<a name=\"SnomedCS-69536005\"> </a></td><td>Head</td></tr><tr><td style=\"white-space:nowrap\">85562004<a name=\"SnomedCS-85562004\"> </a></td><td>Hand</td></tr><tr><td style=\"white-space:nowrap\">60734001<a name=\"SnomedCS-60734001\"> </a></td><td>Great saphenous vein</td></tr><tr><td style=\"white-space:nowrap\">46862004<a name=\"SnomedCS-46862004\"> </a></td><td>Gluteal region</td></tr><tr><td style=\"white-space:nowrap\">300571009<a name=\"SnomedCS-300571009\"> </a></td><td>Gestational sac</td></tr><tr><td style=\"white-space:nowrap\">128559007<a name=\"SnomedCS-128559007\"> </a></td><td>Genicular artery</td></tr><tr><td style=\"white-space:nowrap\">110568007<a name=\"SnomedCS-110568007\"> </a></td><td>Gastric vein</td></tr><tr><td style=\"white-space:nowrap\">28231008<a name=\"SnomedCS-28231008\"> </a></td><td>Gallbladder</td></tr><tr><td style=\"white-space:nowrap\">14975008<a name=\"SnomedCS-14975008\"> </a></td><td>Forearm</td></tr><tr><td style=\"white-space:nowrap\">56459004<a name=\"SnomedCS-56459004\"> </a></td><td>Foot</td></tr><tr><td style=\"white-space:nowrap\">79361005<a name=\"SnomedCS-79361005\"> </a></td><td>Fontanel of skull</td></tr><tr><td style=\"white-space:nowrap\">58602004<a name=\"SnomedCS-58602004\"> </a></td><td>Flank</td></tr><tr><td style=\"white-space:nowrap\">7569003<a name=\"SnomedCS-7569003\"> </a></td><td>Finger</td></tr><tr><td style=\"white-space:nowrap\">87342007<a name=\"SnomedCS-87342007\"> </a></td><td>Fibula</td></tr><tr><td style=\"white-space:nowrap\">71341001<a name=\"SnomedCS-71341001\"> </a></td><td>Femur</td></tr><tr><td style=\"white-space:nowrap\">83419000<a name=\"SnomedCS-83419000\"> </a></td><td>Femoral vein</td></tr><tr><td style=\"white-space:nowrap\">7657000<a name=\"SnomedCS-7657000\"> </a></td><td>Femoral artery</td></tr><tr><td style=\"white-space:nowrap\">23074001<a name=\"SnomedCS-23074001\"> </a></td><td>Facial artery</td></tr><tr><td style=\"white-space:nowrap\">89545001<a name=\"SnomedCS-89545001\"> </a></td><td>Face</td></tr><tr><td style=\"white-space:nowrap\">80243003<a name=\"SnomedCS-80243003\"> </a></td><td>Eyelid</td></tr><tr><td style=\"white-space:nowrap\">81745001<a name=\"SnomedCS-81745001\"> </a></td><td>Eye</td></tr><tr><td style=\"white-space:nowrap\">66019005<a name=\"SnomedCS-66019005\"> </a></td><td>Extremity</td></tr><tr><td style=\"white-space:nowrap\">71585003<a name=\"SnomedCS-71585003\"> </a></td><td>External jugular vein</td></tr><tr><td style=\"white-space:nowrap\">63507001<a name=\"SnomedCS-63507001\"> </a></td><td>External iliac vein</td></tr><tr><td style=\"white-space:nowrap\">113269004<a name=\"SnomedCS-113269004\"> </a></td><td>External iliac artery</td></tr><tr><td style=\"white-space:nowrap\">32849002<a name=\"SnomedCS-32849002\"> </a></td><td>Esophagus</td></tr><tr><td style=\"white-space:nowrap\">27947004<a name=\"SnomedCS-27947004\"> </a></td><td>Epigastric region</td></tr><tr><td style=\"white-space:nowrap\">87644002<a name=\"SnomedCS-87644002\"> </a></td><td>Epididymis</td></tr><tr><td style=\"white-space:nowrap\">48367006<a name=\"SnomedCS-48367006\"> </a></td><td>Endo-vesical</td></tr><tr><td style=\"white-space:nowrap\">29092000<a name=\"SnomedCS-29092000\"> </a></td><td>Vein</td></tr><tr><td style=\"white-space:nowrap\">59820001<a name=\"SnomedCS-59820001\"> </a></td><td>Endo-vascular</td></tr><tr><td style=\"white-space:nowrap\">18962004<a name=\"SnomedCS-18962004\"> </a></td><td>Endo-nasopharyngeal</td></tr><tr><td style=\"white-space:nowrap\">53342003<a name=\"SnomedCS-53342003\"> </a></td><td>Endo-nasal</td></tr><tr><td style=\"white-space:nowrap\">2739003<a name=\"SnomedCS-2739003\"> </a></td><td>Endometrium</td></tr><tr><td style=\"white-space:nowrap\">16953009<a name=\"SnomedCS-16953009\"> </a></td><td>Elbow joint</td></tr><tr><td style=\"white-space:nowrap\">22286001<a name=\"SnomedCS-22286001\"> </a></td><td>External carotid artery</td></tr><tr><td style=\"white-space:nowrap\">117590005<a name=\"SnomedCS-117590005\"> </a></td><td>Ear</td></tr><tr><td style=\"white-space:nowrap\">84301002<a name=\"SnomedCS-84301002\"> </a></td><td>External auditory canal</td></tr><tr><td style=\"white-space:nowrap\">38848004<a name=\"SnomedCS-38848004\"> </a></td><td>Duodenum</td></tr><tr><td style=\"white-space:nowrap\">32622004<a name=\"SnomedCS-32622004\"> </a></td><td>Descending colon</td></tr><tr><td style=\"white-space:nowrap\">32672002<a name=\"SnomedCS-32672002\"> </a></td><td>Descending aorta</td></tr><tr><td style=\"white-space:nowrap\">53843000<a name=\"SnomedCS-53843000\"> </a></td><td>Rectouterine pouch</td></tr><tr><td style=\"white-space:nowrap\">1217257000<a name=\"SnomedCS-1217257000\"> </a></td><td>Cervico-thoracic spine</td></tr><tr><td style=\"white-space:nowrap\">122494005<a name=\"SnomedCS-122494005\"> </a></td><td>Cervical spine</td></tr><tr><td style=\"white-space:nowrap\">90219004<a name=\"SnomedCS-90219004\"> </a></td><td>Coronary sinus</td></tr><tr><td style=\"white-space:nowrap\">41801008<a name=\"SnomedCS-41801008\"> </a></td><td>Coronary artery</td></tr><tr><td style=\"white-space:nowrap\">28726007<a name=\"SnomedCS-28726007\"> </a></td><td>Cornea</td></tr><tr><td style=\"white-space:nowrap\">79741001<a name=\"SnomedCS-79741001\"> </a></td><td>Common bile duct</td></tr><tr><td style=\"white-space:nowrap\">46027005<a name=\"SnomedCS-46027005\"> </a></td><td>Common iliac vein</td></tr><tr><td style=\"white-space:nowrap\">73634005<a name=\"SnomedCS-73634005\"> </a></td><td>Common iliac artery</td></tr><tr><td style=\"white-space:nowrap\">71854001<a name=\"SnomedCS-71854001\"> </a></td><td>Colon</td></tr><tr><td style=\"white-space:nowrap\">64688005<a name=\"SnomedCS-64688005\"> </a></td><td>Coccyx</td></tr><tr><td style=\"white-space:nowrap\">51299004<a name=\"SnomedCS-51299004\"> </a></td><td>Clavicle</td></tr><tr><td style=\"white-space:nowrap\">11279006<a name=\"SnomedCS-11279006\"> </a></td><td>Circle of Willis</td></tr><tr><td style=\"white-space:nowrap\">80621003<a name=\"SnomedCS-80621003\"> </a></td><td>Choroid plexus</td></tr><tr><td style=\"white-space:nowrap\">416775004<a name=\"SnomedCS-416775004\"> </a></td><td>Chest, Abdomen and Pelvis</td></tr><tr><td style=\"white-space:nowrap\">416550000<a name=\"SnomedCS-416550000\"> </a></td><td>Chest and Abdomen</td></tr><tr><td style=\"white-space:nowrap\">60819002<a name=\"SnomedCS-60819002\"> </a></td><td>Cheek</td></tr><tr><td style=\"white-space:nowrap\">397363009<a name=\"SnomedCS-397363009\"> </a></td><td>Common femoral vein</td></tr><tr><td style=\"white-space:nowrap\">181347005<a name=\"SnomedCS-181347005\"> </a></td><td>Common femoral artery</td></tr><tr><td style=\"white-space:nowrap\">71252005<a name=\"SnomedCS-71252005\"> </a></td><td>Cervix</td></tr><tr><td style=\"white-space:nowrap\">88556005<a name=\"SnomedCS-88556005\"> </a></td><td>Cerebral artery</td></tr><tr><td style=\"white-space:nowrap\">372073000<a name=\"SnomedCS-372073000\"> </a></td><td>Cerebral hemisphere</td></tr><tr><td style=\"white-space:nowrap\">113305005<a name=\"SnomedCS-113305005\"> </a></td><td>Cerebellum</td></tr><tr><td style=\"white-space:nowrap\">20699002<a name=\"SnomedCS-20699002\"> </a></td><td>Cephalic vein</td></tr><tr><td style=\"white-space:nowrap\">57850000<a name=\"SnomedCS-57850000\"> </a></td><td>Celiac artery</td></tr><tr><td style=\"white-space:nowrap\">32062004<a name=\"SnomedCS-32062004\"> </a></td><td>Common carotid artery</td></tr><tr><td style=\"white-space:nowrap\">69105007<a name=\"SnomedCS-69105007\"> </a></td><td>Carotid Artery</td></tr><tr><td style=\"white-space:nowrap\">53840002<a name=\"SnomedCS-53840002\"> </a></td><td>Calf of leg</td></tr><tr><td style=\"white-space:nowrap\">80144004<a name=\"SnomedCS-80144004\"> </a></td><td>Calcaneus</td></tr><tr><td style=\"white-space:nowrap\">21479005<a name=\"SnomedCS-21479005\"> </a></td><td>Carotid bulb</td></tr><tr><td style=\"white-space:nowrap\">955009<a name=\"SnomedCS-955009\"> </a></td><td>Bronchus</td></tr><tr><td style=\"white-space:nowrap\">76752008<a name=\"SnomedCS-76752008\"> </a></td><td>Breast</td></tr><tr><td style=\"white-space:nowrap\">12738006<a name=\"SnomedCS-12738006\"> </a></td><td>Brain</td></tr><tr><td style=\"white-space:nowrap\">20115005<a name=\"SnomedCS-20115005\"> </a></td><td>Brachial vein</td></tr><tr><td style=\"white-space:nowrap\">17137000<a name=\"SnomedCS-17137000\"> </a></td><td>Brachial artery</td></tr><tr><td style=\"white-space:nowrap\">110837003<a name=\"SnomedCS-110837003\"> </a></td><td>Bladder and urethra</td></tr><tr><td style=\"white-space:nowrap\">89837001<a name=\"SnomedCS-89837001\"> </a></td><td>Bladder</td></tr><tr><td style=\"white-space:nowrap\">34707002<a name=\"SnomedCS-34707002\"> </a></td><td>Biliary tract</td></tr><tr><td style=\"white-space:nowrap\">28273000<a name=\"SnomedCS-28273000\"> </a></td><td>Bile duct</td></tr><tr><td style=\"white-space:nowrap\">59011009<a name=\"SnomedCS-59011009\"> </a></td><td>Basilar artery</td></tr><tr><td style=\"white-space:nowrap\">77568009<a name=\"SnomedCS-77568009\"> </a></td><td>Back</td></tr><tr><td style=\"white-space:nowrap\">72107004<a name=\"SnomedCS-72107004\"> </a></td><td>Azygos vein</td></tr><tr><td style=\"white-space:nowrap\">68705008<a name=\"SnomedCS-68705008\"> </a></td><td>Axillary vein</td></tr><tr><td style=\"white-space:nowrap\">67937003<a name=\"SnomedCS-67937003\"> </a></td><td>Axillary Artery</td></tr><tr><td style=\"white-space:nowrap\">91470000<a name=\"SnomedCS-91470000\"> </a></td><td>Axilla</td></tr><tr><td style=\"white-space:nowrap\">9040008<a name=\"SnomedCS-9040008\"> </a></td><td>Ascending colon</td></tr><tr><td style=\"white-space:nowrap\">54247002<a name=\"SnomedCS-54247002\"> </a></td><td>Ascending aorta</td></tr><tr><td style=\"white-space:nowrap\">51114001<a name=\"SnomedCS-51114001\"> </a></td><td>Artery</td></tr><tr><td style=\"white-space:nowrap\">66754008<a name=\"SnomedCS-66754008\"> </a></td><td>Appendix</td></tr><tr><td style=\"white-space:nowrap\">57034009<a name=\"SnomedCS-57034009\"> </a></td><td>Aortic arch</td></tr><tr><td style=\"white-space:nowrap\">15825003<a name=\"SnomedCS-15825003\"> </a></td><td>Aorta</td></tr><tr><td style=\"white-space:nowrap\">110612005<a name=\"SnomedCS-110612005\"> </a></td><td>Anus, rectum and sigmoid colon</td></tr><tr><td style=\"white-space:nowrap\">68053000<a name=\"SnomedCS-68053000\"> </a></td><td>Anterior tibial artery</td></tr><tr><td style=\"white-space:nowrap\">17388009<a name=\"SnomedCS-17388009\"> </a></td><td>Anterior spinal artery</td></tr><tr><td style=\"white-space:nowrap\">128553008<a name=\"SnomedCS-128553008\"> </a></td><td>Antecubital vein</td></tr><tr><td style=\"white-space:nowrap\">8012006<a name=\"SnomedCS-8012006\"> </a></td><td>Anterior communicating artery</td></tr><tr><td style=\"white-space:nowrap\">194996006<a name=\"SnomedCS-194996006\"> </a></td><td>Anterior cardiac vein</td></tr><tr><td style=\"white-space:nowrap\">70258002<a name=\"SnomedCS-70258002\"> </a></td><td>Ankle joint</td></tr><tr><td style=\"white-space:nowrap\">77012006<a name=\"SnomedCS-77012006\"> </a></td><td>Amniotic fluid</td></tr><tr><td style=\"white-space:nowrap\">23451007<a name=\"SnomedCS-23451007\"> </a></td><td>Adrenal gland</td></tr><tr><td style=\"white-space:nowrap\">85856004<a name=\"SnomedCS-85856004\"> </a></td><td>Acromioclavicular joint</td></tr><tr><td style=\"white-space:nowrap\">60176003<a name=\"SnomedCS-60176003\"> </a></td><td>Anterior cerebral artery</td></tr><tr><td style=\"white-space:nowrap\">7832008<a name=\"SnomedCS-7832008\"> </a></td><td>Abdominal aorta</td></tr><tr><td style=\"white-space:nowrap\">818982008<a name=\"SnomedCS-818982008\"> </a></td><td>Abdomen and Pelvis</td></tr><tr><td style=\"white-space:nowrap\">818981001<a name=\"SnomedCS-818981001\"> </a></td><td>Abdomen</td></tr><tr><td style=\"white-space:nowrap\">35918002<a name=\"SnomedCS-35918002\"> </a></td><td>Fourth ventricle</td></tr><tr><td style=\"white-space:nowrap\">49841001<a name=\"SnomedCS-49841001\"> </a></td><td>Third ventricle</td></tr><tr><td style=\"white-space:nowrap\">47625008<a name=\"SnomedCS-47625008\"> </a></td><td>Intravenous use</td></tr><tr><td style=\"white-space:nowrap\">1217123003<a name=\"SnomedCS-1217123003\"> </a></td><td>Radiotherapy course of treatment (regime/therapy)</td></tr><tr><td style=\"white-space:nowrap\">1222565005<a name=\"SnomedCS-1222565005\"> </a></td><td>Radiotherapy treatment phase (regime/therapy)</td></tr><tr><td style=\"white-space:nowrap\">1255724003<a name=\"SnomedCS-1255724003\"> </a></td><td>Radiotherapy treatment plan (regime/therapy)</td></tr><tr><td style=\"white-space:nowrap\">373808002<a name=\"SnomedCS-373808002\"> </a></td><td>Curative - procedure intent</td></tr><tr><td style=\"white-space:nowrap\">363676003<a name=\"SnomedCS-363676003\"> </a></td><td>Palliative - procedure intent</td></tr><tr><td style=\"white-space:nowrap\">399707004<a name=\"SnomedCS-399707004\"> </a></td><td>Supportive - procedure intent</td></tr><tr><td style=\"white-space:nowrap\">261004008<a name=\"SnomedCS-261004008\"> </a></td><td>Diagnostic intent</td></tr><tr><td style=\"white-space:nowrap\">129428001<a name=\"SnomedCS-129428001\"> </a></td><td>Preventive - intent</td></tr><tr><td style=\"white-space:nowrap\">429892002<a name=\"SnomedCS-429892002\"> </a></td><td>Guidance intent</td></tr><tr><td style=\"white-space:nowrap\">360156006<a name=\"SnomedCS-360156006\"> </a></td><td>Screening - procedure intent</td></tr><tr><td style=\"white-space:nowrap\">447295008<a name=\"SnomedCS-447295008\"> </a></td><td>Forensic intent</td></tr><tr><td style=\"white-space:nowrap\">182992009<a name=\"SnomedCS-182992009\"> </a></td><td>Treatment completed (situation)</td></tr><tr><td style=\"white-space:nowrap\">266721009<a name=\"SnomedCS-266721009\"> </a></td><td>No response to treatment (situation)</td></tr><tr><td style=\"white-space:nowrap\">407563006<a name=\"SnomedCS-407563006\"> </a></td><td>Treatment not tolerated (situation)</td></tr><tr><td style=\"white-space:nowrap\">160932005<a name=\"SnomedCS-160932005\"> </a></td><td>Financial problem (finding)</td></tr><tr><td style=\"white-space:nowrap\">105480006<a name=\"SnomedCS-105480006\"> </a></td><td>Refusal of treatment by patient (situation)</td></tr><tr><td style=\"white-space:nowrap\">184081006<a name=\"SnomedCS-184081006\"> </a></td><td>Patient has moved away (finding)</td></tr><tr><td style=\"white-space:nowrap\">309846006<a name=\"SnomedCS-309846006\"> </a></td><td>Treatment not available (situation)</td></tr><tr><td style=\"white-space:nowrap\">399307001<a name=\"SnomedCS-399307001\"> </a></td><td>Lost to follow-up (finding)</td></tr><tr><td style=\"white-space:nowrap\">419620001<a name=\"SnomedCS-419620001\"> </a></td><td>Death (event)</td></tr><tr><td style=\"white-space:nowrap\">228793007<a name=\"SnomedCS-228793007\"> </a></td><td>Planning target volume (observable entity)</td></tr><tr><td style=\"white-space:nowrap\">228791009<a name=\"SnomedCS-228791009\"> </a></td><td>Gross tumor volume (observable entity)</td></tr><tr><td style=\"white-space:nowrap\">228792002<a name=\"SnomedCS-228792002\"> </a></td><td>Clinical target volume (observable entity)</td></tr><tr><td style=\"white-space:nowrap\">1162586008<a name=\"SnomedCS-1162586008\"> </a></td><td>Irradiated volume of organ at risk (observable entity)</td></tr><tr><td style=\"white-space:nowrap\">1201745009<a name=\"SnomedCS-1201745009\"> </a></td><td>Internal target volume (observable entity)</td></tr><tr><td style=\"white-space:nowrap\">1201746005<a name=\"SnomedCS-1201746005\"> </a></td><td>Internal gross tumor volume (observable entity)</td></tr><tr><td style=\"white-space:nowrap\">277733009<a name=\"SnomedCS-277733009\"> </a></td><td>Level 1 (qualifier value)</td></tr><tr><td style=\"white-space:nowrap\">277734003<a name=\"SnomedCS-277734003\"> </a></td><td>Level 2 (qualifier value)</td></tr><tr><td style=\"white-space:nowrap\">277735002<a name=\"SnomedCS-277735002\"> </a></td><td>Level 3 (qualifier value)</td></tr><tr><td style=\"white-space:nowrap\">261089000<a name=\"SnomedCS-261089000\"> </a></td><td>Inferior (qualifier value)</td></tr><tr><td style=\"white-space:nowrap\">264217000<a name=\"SnomedCS-264217000\"> </a></td><td>Superior (qualifier value)</td></tr><tr><td style=\"white-space:nowrap\">261183002<a name=\"SnomedCS-261183002\"> </a></td><td>Upper (qualifier value)</td></tr><tr><td style=\"white-space:nowrap\">261122009<a name=\"SnomedCS-261122009\"> </a></td><td>Lower (qualifier value)</td></tr><tr><td style=\"white-space:nowrap\">260528009<a name=\"SnomedCS-260528009\"> </a></td><td>Middle (qualifier value)</td></tr><tr><td style=\"white-space:nowrap\">46053002<a name=\"SnomedCS-46053002\"> </a></td><td>Distal (qualifier value)</td></tr><tr><td style=\"white-space:nowrap\">40415009<a name=\"SnomedCS-40415009\"> </a></td><td>Proximal (qualifier value)</td></tr><tr><td style=\"white-space:nowrap\">255503000<a name=\"SnomedCS-255503000\"> </a></td><td>Entire (qualifier value)</td></tr><tr><td style=\"white-space:nowrap\">255609007<a name=\"SnomedCS-255609007\"> </a></td><td>Partial (qualifier value)</td></tr><tr><td style=\"white-space:nowrap\">7771000<a name=\"SnomedCS-7771000\"> </a></td><td>Left (qualifier value)</td></tr><tr><td style=\"white-space:nowrap\">24028007<a name=\"SnomedCS-24028007\"> </a></td><td>Right (qualifier value)</td></tr><tr><td style=\"white-space:nowrap\">51440002<a name=\"SnomedCS-51440002\"> </a></td><td>Right and left (qualifier value)</td></tr><tr><td style=\"white-space:nowrap\">14414005<a name=\"SnomedCS-14414005\"> </a></td><td>Peripheral (qualifier value)</td></tr><tr><td style=\"white-space:nowrap\">26216008<a name=\"SnomedCS-26216008\"> </a></td><td>Central (qualifier value)</td></tr><tr><td style=\"white-space:nowrap\">260235002<a name=\"SnomedCS-260235002\"> </a></td><td>Core (qualifier value)</td></tr><tr><td style=\"white-space:nowrap\">410679008<a name=\"SnomedCS-410679008\"> </a></td><td>Surface (qualifier value)</td></tr><tr><td style=\"white-space:nowrap\">260521003<a name=\"SnomedCS-260521003\"> </a></td><td>Internal (qualifier value)</td></tr><tr><td style=\"white-space:nowrap\">261074009<a name=\"SnomedCS-261074009\"> </a></td><td>External (qualifier value)</td></tr><tr><td style=\"white-space:nowrap\">261115001<a name=\"SnomedCS-261115001\"> </a></td><td>Laryngeal (qualifier value)</td></tr><tr><td style=\"white-space:nowrap\">260548002<a name=\"SnomedCS-260548002\"> </a></td><td>Oral (qualifier value)</td></tr><tr><td style=\"white-space:nowrap\">18769003<a name=\"SnomedCS-18769003\"> </a></td><td>Adjacent</td></tr><tr><td style=\"white-space:nowrap\">1217011006<a name=\"SnomedCS-1217011006\"> </a></td><td>Non-adjacent (qualifier value)</td></tr><tr><td style=\"white-space:nowrap\">1162616006<a name=\"SnomedCS-1162616006\"> </a></td><td>Lymph node level IA (qualifier value)</td></tr><tr><td style=\"white-space:nowrap\">1162617002<a name=\"SnomedCS-1162617002\"> </a></td><td>Lymph node level IB (qualifier value)</td></tr><tr><td style=\"white-space:nowrap\">1162620005<a name=\"SnomedCS-1162620005\"> </a></td><td>Lymph node level IVA (qualifier value)</td></tr><tr><td style=\"white-space:nowrap\">1162621009<a name=\"SnomedCS-1162621009\"> </a></td><td>Lymph node level IVB (qualifier value)</td></tr><tr><td style=\"white-space:nowrap\">1162622002<a name=\"SnomedCS-1162622002\"> </a></td><td>Lymph node level VA (qualifier value)</td></tr><tr><td style=\"white-space:nowrap\">1162623007<a name=\"SnomedCS-1162623007\"> </a></td><td>Lymph node level VB (qualifier value)</td></tr><tr><td style=\"white-space:nowrap\">1162624001<a name=\"SnomedCS-1162624001\"> </a></td><td>Lymph node level VC (qualifier value)</td></tr><tr><td style=\"white-space:nowrap\">1162625000<a name=\"SnomedCS-1162625000\"> </a></td><td>Lymph node level VIA (qualifier value)</td></tr><tr><td style=\"white-space:nowrap\">1162626004<a name=\"SnomedCS-1162626004\"> </a></td><td>Lymph node level VIB (qualifier value)</td></tr><tr><td style=\"white-space:nowrap\">1162628003<a name=\"SnomedCS-1162628003\"> </a></td><td>Lymph node level VIIA (qualifier value)</td></tr><tr><td style=\"white-space:nowrap\">1162627008<a name=\"SnomedCS-1162627008\"> </a></td><td>Lymph node level VIIB (qualifier value)</td></tr><tr><td style=\"white-space:nowrap\">1162618007<a name=\"SnomedCS-1162618007\"> </a></td><td>Lymph node level VIII (qualifier value)</td></tr><tr><td style=\"white-space:nowrap\">1162619004<a name=\"SnomedCS-1162619004\"> </a></td><td>Lymph node level IX (qualifier value)</td></tr><tr><td style=\"white-space:nowrap\">1162614009<a name=\"SnomedCS-1162614009\"> </a></td><td>Lymph node level X (qualifier value)</td></tr><tr><td style=\"white-space:nowrap\">1162615005<a name=\"SnomedCS-1162615005\"> </a></td><td>Lymph node level XA (qualifier value)</td></tr><tr><td style=\"white-space:nowrap\">1162613003<a name=\"SnomedCS-1162613003\"> </a></td><td>Lymph node level XB (qualifier value)</td></tr><tr><td style=\"white-space:nowrap\">68171009<a name=\"SnomedCS-68171009\"> </a></td><td>Axillary lymph node structure</td></tr><tr><td style=\"white-space:nowrap\">373858009<a name=\"SnomedCS-373858009\"> </a></td><td>Radiotherapy course changed - acute radiotherapy toxicity (finding)</td></tr><tr><td style=\"white-space:nowrap\">314846003<a name=\"SnomedCS-314846003\"> </a></td><td>Patient given choice of treatment (finding)</td></tr><tr><td style=\"white-space:nowrap\">10611004<a name=\"SnomedCS-10611004\"> </a></td><td>External beam radiation therapy protons (procedure)</td></tr><tr><td style=\"white-space:nowrap\">45643008<a name=\"SnomedCS-45643008\"> </a></td><td>External beam radiation therapy using electrons (procedure)</td></tr><tr><td style=\"white-space:nowrap\">80347004<a name=\"SnomedCS-80347004\"> </a></td><td>External beam radiation therapy neutrons (procedure)</td></tr><tr><td style=\"white-space:nowrap\">1156505006<a name=\"SnomedCS-1156505006\"> </a></td><td>External beam radiation therapy using carbon ions (procedure)</td></tr><tr><td style=\"white-space:nowrap\">1156506007<a name=\"SnomedCS-1156506007\"> </a></td><td>External beam radiation therapy using photons (procedure)</td></tr><tr><td style=\"white-space:nowrap\">1156708005<a name=\"SnomedCS-1156708005\"> </a></td><td>Low dose rate brachytherapy using temporary radioactive source (procedure)</td></tr><tr><td style=\"white-space:nowrap\">169359004<a name=\"SnomedCS-169359004\"> </a></td><td>Internal radiotherapy - permanent seeds (procedure)</td></tr><tr><td style=\"white-space:nowrap\">1156384006<a name=\"SnomedCS-1156384006\"> </a></td><td>Pulsed dose rate brachytherapy (procedure)</td></tr><tr><td style=\"white-space:nowrap\">394902000<a name=\"SnomedCS-394902000\"> </a></td><td>High dose brachytherapy (procedure)</td></tr><tr><td style=\"white-space:nowrap\">438629002<a name=\"SnomedCS-438629002\"> </a></td><td>High dose rate electronic brachytherapy (procedure)</td></tr><tr><td style=\"white-space:nowrap\">440252007<a name=\"SnomedCS-440252007\"> </a></td><td>Administration of radiopharmaceutical (procedure)</td></tr><tr><td style=\"white-space:nowrap\">441799006<a name=\"SnomedCS-441799006\"> </a></td><td>Intensity modulated radiation therapy (procedure)</td></tr><tr><td style=\"white-space:nowrap\">1156530009<a name=\"SnomedCS-1156530009\"> </a></td><td>Volumetric Modulated Arc Therapy (procedure)</td></tr><tr><td style=\"white-space:nowrap\">1156526006<a name=\"SnomedCS-1156526006\"> </a></td><td>Two dimensional external beam radiation therapy (procedure)</td></tr><tr><td style=\"white-space:nowrap\">168524008<a name=\"SnomedCS-168524008\"> </a></td><td>Radiotherapy - intraoperative control (procedure)</td></tr></table></div>"},"url":"http://snomed.info/sct","version":"1.1.0","name":"SnomedCS","title":"SNOMED Codes Code System","status":"draft","date":"2025-04-23T09:23:26+00:00","publisher":"institutcancer","contact":[{"name":"institutcancer","telecom":[{"system":"url","value":"http://cancer.fr"},{"system":"email","value":"osiris@institutcancer.fr"}]},{"name":"Aurélien JOBARD","telecom":[{"system":"email","value":"osiris@institutcancer.fr"}]}],"description":"SNOMED Codes Code System","content":"complete","count":387,"concept":[{"code":"13881006","display":"Zygoma"},{"code":"74670003","display":"Wrist joint"},{"code":"38266002","display":"Entire body"},{"code":"45292006","display":"Vulva"},{"code":"85234005","display":"Vertebral artery"},{"code":"76784001","display":"Vagina"},{"code":"35039007","display":"Uterus"},{"code":"13648007","display":"Urethra"},{"code":"87953007","display":"Ureter"},{"code":"431491007","display":"Upper urinary tract"},{"code":"53120007","display":"Upper limb"},{"code":"40983000","display":"Upper arm"},{"code":"284639000","display":"Umbilical vein"},{"code":"50536004","display":"Umbilical artery"},{"code":"90290004","display":"Umbilical region"},{"code":"44984001","display":"Ulnar artery"},{"code":"23416004","display":"Ulna"},{"code":"122495006","display":"Thoracic spine"},{"code":"485005","display":"Transverse colon"},{"code":"110726009","display":"Trachea and bronchus"},{"code":"44567001","display":"Trachea"},{"code":"21974007","display":"Tongue"},{"code":"29707007","display":"Toe"},{"code":"53620006","display":"Temporomandibular joint"},{"code":"1217256009","display":"Thoraco-lumbar spine"},{"code":"110536004","display":"Tibia and fibula"},{"code":"12611008","display":"Tibia"},{"code":"69748006","display":"Thyroid"},{"code":"9875009","display":"Thymus"},{"code":"76505004","display":"Thumb"},{"code":"43799004","display":"Thorax"},{"code":"113262008","display":"Thoracic aorta"},{"code":"68367000","display":"Thigh"},{"code":"42695009","display":"Thalamus"},{"code":"40689003","display":"Testis"},{"code":"48345005","display":"Superior vena cava"},{"code":"72021004","display":"Superior thyroid artery"},{"code":"11708003","display":"Pubic region"},{"code":"77621008","display":"Supraclavicular region of neck"},{"code":"54019009","display":"Submandibular gland"},{"code":"19695001","display":"Subcostal"},{"code":"9454009","display":"Subclavian vein"},{"code":"36765005","display":"Subclavian artery"},{"code":"69695003","display":"Stomach"},{"code":"56873002","display":"Sternum"},{"code":"54735007","display":"Sacrum"},{"code":"35819009","display":"Splenic vein"},{"code":"22083002","display":"Splenic artery"},{"code":"78961009","display":"Spleen"},{"code":"421060004","display":"Spine"},{"code":"2748008","display":"Spinal cord"},{"code":"30315005","display":"Small intestine"},{"code":"42258001","display":"Superior mesenteric artery"},{"code":"89546000","display":"Skull"},{"code":"39723000","display":"Sacroiliac joint"},{"code":"60184004","display":"Sigmoid colon"},{"code":"16982005","display":"Shoulder"},{"code":"397364003","display":"Superficial femoral vein"},{"code":"128587003","display":"Saphenofemoral junction"},{"code":"181349008","display":"Superficial femoral artery"},{"code":"58742003","display":"Sesamoid bones of foot"},{"code":"64739004","display":"Seminal vesicle"},{"code":"42575006","display":"Sella turcica"},{"code":"20233005","display":"Scrotum"},{"code":"18619003","display":"Sclera"},{"code":"7844006","display":"Sternoclavicular joint"},{"code":"79601000","display":"Scapula"},{"code":"41695006","display":"Scalp"},{"code":"362072009","display":"Saphenous vein"},{"code":"53085002","display":"Right ventricle"},{"code":"50519007","display":"Right upper quadrant of abdomen"},{"code":"8629005","display":"Superior right pulmonary vein"},{"code":"78480002","display":"Right pulmonary artery"},{"code":"73931004","display":"Right portal vein"},{"code":"1017211000","display":"Right lumbar region"},{"code":"48544008","display":"Right lower quadrant of abdomen"},{"code":"37117007","display":"Right inguinal region"},{"code":"113197003","display":"Rib"},{"code":"133946002","display":"Right hypochondriac region"},{"code":"272998002","display":"Right hepatic vein"},{"code":"69833005","display":"Right femoral artery"},{"code":"82849001","display":"Retroperitoneum"},{"code":"56400007","display":"Renal vein"},{"code":"2841007","display":"Renal artery"},{"code":"34402009","display":"Rectum"},{"code":"73829009","display":"Right atrium"},{"code":"110535000","display":"Radius and ulna"},{"code":"62413002","display":"Radius"},{"code":"45631007","display":"Radial artery"},{"code":"122972007","display":"Pulmonary vein"},{"code":"81040000","display":"Pulmonary artery"},{"code":"41216001","display":"Prostate"},{"code":"23438002","display":"Profunda femoris vein"},{"code":"31677005","display":"Profunda femoris artery"},{"code":"13363002","display":"Posterior tibial artery"},{"code":"43119007","display":"Posterior communicating artery"},{"code":"32764006","display":"Portal vein"},{"code":"56849005","display":"Popliteal vein"},{"code":"32361000","display":"Popliteal fossa"},{"code":"43899006","display":"Popliteal artery"},{"code":"78067005","display":"Placenta"},{"code":"312535008","display":"Pharynx and larynx"},{"code":"54066008","display":"Pharynx"},{"code":"706342009","display":"Phantom"},{"code":"8821006","display":"Peroneal artery"},{"code":"38864007","display":"Perineum"},{"code":"18911002","display":"Penis"},{"code":"282044005","display":"Penile artery"},{"code":"1231522001","display":"Pelvis and lower extremities"},{"code":"816092008","display":"Pelvis"},{"code":"70382005","display":"Posterior cerebral artery"},{"code":"64234005","display":"Patella"},{"code":"45289007","display":"Parotid gland"},{"code":"111002","display":"Parathyroid"},{"code":"91691001","display":"Parasternal"},{"code":"69930009","display":"Pancreatic duct"},{"code":"15776009","display":"Pancreas"},{"code":"110621006","display":"Pancreatic duct and bile duct systems"},{"code":"15497006","display":"Ovary"},{"code":"363654007","display":"Orbital structure"},{"code":"55024004","display":"Optic canal"},{"code":"53549008","display":"Ophthalmic artery"},{"code":"31145008","display":"Occipital artery"},{"code":"32114007","display":"Occipital vein"},{"code":"45206002","display":"Nose"},{"code":"416319003","display":"Neck, Chest, Abdomen and Pelvis"},{"code":"416152001","display":"Neck, Chest and Abdomen"},{"code":"417437006","display":"Neck and Chest"},{"code":"45048000","display":"Neck"},{"code":"360955006","display":"Nasopharynx"},{"code":"123851003","display":"Mouth"},{"code":"243977002","display":"Morisons pouch"},{"code":"273099000","display":"Middle hepatic vein"},{"code":"128583004","display":"Mesenteric vein"},{"code":"86570000","display":"Mesenteric artery"},{"code":"72410000","display":"Mediastinum"},{"code":"17232002","display":"Middle cerebral artery"},{"code":"70925003","display":"Maxilla"},{"code":"59066005","display":"Mastoid bone"},{"code":"91609006","display":"Mandible"},{"code":"87878005","display":"Left ventricle"},{"code":"86367003","display":"Left upper quadrant of abdomen"},{"code":"39607008","display":"Lung"},{"code":"91747007","display":"Lumen of blood vessel"},{"code":"34635009","display":"Lumbar artery"},{"code":"52612000","display":"Lumbar region"},{"code":"43863001","display":"Superior left pulmonary vein"},{"code":"1217253001","display":"Lumbo-sacral spine"},{"code":"122496007","display":"Lumbar spine"},{"code":"50408007","display":"Left pulmonary artery"},{"code":"70253006","display":"Left portal vein"},{"code":"61685007","display":"Lower limb"},{"code":"30021000","display":"Lower leg"},{"code":"1017210004","display":"Left lumbar region"},{"code":"68505006","display":"Left lower quadrant of abdomen"},{"code":"10200004","display":"Liver"},{"code":"85119005","display":"Left inguinal region"},{"code":"113264009","display":"Lingual artery"},{"code":"133945003","display":"Left hypochondriac region"},{"code":"273202007","display":"Left hepatic vein"},{"code":"113270003","display":"Left femoral artery"},{"code":"66720007","display":"Lateral Ventricle"},{"code":"82471001","display":"Left atrium"},{"code":"4596009","display":"Larynx"},{"code":"14742008","display":"Large intestine"},{"code":"59749000","display":"Lacrimal artery"},{"code":"72696002","display":"Knee"},{"code":"64033007","display":"Kidney"},{"code":"39352004","display":"Joint"},{"code":"21306003","display":"Jejunum"},{"code":"661005","display":"Jaw region"},{"code":"1101003","display":"Intracranial"},{"code":"69327007","display":"Internal mammary artery"},{"code":"12123001","display":"Internal jugular vein"},{"code":"90024005","display":"Internal iliac artery"},{"code":"8887007","display":"Innominate vein"},{"code":"12691009","display":"Innominate artery"},{"code":"26893007","display":"Inguinal region"},{"code":"64131007","display":"Inferior vena cava"},{"code":"33795007","display":"Inferior mesenteric artery"},{"code":"22356005","display":"Ilium"},{"code":"244411005","display":"Iliac vein"},{"code":"10293006","display":"Iliac artery"},{"code":"34516001","display":"Ileum"},{"code":"86117002","display":"Internal carotid artery"},{"code":"361078006","display":"Internal Auditory Canal"},{"code":"81502006","display":"Hypopharynx"},{"code":"85050009","display":"Humerus"},{"code":"24136001","display":"Hip joint"},{"code":"8993003","display":"Hepatic vein"},{"code":"76015000","display":"Hepatic artery"},{"code":"80891009","display":"Heart"},{"code":"774007","display":"Head and Neck"},{"code":"69536005","display":"Head"},{"code":"85562004","display":"Hand"},{"code":"60734001","display":"Great saphenous vein"},{"code":"46862004","display":"Gluteal region"},{"code":"300571009","display":"Gestational sac"},{"code":"128559007","display":"Genicular artery"},{"code":"110568007","display":"Gastric vein"},{"code":"28231008","display":"Gallbladder"},{"code":"14975008","display":"Forearm"},{"code":"56459004","display":"Foot"},{"code":"79361005","display":"Fontanel of skull"},{"code":"58602004","display":"Flank"},{"code":"7569003","display":"Finger"},{"code":"87342007","display":"Fibula"},{"code":"71341001","display":"Femur"},{"code":"83419000","display":"Femoral vein"},{"code":"7657000","display":"Femoral artery"},{"code":"23074001","display":"Facial artery"},{"code":"89545001","display":"Face"},{"code":"80243003","display":"Eyelid"},{"code":"81745001","display":"Eye"},{"code":"66019005","display":"Extremity"},{"code":"71585003","display":"External jugular vein"},{"code":"63507001","display":"External iliac vein"},{"code":"113269004","display":"External iliac artery"},{"code":"32849002","display":"Esophagus"},{"code":"27947004","display":"Epigastric region"},{"code":"87644002","display":"Epididymis"},{"code":"48367006","display":"Endo-vesical"},{"code":"29092000","display":"Vein"},{"code":"59820001","display":"Endo-vascular"},{"code":"18962004","display":"Endo-nasopharyngeal"},{"code":"53342003","display":"Endo-nasal"},{"code":"2739003","display":"Endometrium"},{"code":"16953009","display":"Elbow joint"},{"code":"22286001","display":"External carotid artery"},{"code":"117590005","display":"Ear"},{"code":"84301002","display":"External auditory canal"},{"code":"38848004","display":"Duodenum"},{"code":"32622004","display":"Descending colon"},{"code":"32672002","display":"Descending aorta"},{"code":"53843000","display":"Rectouterine pouch"},{"code":"1217257000","display":"Cervico-thoracic spine"},{"code":"122494005","display":"Cervical spine"},{"code":"90219004","display":"Coronary sinus"},{"code":"41801008","display":"Coronary artery"},{"code":"28726007","display":"Cornea"},{"code":"79741001","display":"Common bile duct"},{"code":"46027005","display":"Common iliac vein"},{"code":"73634005","display":"Common iliac artery"},{"code":"71854001","display":"Colon"},{"code":"64688005","display":"Coccyx"},{"code":"51299004","display":"Clavicle"},{"code":"11279006","display":"Circle of Willis"},{"code":"80621003","display":"Choroid plexus"},{"code":"416775004","display":"Chest, Abdomen and Pelvis"},{"code":"416550000","display":"Chest and Abdomen"},{"code":"60819002","display":"Cheek"},{"code":"397363009","display":"Common femoral vein"},{"code":"181347005","display":"Common femoral artery"},{"code":"71252005","display":"Cervix"},{"code":"88556005","display":"Cerebral artery"},{"code":"372073000","display":"Cerebral hemisphere"},{"code":"113305005","display":"Cerebellum"},{"code":"20699002","display":"Cephalic vein"},{"code":"57850000","display":"Celiac artery"},{"code":"32062004","display":"Common carotid artery"},{"code":"69105007","display":"Carotid Artery"},{"code":"53840002","display":"Calf of leg"},{"code":"80144004","display":"Calcaneus"},{"code":"21479005","display":"Carotid bulb"},{"code":"955009","display":"Bronchus"},{"code":"76752008","display":"Breast"},{"code":"12738006","display":"Brain"},{"code":"20115005","display":"Brachial vein"},{"code":"17137000","display":"Brachial artery"},{"code":"110837003","display":"Bladder and urethra"},{"code":"89837001","display":"Bladder"},{"code":"34707002","display":"Biliary tract"},{"code":"28273000","display":"Bile duct"},{"code":"59011009","display":"Basilar artery"},{"code":"77568009","display":"Back"},{"code":"72107004","display":"Azygos vein"},{"code":"68705008","display":"Axillary vein"},{"code":"67937003","display":"Axillary Artery"},{"code":"91470000","display":"Axilla"},{"code":"9040008","display":"Ascending colon"},{"code":"54247002","display":"Ascending aorta"},{"code":"51114001","display":"Artery"},{"code":"66754008","display":"Appendix"},{"code":"57034009","display":"Aortic arch"},{"code":"15825003","display":"Aorta"},{"code":"110612005","display":"Anus, rectum and sigmoid colon"},{"code":"68053000","display":"Anterior tibial artery"},{"code":"17388009","display":"Anterior spinal artery"},{"code":"128553008","display":"Antecubital vein"},{"code":"8012006","display":"Anterior communicating artery"},{"code":"194996006","display":"Anterior cardiac vein"},{"code":"70258002","display":"Ankle joint"},{"code":"77012006","display":"Amniotic fluid"},{"code":"23451007","display":"Adrenal gland"},{"code":"85856004","display":"Acromioclavicular joint"},{"code":"60176003","display":"Anterior cerebral artery"},{"code":"7832008","display":"Abdominal aorta"},{"code":"818982008","display":"Abdomen and Pelvis"},{"code":"818981001","display":"Abdomen"},{"code":"35918002","display":"Fourth ventricle"},{"code":"49841001","display":"Third ventricle"},{"code":"47625008","display":"Intravenous use"},{"code":"1217123003","display":"Radiotherapy course of treatment (regime/therapy)"},{"code":"1222565005","display":"Radiotherapy treatment phase (regime/therapy)"},{"code":"1255724003","display":"Radiotherapy treatment plan (regime/therapy)"},{"code":"373808002","display":"Curative - procedure intent"},{"code":"363676003","display":"Palliative - procedure intent"},{"code":"399707004","display":"Supportive - procedure intent"},{"code":"261004008","display":"Diagnostic intent"},{"code":"129428001","display":"Preventive - intent"},{"code":"429892002","display":"Guidance intent"},{"code":"360156006","display":"Screening - procedure intent"},{"code":"447295008","display":"Forensic intent"},{"code":"182992009","display":"Treatment completed (situation)"},{"code":"266721009","display":"No response to treatment (situation)"},{"code":"407563006","display":"Treatment not tolerated (situation)"},{"code":"160932005","display":"Financial problem (finding)"},{"code":"105480006","display":"Refusal of treatment by patient (situation)"},{"code":"184081006","display":"Patient has moved away (finding)"},{"code":"309846006","display":"Treatment not available (situation)"},{"code":"399307001","display":"Lost to follow-up (finding)"},{"code":"419620001","display":"Death (event)"},{"code":"228793007","display":"Planning target volume (observable entity)"},{"code":"228791009","display":"Gross tumor volume (observable entity)"},{"code":"228792002","display":"Clinical target volume (observable entity)"},{"code":"1162586008","display":"Irradiated volume of organ at risk (observable entity)"},{"code":"1201745009","display":"Internal target volume (observable entity)"},{"code":"1201746005","display":"Internal gross tumor volume (observable entity)"},{"code":"277733009","display":"Level 1 (qualifier value)"},{"code":"277734003","display":"Level 2 (qualifier value)"},{"code":"277735002","display":"Level 3 (qualifier value)"},{"code":"261089000","display":"Inferior (qualifier value)"},{"code":"264217000","display":"Superior (qualifier value)"},{"code":"261183002","display":"Upper (qualifier value)"},{"code":"261122009","display":"Lower (qualifier value)"},{"code":"260528009","display":"Middle (qualifier value)"},{"code":"46053002","display":"Distal (qualifier value)"},{"code":"40415009","display":"Proximal (qualifier value)"},{"code":"255503000","display":"Entire (qualifier value)"},{"code":"255609007","display":"Partial (qualifier value)"},{"code":"7771000","display":"Left (qualifier value)"},{"code":"24028007","display":"Right (qualifier value)"},{"code":"51440002","display":"Right and left (qualifier value)"},{"code":"14414005","display":"Peripheral (qualifier value)"},{"code":"26216008","display":"Central (qualifier value)"},{"code":"260235002","display":"Core (qualifier value)"},{"code":"410679008","display":"Surface (qualifier value)"},{"code":"260521003","display":"Internal (qualifier value)"},{"code":"261074009","display":"External (qualifier value)"},{"code":"261115001","display":"Laryngeal (qualifier value)"},{"code":"260548002","display":"Oral (qualifier value)"},{"code":"18769003","display":"Adjacent"},{"code":"1217011006","display":"Non-adjacent (qualifier value)"},{"code":"1162616006","display":"Lymph node level IA (qualifier value)"},{"code":"1162617002","display":"Lymph node level IB (qualifier value)"},{"code":"1162620005","display":"Lymph node level IVA (qualifier value)"},{"code":"1162621009","display":"Lymph node level IVB (qualifier value)"},{"code":"1162622002","display":"Lymph node level VA (qualifier value)"},{"code":"1162623007","display":"Lymph node level VB (qualifier value)"},{"code":"1162624001","display":"Lymph node level VC (qualifier value)"},{"code":"1162625000","display":"Lymph node level VIA (qualifier value)"},{"code":"1162626004","display":"Lymph node level VIB (qualifier value)"},{"code":"1162628003","display":"Lymph node level VIIA (qualifier value)"},{"code":"1162627008","display":"Lymph node level VIIB (qualifier value)"},{"code":"1162618007","display":"Lymph node level VIII (qualifier value)"},{"code":"1162619004","display":"Lymph node level IX (qualifier value)"},{"code":"1162614009","display":"Lymph node level X (qualifier value)"},{"code":"1162615005","display":"Lymph node level XA (qualifier value)"},{"code":"1162613003","display":"Lymph node level XB (qualifier value)"},{"code":"68171009","display":"Axillary lymph node structure"},{"code":"373858009","display":"Radiotherapy course changed - acute radiotherapy toxicity (finding)"},{"code":"314846003","display":"Patient given choice of treatment (finding)"},{"code":"10611004","display":"External beam radiation therapy protons (procedure)"},{"code":"45643008","display":"External beam radiation therapy using electrons (procedure)"},{"code":"80347004","display":"External beam radiation therapy neutrons (procedure)"},{"code":"1156505006","display":"External beam radiation therapy using carbon ions (procedure)"},{"code":"1156506007","display":"External beam radiation therapy using photons (procedure)"},{"code":"1156708005","display":"Low dose rate brachytherapy using temporary radioactive source (procedure)"},{"code":"169359004","display":"Internal radiotherapy - permanent seeds (procedure)"},{"code":"1156384006","display":"Pulsed dose rate brachytherapy (procedure)"},{"code":"394902000","display":"High dose brachytherapy (procedure)"},{"code":"438629002","display":"High dose rate electronic brachytherapy (procedure)"},{"code":"440252007","display":"Administration of radiopharmaceutical (procedure)"},{"code":"441799006","display":"Intensity modulated radiation therapy (procedure)"},{"code":"1156530009","display":"Volumetric Modulated Arc Therapy (procedure)"},{"code":"1156526006","display":"Two dimensional external beam radiation therapy (procedure)"},{"code":"168524008","display":"Radiotherapy - intraoperative control (procedure)"}]}