{"resourceType":"ValueSet","id":"GenomeBuild","text":{"status":"generated","div":"<div xmlns=\"http://www.w3.org/1999/xhtml\"><p class=\"res-header-id\"><b>Generated Narrative: ValueSet GenomeBuild</b></p><a name=\"GenomeBuild\"> </a><a name=\"hcGenomeBuild\"> </a><a name=\"GenomeBuild-en-US\"> </a><ul><li>Include these codes as defined in <code>https://github.com/siric-osiris/OSIRIS</code><table class=\"none\"><tr><td style=\"white-space:nowrap\"><b>Code</b></td><td><b>Display</b></td></tr><tr><td>O22-1</td><td>GRCh37</td></tr><tr><td>O22-2</td><td>GRCh38</td></tr></table></li></ul></div>"},"url":"https://ig-osiris.cancer.fr/ig/osiris/ValueSet/GenomeBuild","version":"1.1.0","name":"GenomeBuild","title":"GenomeBuild Value Set","status":"draft","date":"2025-04-23T09:23:26+00:00","publisher":"institutcancer","contact":[{"name":"institutcancer","telecom":[{"system":"url","value":"http://cancer.fr"},{"system":"email","value":"osiris@institutcancer.fr"}]},{"name":"Aurélien JOBARD","telecom":[{"system":"email","value":"osiris@institutcancer.fr"}]}],"description":"GenomeBuild","compose":{"include":[{"system":"https://github.com/siric-osiris/OSIRIS","concept":[{"code":"O22-1","display":"GRCh37"},{"code":"O22-2","display":"GRCh38"}]}]}}