{"resourceType":"ValueSet","id":"RadiomicsFeaturesVS","text":{"status":"generated","div":"<div xmlns=\"http://www.w3.org/1999/xhtml\"><p class=\"res-header-id\"><b>Generated Narrative: ValueSet RadiomicsFeaturesVS</b></p><a name=\"RadiomicsFeaturesVS\"> </a><a name=\"hcRadiomicsFeaturesVS\"> </a><a name=\"RadiomicsFeaturesVS-en-US\"> </a><p>This value set includes codes based on the following rules:</p><ul><li>Include these codes as defined in <a href=\"CodeSystem-IBSICS.html\"><code>https://ibsi.readthedocs.io/en/latest/</code></a><table class=\"none\"><tr><td style=\"white-space:nowrap\"><b>Code</b></td><td><b>Display</b></td></tr><tr><td><a href=\"CodeSystem-IBSICS.html#IBSICS-MPUJ\">MPUJ</a></td><td>grid distances</td></tr><tr><td><a href=\"CodeSystem-IBSICS.html#IBSICS-5QB6\">5QB6</a></td><td>feature aggregation</td></tr><tr><td><a href=\"CodeSystem-IBSICS.html#IBSICS-6CK8\">6CK8</a></td><td>distance weighting</td></tr><tr><td><a href=\"CodeSystem-IBSICS.html#IBSICS-HCUG\">HCUG</a></td><td>Morphological features</td></tr><tr><td><a href=\"CodeSystem-IBSICS.html#IBSICS-RNU0\">RNU0</a></td><td>Volume</td></tr><tr><td><a href=\"CodeSystem-IBSICS.html#IBSICS-YEKZ\">YEKZ</a></td><td>Approximate volume</td></tr><tr><td><a href=\"CodeSystem-IBSICS.html#IBSICS-C0JK\">C0JK</a></td><td>Surface area</td></tr><tr><td><a href=\"CodeSystem-IBSICS.html#IBSICS-2PR5\">2PR5</a></td><td>Surface to volume ratio</td></tr><tr><td><a href=\"CodeSystem-IBSICS.html#IBSICS-SKGS\">SKGS</a></td><td>Compactness 1</td></tr><tr><td><a href=\"CodeSystem-IBSICS.html#IBSICS-BQWJ\">BQWJ</a></td><td>Compactness 2</td></tr><tr><td><a href=\"CodeSystem-IBSICS.html#IBSICS-KRCK\">KRCK</a></td><td>Spherical disproportion</td></tr><tr><td><a href=\"CodeSystem-IBSICS.html#IBSICS-QCFX\">QCFX</a></td><td>Sphericity</td></tr><tr><td><a href=\"CodeSystem-IBSICS.html#IBSICS-25C7\">25C7</a></td><td>Asphericity</td></tr><tr><td><a href=\"CodeSystem-IBSICS.html#IBSICS-KLMA\">KLMA</a></td><td>Centre of mass shift</td></tr><tr><td><a href=\"CodeSystem-IBSICS.html#IBSICS-L0JK\">L0JK</a></td><td>Maximum 3D diameter</td></tr><tr><td><a href=\"CodeSystem-IBSICS.html#IBSICS-TDIC\">TDIC</a></td><td>Major axis length</td></tr><tr><td><a href=\"CodeSystem-IBSICS.html#IBSICS-P9VJ\">P9VJ</a></td><td>Minor axis length</td></tr><tr><td><a href=\"CodeSystem-IBSICS.html#IBSICS-7J51\">7J51</a></td><td>Least axis length</td></tr><tr><td><a href=\"CodeSystem-IBSICS.html#IBSICS-Q3CK\">Q3CK</a></td><td>Elongation</td></tr><tr><td><a href=\"CodeSystem-IBSICS.html#IBSICS-N17B\">N17B</a></td><td>Flatness</td></tr><tr><td><a href=\"CodeSystem-IBSICS.html#IBSICS-PBX1\">PBX1</a></td><td>Volume density - axis-aligned bounding box</td></tr><tr><td><a href=\"CodeSystem-IBSICS.html#IBSICS-R59B\">R59B</a></td><td>Area density - axis-aligned bounding box</td></tr><tr><td><a href=\"CodeSystem-IBSICS.html#IBSICS-ZH1A\">ZH1A</a></td><td>Volume density - oriented minimum bounding box</td></tr><tr><td><a href=\"CodeSystem-IBSICS.html#IBSICS-IQYR\">IQYR</a></td><td>Area density - oriented minimum bounding box</td></tr><tr><td><a href=\"CodeSystem-IBSICS.html#IBSICS-6BDE\">6BDE</a></td><td>Volume density - approximate enclosing ellipsoid</td></tr><tr><td><a href=\"CodeSystem-IBSICS.html#IBSICS-RDD2\">RDD2</a></td><td>Area density - approximate enclosing ellipsoid</td></tr><tr><td><a href=\"CodeSystem-IBSICS.html#IBSICS-SWZ1\">SWZ1</a></td><td>Volume density - minimum volume enclosing ellipsoid</td></tr><tr><td><a href=\"CodeSystem-IBSICS.html#IBSICS-BRI8\">BRI8</a></td><td>Area density - minimum volume enclosing ellipsoid</td></tr><tr><td><a href=\"CodeSystem-IBSICS.html#IBSICS-R3ER\">R3ER</a></td><td>Volume density - convex hull</td></tr><tr><td><a href=\"CodeSystem-IBSICS.html#IBSICS-7T7F\">7T7F</a></td><td>Area density - convex hull</td></tr><tr><td><a href=\"CodeSystem-IBSICS.html#IBSICS-99N0\">99N0</a></td><td>Integrated intensity</td></tr><tr><td><a href=\"CodeSystem-IBSICS.html#IBSICS-N365\">N365</a></td><td>Moran's I index</td></tr><tr><td><a href=\"CodeSystem-IBSICS.html#IBSICS-NPT7\">NPT7</a></td><td>Geary's C measure</td></tr><tr><td><a href=\"CodeSystem-IBSICS.html#IBSICS-9ST6\">9ST6</a></td><td>Local intensity features</td></tr><tr><td><a href=\"CodeSystem-IBSICS.html#IBSICS-VJGA\">VJGA</a></td><td>Local intensity peak</td></tr><tr><td><a href=\"CodeSystem-IBSICS.html#IBSICS-0F91\">0F91</a></td><td>Global intensity peak</td></tr><tr><td><a href=\"CodeSystem-IBSICS.html#IBSICS-UHIW\">UHIW</a></td><td>Intensity-based statistical features</td></tr><tr><td><a href=\"CodeSystem-IBSICS.html#IBSICS-Q4LE\">Q4LE</a></td><td>Mean</td></tr><tr><td><a href=\"CodeSystem-IBSICS.html#IBSICS-ECT3\">ECT3</a></td><td>Variance</td></tr><tr><td><a href=\"CodeSystem-IBSICS.html#IBSICS-KE2A\">KE2A</a></td><td>Skewness</td></tr><tr><td><a href=\"CodeSystem-IBSICS.html#IBSICS-IPH6\">IPH6</a></td><td>Kurtosis</td></tr><tr><td><a href=\"CodeSystem-IBSICS.html#IBSICS-Y12H\">Y12H</a></td><td>Median</td></tr><tr><td><a href=\"CodeSystem-IBSICS.html#IBSICS-1GSF\">1GSF</a></td><td>Minimum grey level</td></tr><tr><td><a href=\"CodeSystem-IBSICS.html#IBSICS-QG58\">QG58</a></td><td>10th percentile</td></tr><tr><td><a href=\"CodeSystem-IBSICS.html#IBSICS-8DWT\">8DWT</a></td><td>90th percentile</td></tr><tr><td><a href=\"CodeSystem-IBSICS.html#IBSICS-84IY\">84IY</a></td><td>Maximum grey level</td></tr><tr><td><a href=\"CodeSystem-IBSICS.html#IBSICS-SALO\">SALO</a></td><td>Interquartile range</td></tr><tr><td><a href=\"CodeSystem-IBSICS.html#IBSICS-2OJQ\">2OJQ</a></td><td>Range</td></tr><tr><td><a href=\"CodeSystem-IBSICS.html#IBSICS-4FUA\">4FUA</a></td><td>Mean absolute deviation</td></tr><tr><td><a href=\"CodeSystem-IBSICS.html#IBSICS-1128\">1128</a></td><td>Robust mean absolute deviation</td></tr><tr><td><a href=\"CodeSystem-IBSICS.html#IBSICS-N72L\">N72L</a></td><td>Median absolute deviation</td></tr><tr><td><a href=\"CodeSystem-IBSICS.html#IBSICS-7TET\">7TET</a></td><td>Coefficient of variation</td></tr><tr><td><a href=\"CodeSystem-IBSICS.html#IBSICS-9S40\">9S40</a></td><td>Quartile coefficient of dispersion</td></tr><tr><td><a href=\"CodeSystem-IBSICS.html#IBSICS-N8CA\">N8CA</a></td><td>Energy</td></tr><tr><td><a href=\"CodeSystem-IBSICS.html#IBSICS-5ZWQ\">5ZWQ</a></td><td>Root mean square</td></tr><tr><td><a href=\"CodeSystem-IBSICS.html#IBSICS-ZVCW\">ZVCW</a></td><td>Intensity histogram features</td></tr><tr><td><a href=\"CodeSystem-IBSICS.html#IBSICS-X6K6\">X6K6</a></td><td>Intensity histogram mean</td></tr><tr><td><a href=\"CodeSystem-IBSICS.html#IBSICS-CH89\">CH89</a></td><td>Intensity histogram variance</td></tr><tr><td><a href=\"CodeSystem-IBSICS.html#IBSICS-88K1\">88K1</a></td><td>Intensity histogram skewness</td></tr><tr><td><a href=\"CodeSystem-IBSICS.html#IBSICS-C3I7\">C3I7</a></td><td>Intensity histogram kurtosis</td></tr><tr><td><a href=\"CodeSystem-IBSICS.html#IBSICS-WIFQ\">WIFQ</a></td><td>Intensity histogram median</td></tr><tr><td><a href=\"CodeSystem-IBSICS.html#IBSICS-1PR8\">1PR8</a></td><td>Intensity histogram minimum grey level</td></tr><tr><td><a href=\"CodeSystem-IBSICS.html#IBSICS-GPMT\">GPMT</a></td><td>Intensity histogram 10th percentile</td></tr><tr><td><a href=\"CodeSystem-IBSICS.html#IBSICS-OZ0C\">OZ0C</a></td><td>Intensity histogram 90th percentile</td></tr><tr><td><a href=\"CodeSystem-IBSICS.html#IBSICS-3NCY\">3NCY</a></td><td>Intensity histogram maximum grey level</td></tr><tr><td><a href=\"CodeSystem-IBSICS.html#IBSICS-AMMC\">AMMC</a></td><td>Intensity histogram mode</td></tr><tr><td><a href=\"CodeSystem-IBSICS.html#IBSICS-WR0O\">WR0O</a></td><td>Intensity histogram interquartile range</td></tr><tr><td><a href=\"CodeSystem-IBSICS.html#IBSICS-5Z3W\">5Z3W</a></td><td>Intensity histogram range</td></tr><tr><td><a href=\"CodeSystem-IBSICS.html#IBSICS-D2ZX\">D2ZX</a></td><td>Intensity histogram mean absolute deviation</td></tr><tr><td><a href=\"CodeSystem-IBSICS.html#IBSICS-WRZB\">WRZB</a></td><td>Intensity histogram robust mean absolute deviation</td></tr><tr><td><a href=\"CodeSystem-IBSICS.html#IBSICS-4RNL\">4RNL</a></td><td>Intensity histogram median absolute deviation</td></tr><tr><td><a href=\"CodeSystem-IBSICS.html#IBSICS-CWYJ\">CWYJ</a></td><td>Intensity histogram coefficient of variation</td></tr><tr><td><a href=\"CodeSystem-IBSICS.html#IBSICS-SLWD\">SLWD</a></td><td>Intensity histogram quartile coefficient of dispersion</td></tr><tr><td><a href=\"CodeSystem-IBSICS.html#IBSICS-TLU2\">TLU2</a></td><td>Intensity histogram entropy</td></tr><tr><td><a href=\"CodeSystem-IBSICS.html#IBSICS-BJ5W\">BJ5W</a></td><td>Intensity histogram uniformity</td></tr><tr><td><a href=\"CodeSystem-IBSICS.html#IBSICS-12CE\">12CE</a></td><td>Maximum histogram gradient</td></tr><tr><td><a href=\"CodeSystem-IBSICS.html#IBSICS-8E6O\">8E6O</a></td><td>Maximum histogram gradient grey level</td></tr><tr><td><a href=\"CodeSystem-IBSICS.html#IBSICS-VQB3\">VQB3</a></td><td>Minimum histogram gradient</td></tr><tr><td><a href=\"CodeSystem-IBSICS.html#IBSICS-RHQZ\">RHQZ</a></td><td>Minimum histogram gradient grey level</td></tr><tr><td><a href=\"CodeSystem-IBSICS.html#IBSICS-P88C\">P88C</a></td><td>Intensity-volume histogram features</td></tr><tr><td><a href=\"CodeSystem-IBSICS.html#IBSICS-BC2M\">BC2M</a></td><td>Volume at intensity fraction</td></tr><tr><td><a href=\"CodeSystem-IBSICS.html#IBSICS-GBPN\">GBPN</a></td><td>Intensity at volume fraction</td></tr><tr><td><a href=\"CodeSystem-IBSICS.html#IBSICS-DDTU\">DDTU</a></td><td>Volume fraction difference between intensity fractions</td></tr><tr><td><a href=\"CodeSystem-IBSICS.html#IBSICS-CNV2\">CNV2</a></td><td>Intensity fraction difference between volume fractions</td></tr><tr><td><a href=\"CodeSystem-IBSICS.html#IBSICS-9CMM\">9CMM</a></td><td>Area under IVH curve</td></tr><tr><td><a href=\"CodeSystem-IBSICS.html#IBSICS-LFYI\">LFYI</a></td><td>Grey level co-occurrence based features</td></tr><tr><td><a href=\"CodeSystem-IBSICS.html#IBSICS-GYBY\">GYBY</a></td><td>Joint maximum</td></tr><tr><td><a href=\"CodeSystem-IBSICS.html#IBSICS-60VM\">60VM</a></td><td>Joint average</td></tr><tr><td><a href=\"CodeSystem-IBSICS.html#IBSICS-UR99\">UR99</a></td><td>Joint variance</td></tr><tr><td><a href=\"CodeSystem-IBSICS.html#IBSICS-TU9B\">TU9B</a></td><td>Joint entropy</td></tr><tr><td><a href=\"CodeSystem-IBSICS.html#IBSICS-TF7R\">TF7R</a></td><td>Difference average</td></tr><tr><td><a href=\"CodeSystem-IBSICS.html#IBSICS-D3YU\">D3YU</a></td><td>Difference variance</td></tr><tr><td><a href=\"CodeSystem-IBSICS.html#IBSICS-NTRS\">NTRS</a></td><td>Difference entropy</td></tr><tr><td><a href=\"CodeSystem-IBSICS.html#IBSICS-ZGXS\">ZGXS</a></td><td>Sum average</td></tr><tr><td><a href=\"CodeSystem-IBSICS.html#IBSICS-OEEB\">OEEB</a></td><td>Sum variance</td></tr><tr><td><a href=\"CodeSystem-IBSICS.html#IBSICS-P6QZ\">P6QZ</a></td><td>Sum entropy</td></tr><tr><td><a href=\"CodeSystem-IBSICS.html#IBSICS-8ZQL\">8ZQL</a></td><td>Angular second moment</td></tr><tr><td><a href=\"CodeSystem-IBSICS.html#IBSICS-ACUI\">ACUI</a></td><td>Contrast</td></tr><tr><td><a href=\"CodeSystem-IBSICS.html#IBSICS-8S9J\">8S9J</a></td><td>Dissimilarity</td></tr><tr><td><a href=\"CodeSystem-IBSICS.html#IBSICS-IB1Z\">IB1Z</a></td><td>Inverse difference</td></tr><tr><td><a href=\"CodeSystem-IBSICS.html#IBSICS-NDRX\">NDRX</a></td><td>Normalised inverse difference</td></tr><tr><td><a href=\"CodeSystem-IBSICS.html#IBSICS-WF0Z\">WF0Z</a></td><td>Inverse difference moment</td></tr><tr><td><a href=\"CodeSystem-IBSICS.html#IBSICS-1QCO\">1QCO</a></td><td>Normalised inverse difference moment</td></tr><tr><td><a href=\"CodeSystem-IBSICS.html#IBSICS-E8JP\">E8JP</a></td><td>Inverse variance</td></tr><tr><td><a href=\"CodeSystem-IBSICS.html#IBSICS-NI2N\">NI2N</a></td><td>Correlation</td></tr><tr><td><a href=\"CodeSystem-IBSICS.html#IBSICS-QWB0\">QWB0</a></td><td>Autocorrelation</td></tr><tr><td><a href=\"CodeSystem-IBSICS.html#IBSICS-DG8W\">DG8W</a></td><td>Cluster tendency</td></tr><tr><td><a href=\"CodeSystem-IBSICS.html#IBSICS-7NFM\">7NFM</a></td><td>Cluster shade</td></tr><tr><td><a href=\"CodeSystem-IBSICS.html#IBSICS-AE86\">AE86</a></td><td>Cluster prominence</td></tr><tr><td><a href=\"CodeSystem-IBSICS.html#IBSICS-R8DG\">R8DG</a></td><td>First measure of information correlation</td></tr><tr><td><a href=\"CodeSystem-IBSICS.html#IBSICS-JN9H\">JN9H</a></td><td>Second measure of information correlation</td></tr><tr><td><a href=\"CodeSystem-IBSICS.html#IBSICS-TP0I\">TP0I</a></td><td>Grey level run length based features</td></tr><tr><td><a href=\"CodeSystem-IBSICS.html#IBSICS-22OV\">22OV</a></td><td>Short runs emphasis</td></tr><tr><td><a href=\"CodeSystem-IBSICS.html#IBSICS-W4KF\">W4KF</a></td><td>Long runs emphasis</td></tr><tr><td><a href=\"CodeSystem-IBSICS.html#IBSICS-V3SW\">V3SW</a></td><td>Low grey level run emphasis</td></tr><tr><td><a href=\"CodeSystem-IBSICS.html#IBSICS-G3QZ\">G3QZ</a></td><td>High grey level run emphasis</td></tr><tr><td><a href=\"CodeSystem-IBSICS.html#IBSICS-HTZT\">HTZT</a></td><td>Short run low grey level emphasis</td></tr><tr><td><a href=\"CodeSystem-IBSICS.html#IBSICS-GD3A\">GD3A</a></td><td>Short run high grey level emphasis</td></tr><tr><td><a href=\"CodeSystem-IBSICS.html#IBSICS-IVPO\">IVPO</a></td><td>Long run low grey level emphasis</td></tr><tr><td><a href=\"CodeSystem-IBSICS.html#IBSICS-3KUM\">3KUM</a></td><td>Long run high grey level emphasis</td></tr><tr><td><a href=\"CodeSystem-IBSICS.html#IBSICS-R5YN\">R5YN</a></td><td>Grey level non-uniformity</td></tr><tr><td><a href=\"CodeSystem-IBSICS.html#IBSICS-OVBL\">OVBL</a></td><td>Normalised grey level non-uniformity</td></tr><tr><td><a href=\"CodeSystem-IBSICS.html#IBSICS-W92Y\">W92Y</a></td><td>Run length non-uniformity</td></tr><tr><td><a href=\"CodeSystem-IBSICS.html#IBSICS-IC23\">IC23</a></td><td>Normalised run length non-uniformity</td></tr><tr><td><a href=\"CodeSystem-IBSICS.html#IBSICS-9ZK5\">9ZK5</a></td><td>Run percentage</td></tr><tr><td><a href=\"CodeSystem-IBSICS.html#IBSICS-8CE5\">8CE5</a></td><td>Grey level variance</td></tr><tr><td><a href=\"CodeSystem-IBSICS.html#IBSICS-SXLW\">SXLW</a></td><td>Run length variance</td></tr><tr><td><a href=\"CodeSystem-IBSICS.html#IBSICS-HJ9O\">HJ9O</a></td><td>Run entropy</td></tr><tr><td><a href=\"CodeSystem-IBSICS.html#IBSICS-9SAK\">9SAK</a></td><td>Grey level size zone based features</td></tr><tr><td><a href=\"CodeSystem-IBSICS.html#IBSICS-5QRC\">5QRC</a></td><td>Small zone emphasis</td></tr><tr><td><a href=\"CodeSystem-IBSICS.html#IBSICS-48P8\">48P8</a></td><td>Large zone emphasis</td></tr><tr><td><a href=\"CodeSystem-IBSICS.html#IBSICS-XMSY\">XMSY</a></td><td>Low grey level zone emphasis</td></tr><tr><td><a href=\"CodeSystem-IBSICS.html#IBSICS-5GN9\">5GN9</a></td><td>High grey level zone emphasis</td></tr><tr><td><a href=\"CodeSystem-IBSICS.html#IBSICS-5RAI\">5RAI</a></td><td>Small zone low grey level emphasis</td></tr><tr><td><a href=\"CodeSystem-IBSICS.html#IBSICS-HW1V\">HW1V</a></td><td>Small zone high grey level emphasis</td></tr><tr><td><a href=\"CodeSystem-IBSICS.html#IBSICS-YH51\">YH51</a></td><td>Large zone low grey level emphasis</td></tr><tr><td><a href=\"CodeSystem-IBSICS.html#IBSICS-J17V\">J17V</a></td><td>Large zone high grey level emphasis</td></tr><tr><td><a href=\"CodeSystem-IBSICS.html#IBSICS-JNSA\">JNSA</a></td><td>Grey level non-uniformity</td></tr><tr><td><a href=\"CodeSystem-IBSICS.html#IBSICS-Y1RO\">Y1RO</a></td><td>Normalised grey level non-uniformity</td></tr><tr><td><a href=\"CodeSystem-IBSICS.html#IBSICS-4JP3\">4JP3</a></td><td>Zone size non-uniformity</td></tr><tr><td><a href=\"CodeSystem-IBSICS.html#IBSICS-VB3A\">VB3A</a></td><td>Normalised zone size non-uniformity</td></tr><tr><td><a href=\"CodeSystem-IBSICS.html#IBSICS-P30P\">P30P</a></td><td>Zone percentage</td></tr><tr><td><a href=\"CodeSystem-IBSICS.html#IBSICS-BYLV\">BYLV</a></td><td>Grey level variance</td></tr><tr><td><a href=\"CodeSystem-IBSICS.html#IBSICS-3NSA\">3NSA</a></td><td>Zone size variance</td></tr><tr><td><a href=\"CodeSystem-IBSICS.html#IBSICS-GU8N\">GU8N</a></td><td>Zone size entropy</td></tr><tr><td><a href=\"CodeSystem-IBSICS.html#IBSICS-VMDZ\">VMDZ</a></td><td>Grey level distance zone based features</td></tr><tr><td><a href=\"CodeSystem-IBSICS.html#IBSICS-0GBI\">0GBI</a></td><td>Small distance emphasis</td></tr><tr><td><a href=\"CodeSystem-IBSICS.html#IBSICS-MB4I\">MB4I</a></td><td>Large distance emphasis</td></tr><tr><td><a href=\"CodeSystem-IBSICS.html#IBSICS-S1RA\">S1RA</a></td><td>Low grey level zone emphasis</td></tr><tr><td><a href=\"CodeSystem-IBSICS.html#IBSICS-K26C\">K26C</a></td><td>High grey level zone emphasis</td></tr><tr><td><a href=\"CodeSystem-IBSICS.html#IBSICS-RUVG\">RUVG</a></td><td>Small distance low grey level emphasis</td></tr><tr><td><a href=\"CodeSystem-IBSICS.html#IBSICS-DKNJ\">DKNJ</a></td><td>Small distance high grey level emphasis</td></tr><tr><td><a href=\"CodeSystem-IBSICS.html#IBSICS-A7WM\">A7WM</a></td><td>Large distance low grey level emphasis</td></tr><tr><td><a href=\"CodeSystem-IBSICS.html#IBSICS-KLTH\">KLTH</a></td><td>Large distance high grey level emphasis</td></tr><tr><td><a href=\"CodeSystem-IBSICS.html#IBSICS-VFT7\">VFT7</a></td><td>Grey level non-uniformity</td></tr><tr><td><a href=\"CodeSystem-IBSICS.html#IBSICS-7HP3\">7HP3</a></td><td>Normalised grey level non-uniformity</td></tr><tr><td><a href=\"CodeSystem-IBSICS.html#IBSICS-V294\">V294</a></td><td>Zone distance non-uniformity</td></tr><tr><td><a href=\"CodeSystem-IBSICS.html#IBSICS-IATH\">IATH</a></td><td>Zone distance non-uniformity normalised</td></tr><tr><td><a href=\"CodeSystem-IBSICS.html#IBSICS-VIWW\">VIWW</a></td><td>Zone percentage</td></tr><tr><td><a href=\"CodeSystem-IBSICS.html#IBSICS-QK93\">QK93</a></td><td>Grey level variance</td></tr><tr><td><a href=\"CodeSystem-IBSICS.html#IBSICS-7WT1\">7WT1</a></td><td>Zone distance variance</td></tr><tr><td><a href=\"CodeSystem-IBSICS.html#IBSICS-GBDU\">GBDU</a></td><td>Zone distance entropy</td></tr><tr><td><a href=\"CodeSystem-IBSICS.html#IBSICS-IPET\">IPET</a></td><td>Neighbourhood grey tone difference based features</td></tr><tr><td><a href=\"CodeSystem-IBSICS.html#IBSICS-QCDE\">QCDE</a></td><td>Coarseness</td></tr><tr><td><a href=\"CodeSystem-IBSICS.html#IBSICS-65HE\">65HE</a></td><td>Contrast</td></tr><tr><td><a href=\"CodeSystem-IBSICS.html#IBSICS-NQ30\">NQ30</a></td><td>Busyness</td></tr><tr><td><a href=\"CodeSystem-IBSICS.html#IBSICS-HDEZ\">HDEZ</a></td><td>Complexity</td></tr><tr><td><a href=\"CodeSystem-IBSICS.html#IBSICS-1X9X\">1X9X</a></td><td>Strength</td></tr><tr><td><a href=\"CodeSystem-IBSICS.html#IBSICS-REK0\">REK0</a></td><td>Neighbouring grey level dependence based features</td></tr><tr><td><a href=\"CodeSystem-IBSICS.html#IBSICS-SODN\">SODN</a></td><td>Low dependence emphasis</td></tr><tr><td><a href=\"CodeSystem-IBSICS.html#IBSICS-IMOQ\">IMOQ</a></td><td>High dependence emphasis</td></tr><tr><td><a href=\"CodeSystem-IBSICS.html#IBSICS-TL9H\">TL9H</a></td><td>Low grey level count emphasis</td></tr><tr><td><a href=\"CodeSystem-IBSICS.html#IBSICS-OAE7\">OAE7</a></td><td>High grey level count emphasis</td></tr><tr><td><a href=\"CodeSystem-IBSICS.html#IBSICS-EQ3F\">EQ3F</a></td><td>Low dependence low grey level emphasis</td></tr><tr><td><a href=\"CodeSystem-IBSICS.html#IBSICS-JA6D\">JA6D</a></td><td>Low dependence high grey level emphasis</td></tr><tr><td><a href=\"CodeSystem-IBSICS.html#IBSICS-NBZI\">NBZI</a></td><td>High dependence low grey level emphasis</td></tr><tr><td><a href=\"CodeSystem-IBSICS.html#IBSICS-9QMG\">9QMG</a></td><td>High dependence high grey level emphasis</td></tr><tr><td><a href=\"CodeSystem-IBSICS.html#IBSICS-FP8K\">FP8K</a></td><td>Grey level non-uniformity</td></tr><tr><td><a href=\"CodeSystem-IBSICS.html#IBSICS-5SPA\">5SPA</a></td><td>Normalised grey level non-uniformity</td></tr><tr><td><a href=\"CodeSystem-IBSICS.html#IBSICS-Z87G\">Z87G</a></td><td>Dependence count non-uniformity</td></tr><tr><td><a href=\"CodeSystem-IBSICS.html#IBSICS-OKJI\">OKJI</a></td><td>Dependence count non-uniformity normalised</td></tr><tr><td><a href=\"CodeSystem-IBSICS.html#IBSICS-6XV8\">6XV8</a></td><td>Dependence count percentage</td></tr><tr><td><a href=\"CodeSystem-IBSICS.html#IBSICS-1PFV\">1PFV</a></td><td>Grey level variance</td></tr><tr><td><a href=\"CodeSystem-IBSICS.html#IBSICS-DNX2\">DNX2</a></td><td>Dependence count variance</td></tr><tr><td><a href=\"CodeSystem-IBSICS.html#IBSICS-FCBV\">FCBV</a></td><td>Dependence count entropy</td></tr><tr><td><a href=\"CodeSystem-IBSICS.html#IBSICS-CAS9\">CAS9</a></td><td>Dependence count energy</td></tr></table></li><li>Include these codes as defined in <a href=\"http://terminology.hl7.org/6.2.0/CodeSystem-umls.html\"><code>http://terminology.hl7.org/CodeSystem/umls</code></a><table class=\"none\"><tr><td style=\"white-space:nowrap\"><b>Code</b></td><td><b>Display</b></td></tr><tr><td>C0439673</td><td>Unknown</td></tr></table></li></ul></div>"},"url":"https://ig-osiris.cancer.fr/ig/osiris/ValueSet/RadiomicsFeaturesVS","version":"1.1.0","name":"RadiomicsFeaturesVS","title":"Radiomic Features Value Set","status":"draft","date":"2025-04-23T09:23:26+00:00","publisher":"institutcancer","contact":[{"name":"institutcancer","telecom":[{"system":"url","value":"http://cancer.fr"},{"system":"email","value":"osiris@institutcancer.fr"}]},{"name":"Aurélien JOBARD","telecom":[{"system":"email","value":"osiris@institutcancer.fr"}]}],"description":"Radiomic Features","compose":{"include":[{"system":"https://ibsi.readthedocs.io/en/latest/","concept":[{"code":"MPUJ","display":"grid distances"},{"code":"5QB6","display":"feature aggregation"},{"code":"6CK8","display":"distance weighting"},{"code":"HCUG","display":"Morphological features"},{"code":"RNU0","display":"Volume"},{"code":"YEKZ","display":"Approximate volume"},{"code":"C0JK","display":"Surface area"},{"code":"2PR5","display":"Surface to volume ratio"},{"code":"SKGS","display":"Compactness 1"},{"code":"BQWJ","display":"Compactness 2"},{"code":"KRCK","display":"Spherical disproportion"},{"code":"QCFX","display":"Sphericity"},{"code":"25C7","display":"Asphericity"},{"code":"KLMA","display":"Centre of mass shift"},{"code":"L0JK","display":"Maximum 3D diameter"},{"code":"TDIC","display":"Major axis length"},{"code":"P9VJ","display":"Minor axis length"},{"code":"7J51","display":"Least axis length"},{"code":"Q3CK","display":"Elongation"},{"code":"N17B","display":"Flatness"},{"code":"PBX1","display":"Volume density - axis-aligned bounding box"},{"code":"R59B","display":"Area density - axis-aligned bounding box"},{"code":"ZH1A","display":"Volume density - oriented minimum bounding box"},{"code":"IQYR","display":"Area density - oriented minimum bounding box"},{"code":"6BDE","display":"Volume density - approximate enclosing ellipsoid"},{"code":"RDD2","display":"Area density - approximate enclosing ellipsoid"},{"code":"SWZ1","display":"Volume density - minimum volume enclosing ellipsoid"},{"code":"BRI8","display":"Area density - minimum volume enclosing ellipsoid"},{"code":"R3ER","display":"Volume density - convex hull"},{"code":"7T7F","display":"Area density - convex hull"},{"code":"99N0","display":"Integrated intensity"},{"code":"N365","display":"Moran's I index"},{"code":"NPT7","display":"Geary's C measure"},{"code":"9ST6","display":"Local intensity features"},{"code":"VJGA","display":"Local intensity peak"},{"code":"0F91","display":"Global intensity peak"},{"code":"UHIW","display":"Intensity-based statistical features"},{"code":"Q4LE","display":"Mean"},{"code":"ECT3","display":"Variance"},{"code":"KE2A","display":"Skewness"},{"code":"IPH6","display":"Kurtosis"},{"code":"Y12H","display":"Median"},{"code":"1GSF","display":"Minimum grey level"},{"code":"QG58","display":"10th percentile"},{"code":"8DWT","display":"90th percentile"},{"code":"84IY","display":"Maximum grey level"},{"code":"SALO","display":"Interquartile range"},{"code":"2OJQ","display":"Range"},{"code":"4FUA","display":"Mean absolute deviation"},{"code":"1128","display":"Robust mean absolute deviation"},{"code":"N72L","display":"Median absolute deviation"},{"code":"7TET","display":"Coefficient of variation"},{"code":"9S40","display":"Quartile coefficient of dispersion"},{"code":"N8CA","display":"Energy"},{"code":"5ZWQ","display":"Root mean square"},{"code":"ZVCW","display":"Intensity histogram features"},{"code":"X6K6","display":"Intensity histogram mean"},{"code":"CH89","display":"Intensity histogram variance"},{"code":"88K1","display":"Intensity histogram skewness"},{"code":"C3I7","display":"Intensity histogram kurtosis"},{"code":"WIFQ","display":"Intensity histogram median"},{"code":"1PR8","display":"Intensity histogram minimum grey level"},{"code":"GPMT","display":"Intensity histogram 10th percentile"},{"code":"OZ0C","display":"Intensity histogram 90th percentile"},{"code":"3NCY","display":"Intensity histogram maximum grey level"},{"code":"AMMC","display":"Intensity histogram mode"},{"code":"WR0O","display":"Intensity histogram interquartile range"},{"code":"5Z3W","display":"Intensity histogram range"},{"code":"D2ZX","display":"Intensity histogram mean absolute deviation"},{"code":"WRZB","display":"Intensity histogram robust mean absolute deviation"},{"code":"4RNL","display":"Intensity histogram median absolute deviation"},{"code":"CWYJ","display":"Intensity histogram coefficient of variation"},{"code":"SLWD","display":"Intensity histogram quartile coefficient of dispersion"},{"code":"TLU2","display":"Intensity histogram entropy"},{"code":"BJ5W","display":"Intensity histogram uniformity"},{"code":"12CE","display":"Maximum histogram gradient"},{"code":"8E6O","display":"Maximum histogram gradient grey level"},{"code":"VQB3","display":"Minimum histogram gradient"},{"code":"RHQZ","display":"Minimum histogram gradient grey level"},{"code":"P88C","display":"Intensity-volume histogram features"},{"code":"BC2M","display":"Volume at intensity fraction"},{"code":"GBPN","display":"Intensity at volume fraction"},{"code":"DDTU","display":"Volume fraction difference between intensity fractions"},{"code":"CNV2","display":"Intensity fraction difference between volume fractions"},{"code":"9CMM","display":"Area under IVH curve"},{"code":"LFYI","display":"Grey level co-occurrence based features"},{"code":"GYBY","display":"Joint maximum"},{"code":"60VM","display":"Joint average"},{"code":"UR99","display":"Joint variance"},{"code":"TU9B","display":"Joint entropy"},{"code":"TF7R","display":"Difference average"},{"code":"D3YU","display":"Difference variance"},{"code":"NTRS","display":"Difference entropy"},{"code":"ZGXS","display":"Sum average"},{"code":"OEEB","display":"Sum variance"},{"code":"P6QZ","display":"Sum entropy"},{"code":"8ZQL","display":"Angular second moment"},{"code":"ACUI","display":"Contrast"},{"code":"8S9J","display":"Dissimilarity"},{"code":"IB1Z","display":"Inverse difference"},{"code":"NDRX","display":"Normalised inverse difference"},{"code":"WF0Z","display":"Inverse difference moment"},{"code":"1QCO","display":"Normalised inverse difference moment"},{"code":"E8JP","display":"Inverse variance"},{"code":"NI2N","display":"Correlation"},{"code":"QWB0","display":"Autocorrelation"},{"code":"DG8W","display":"Cluster tendency"},{"code":"7NFM","display":"Cluster shade"},{"code":"AE86","display":"Cluster prominence"},{"code":"R8DG","display":"First measure of information correlation"},{"code":"JN9H","display":"Second measure of information correlation"},{"code":"TP0I","display":"Grey level run length based features"},{"code":"22OV","display":"Short runs emphasis"},{"code":"W4KF","display":"Long runs emphasis"},{"code":"V3SW","display":"Low grey level run emphasis"},{"code":"G3QZ","display":"High grey level run emphasis"},{"code":"HTZT","display":"Short run low grey level emphasis"},{"code":"GD3A","display":"Short run high grey level emphasis"},{"code":"IVPO","display":"Long run low grey level emphasis"},{"code":"3KUM","display":"Long run high grey level emphasis"},{"code":"R5YN","display":"Grey level non-uniformity"},{"code":"OVBL","display":"Normalised grey level non-uniformity"},{"code":"W92Y","display":"Run length non-uniformity"},{"code":"IC23","display":"Normalised run length non-uniformity"},{"code":"9ZK5","display":"Run percentage"},{"code":"8CE5","display":"Grey level variance"},{"code":"SXLW","display":"Run length variance"},{"code":"HJ9O","display":"Run entropy"},{"code":"9SAK","display":"Grey level size zone based features"},{"code":"5QRC","display":"Small zone emphasis"},{"code":"48P8","display":"Large zone emphasis"},{"code":"XMSY","display":"Low grey level zone emphasis"},{"code":"5GN9","display":"High grey level zone emphasis"},{"code":"5RAI","display":"Small zone low grey level emphasis"},{"code":"HW1V","display":"Small zone high grey level emphasis"},{"code":"YH51","display":"Large zone low grey level emphasis"},{"code":"J17V","display":"Large zone high grey level emphasis"},{"code":"JNSA","display":"Grey level non-uniformity"},{"code":"Y1RO","display":"Normalised grey level non-uniformity"},{"code":"4JP3","display":"Zone size non-uniformity"},{"code":"VB3A","display":"Normalised zone size non-uniformity"},{"code":"P30P","display":"Zone percentage"},{"code":"BYLV","display":"Grey level variance"},{"code":"3NSA","display":"Zone size variance"},{"code":"GU8N","display":"Zone size entropy"},{"code":"VMDZ","display":"Grey level distance zone based features"},{"code":"0GBI","display":"Small distance emphasis"},{"code":"MB4I","display":"Large distance emphasis"},{"code":"S1RA","display":"Low grey level zone emphasis"},{"code":"K26C","display":"High grey level zone emphasis"},{"code":"RUVG","display":"Small distance low grey level emphasis"},{"code":"DKNJ","display":"Small distance high grey level emphasis"},{"code":"A7WM","display":"Large distance low grey level emphasis"},{"code":"KLTH","display":"Large distance high grey level emphasis"},{"code":"VFT7","display":"Grey level non-uniformity"},{"code":"7HP3","display":"Normalised grey level non-uniformity"},{"code":"V294","display":"Zone distance non-uniformity"},{"code":"IATH","display":"Zone distance non-uniformity normalised"},{"code":"VIWW","display":"Zone percentage"},{"code":"QK93","display":"Grey level variance"},{"code":"7WT1","display":"Zone distance variance"},{"code":"GBDU","display":"Zone distance entropy"},{"code":"IPET","display":"Neighbourhood grey tone difference based features"},{"code":"QCDE","display":"Coarseness"},{"code":"65HE","display":"Contrast"},{"code":"NQ30","display":"Busyness"},{"code":"HDEZ","display":"Complexity"},{"code":"1X9X","display":"Strength"},{"code":"REK0","display":"Neighbouring grey level dependence based features"},{"code":"SODN","display":"Low dependence emphasis"},{"code":"IMOQ","display":"High dependence emphasis"},{"code":"TL9H","display":"Low grey level count emphasis"},{"code":"OAE7","display":"High grey level count emphasis"},{"code":"EQ3F","display":"Low dependence low grey level emphasis"},{"code":"JA6D","display":"Low dependence high grey level emphasis"},{"code":"NBZI","display":"High dependence low grey level emphasis"},{"code":"9QMG","display":"High dependence high grey level emphasis"},{"code":"FP8K","display":"Grey level non-uniformity"},{"code":"5SPA","display":"Normalised grey level non-uniformity"},{"code":"Z87G","display":"Dependence count non-uniformity"},{"code":"OKJI","display":"Dependence count non-uniformity normalised"},{"code":"6XV8","display":"Dependence count percentage"},{"code":"1PFV","display":"Grey level variance"},{"code":"DNX2","display":"Dependence count variance"},{"code":"FCBV","display":"Dependence count entropy"},{"code":"CAS9","display":"Dependence count energy"}]},{"system":"http://terminology.hl7.org/CodeSystem/umls","concept":[{"code":"C0439673","display":"Unknown"}]}]}}