{"resourceType":"ValueSet","id":"OsirisValidationType","text":{"status":"generated","div":"<div xmlns=\"http://www.w3.org/1999/xhtml\"><p class=\"res-header-id\"><b>Generated Narrative: ValueSet OsirisValidationType</b></p><a name=\"OsirisValidationType\"> </a><a name=\"hcOsirisValidationType\"> </a><a name=\"OsirisValidationType-en-US\"> </a><ul><li>Include these codes as defined in <code>https://github.com/siric-osiris/OSIRIS</code><table class=\"none\"><tr><td style=\"white-space:nowrap\"><b>Code</b></td><td><b>Display</b></td></tr><tr><td>O16-1</td><td>Experimental</td></tr><tr><td>O16-2</td><td>By biologist</td></tr><tr><td>O16-3</td><td>In silico</td></tr></table></li></ul></div>"},"url":"https://ig-osiris.cancer.fr/ig/osiris/ValueSet/OsirisValidationType","version":"1.1.0","name":"OsirisValidationType","title":"Osiris Validation Type","status":"draft","date":"2025-04-23T09:23:26+00:00","publisher":"institutcancer","contact":[{"name":"institutcancer","telecom":[{"system":"url","value":"http://cancer.fr"},{"system":"email","value":"osiris@institutcancer.fr"}]},{"name":"Aurélien JOBARD","telecom":[{"system":"email","value":"osiris@institutcancer.fr"}]}],"description":"Osiris validation type","compose":{"include":[{"system":"https://github.com/siric-osiris/OSIRIS","concept":[{"code":"O16-1","display":"Experimental"},{"code":"O16-2","display":"By biologist"},{"code":"O16-3","display":"In silico"}]}]}}