{"resourceType":"ValueSet","id":"MutationPrediction","text":{"status":"generated","div":"<div xmlns=\"http://www.w3.org/1999/xhtml\"><p class=\"res-header-id\"><b>Generated Narrative: ValueSet MutationPrediction</b></p><a name=\"MutationPrediction\"> </a><a name=\"hcMutationPrediction\"> </a><a name=\"MutationPrediction-en-US\"> </a><ul><li>Include these codes as defined in <code>https://github.com/siric-osiris/OSIRIS</code><table class=\"none\"><tr><td style=\"white-space:nowrap\"><b>Code</b></td><td><b>Display</b></td></tr><tr><td>O63-1</td><td>SIFT</td></tr><tr><td>O63-2</td><td>POLYPHEN2_HDIV</td></tr><tr><td>O63-3</td><td>MutationTaster</td></tr></table></li></ul></div>"},"url":"https://ig-osiris.cancer.fr/ig/osiris/ValueSet/MutationPrediction","version":"1.1.0","name":"MutationPrediction","title":"Mutation prediction Value Set","status":"draft","date":"2025-04-23T09:23:26+00:00","publisher":"institutcancer","contact":[{"name":"institutcancer","telecom":[{"system":"url","value":"http://cancer.fr"},{"system":"email","value":"osiris@institutcancer.fr"}]},{"name":"Aurélien JOBARD","telecom":[{"system":"email","value":"osiris@institutcancer.fr"}]}],"description":"Mutation prediction","compose":{"include":[{"system":"https://github.com/siric-osiris/OSIRIS","concept":[{"code":"O63-1","display":"SIFT"},{"code":"O63-2","display":"POLYPHEN2_HDIV"},{"code":"O63-3","display":"MutationTaster"}]}]}}