{"resourceType":"ValueSet","id":"AlgorithmicPloidy","text":{"status":"generated","div":"<div xmlns=\"http://www.w3.org/1999/xhtml\"><p class=\"res-header-id\"><b>Generated Narrative: ValueSet AlgorithmicPloidy</b></p><a name=\"AlgorithmicPloidy\"> </a><a name=\"hcAlgorithmicPloidy\"> </a><a name=\"AlgorithmicPloidy-en-US\"> </a><p>This value set includes codes based on the following rules:</p><ul><li>Include these codes as defined in <a href=\"http://terminology.hl7.org/6.2.0/CodeSystem-umls.html\"><code>http://terminology.hl7.org/CodeSystem/umls</code></a><table class=\"none\"><tr><td style=\"white-space:nowrap\"><b>Code</b></td><td><b>Display</b></td></tr><tr><td>C0018590</td><td>Haploid</td></tr><tr><td>C0012568</td><td>Diploid</td></tr><tr><td>C3536727</td><td>Triploid</td></tr><tr><td>C0333694</td><td>Tetraploid</td></tr><tr><td>C0439673</td><td>Unknown</td></tr></table></li><li>Include these codes as defined in <code>https://github.com/siric-osiris/OSIRIS</code><table class=\"none\"><tr><td style=\"white-space:nowrap\"><b>Code</b></td><td><b>Display</b></td></tr><tr><td>O13-OTH</td><td>Other</td></tr></table></li></ul></div>"},"url":"https://ig-osiris.cancer.fr/ig/osiris/ValueSet/AlgorithmicPloidy","version":"1.1.0","name":"AlgorithmicPloidy","title":"Algorithmic Ploidy","status":"draft","date":"2025-04-23T09:23:26+00:00","publisher":"institutcancer","contact":[{"name":"institutcancer","telecom":[{"system":"url","value":"http://cancer.fr"},{"system":"email","value":"osiris@institutcancer.fr"}]},{"name":"Aurélien JOBARD","telecom":[{"system":"email","value":"osiris@institutcancer.fr"}]}],"description":"Algorithmic Ploidy","compose":{"include":[{"system":"http://terminology.hl7.org/CodeSystem/umls","concept":[{"code":"C0018590","display":"Haploid"},{"code":"C0012568","display":"Diploid"},{"code":"C3536727","display":"Triploid"},{"code":"C0333694","display":"Tetraploid"},{"code":"C0439673","display":"Unknown"}]},{"system":"https://github.com/siric-osiris/OSIRIS","concept":[{"code":"O13-OTH","display":"Other"}]}]}}