{
  "resourceType" : "AdverseEvent",
  "id" : "fhir-osiris-example-adverseevent-1",
  "meta" : {
    "profile" : ["https://ig-osiris.cancer.fr/ig/osiris/StructureDefinition/onco-adverse-event"]
  },
  "text" : {
    "status" : "extensions",
    "div" : "<div xmlns=\"http://www.w3.org/1999/xhtml\"><p class=\"res-header-id\"><b>Generated Narrative: AdverseEvent fhir-osiris-example-adverseevent-1</b></p><a name=\"fhir-osiris-example-adverseevent-1\"> </a><a name=\"hcfhir-osiris-example-adverseevent-1\"> </a><a name=\"fhir-osiris-example-adverseevent-1-en-US\"> </a><div style=\"display: inline-block; background-color: #d9e0e7; padding: 6px; margin: 4px; border: 1px solid #8da1b4; border-radius: 5px; line-height: 60%\"><p style=\"margin-bottom: 0px\"/><p style=\"margin-bottom: 0px\">Profile: <a href=\"StructureDefinition-onco-adverse-event.html\">Oncologic Adverse Event</a></p></div><p><b>Adverse Event End date</b>: 2007-07-10</p><p><b>actuality</b>: Adverse Event</p><p><b>event</b>: <span title=\"Codes:{http://terminology.hl7.org/CodeSystem/mdr 10019211}\">10019211</span></p><p><b>subject</b>: <a href=\"Patient-L304.html\">Anonymous Patient Male, DoB: 1967-11-08</a></p><p><b>date</b>: 2007-06-13</p><p><b>seriousness</b>: <span title=\"Codes:\">C0439673</span></p><h3>SuspectEntities</h3><table class=\"grid\"><tr><td style=\"display: none\">-</td><td><b>Instance</b></td></tr><tr><td style=\"display: none\">*</td><td><a href=\"MedicationStatement-fhir-osiris-example-oncomedicalstatement-1.html\">MedicationStatement: status = unknown; medication[x] = c3564</a></td></tr></table><p><b>subjectMedicalHistory</b>: <a href=\"Condition-fhir-osiris-example-TumorPathologyEvent-instance-1.html\">Condition C0677930</a></p></div>"
  },
  "extension" : [{
    "url" : "https://ig-osiris.cancer.fr/ig/osiris/StructureDefinition/adverse-event-end-date",
    "valueDateTime" : "2007-07-10"
  }],
  "actuality" : "actual",
  "event" : {
    "coding" : [{
      "system" : "http://terminology.hl7.org/CodeSystem/mdr",
      "code" : "10019211"
    }]
  },
  "subject" : {
    "reference" : "Patient/L304"
  },
  "date" : "2007-06-13",
  "seriousness" : {
    "coding" : [{
      "code" : "C0439673"
    }]
  },
  "suspectEntity" : [{
    "instance" : {
      "reference" : "MedicationStatement/fhir-osiris-example-oncomedicalstatement-1"
    }
  }],
  "subjectMedicalHistory" : [{
    "reference" : "Condition/fhir-osiris-example-TumorPathologyEvent-instance-1"
  }]
}