{
  "resourceType" : "CarePlan",
  "id" : "fhir-osiris-example-treatment-1",
  "meta" : {
    "profile" : ["https://build.fhir.org/ig/arkhn/arkhn-ig-osiris/StructureDefinition/treatment"]
  },
  "text" : {
    "status" : "extensions",
    "div" : "<div xmlns=\"http://www.w3.org/1999/xhtml\"><p><b>Generated Narrative: CarePlan</b><a name=\"fhir-osiris-example-treatment-1\"> </a><a name=\"hcfhir-osiris-example-treatment-1\"> </a></p><div style=\"display: inline-block; background-color: #d9e0e7; padding: 6px; margin: 4px; border: 1px solid #8da1b4; border-radius: 5px; line-height: 60%\"><p style=\"margin-bottom: 0px\">ResourceCarePlan &quot;fhir-osiris-example-treatment-1&quot; </p><p style=\"margin-bottom: 0px\">Profile: <a href=\"StructureDefinition-treatment.html\">Treatment</a></p></div><p><b>Treatment Line Number</b>: 2</p><p><b>status</b>: unknown</p><p><b>intent</b>: plan</p><p><b>category</b>: C0728940 <span style=\"background: LightGoldenRodYellow; margin: 4px; border: 1px solid khaki\"> (<a href=\"http://terminology.hl7.org/5.5.0/CodeSystem-umls.html\">Unified Medical Language System</a>#C0728940)</span></p><p><b>subject</b>: <a href=\"Patient-L304.html\">Patient/L304</a></p><p><b>period</b>: 2006-01-04 --&gt; 2006-11-23</p><blockquote><p><b>activity</b></p><h3>Details</h3><table class=\"grid\"><tr><td style=\"display: none\">-</td><td><b>ReasonReference</b></td><td><b>Status</b></td></tr><tr><td style=\"display: none\">*</td><td><a href=\"Condition-fhir-osiris-example-TumorPathologyEvent-instance-1.html\">Condition/fhir-osiris-example-TumorPathologyEvent-instance-1</a></td><td>unknown</td></tr></table></blockquote></div>"
  },
  "extension" : [{
    "url" : "https://build.fhir.org/ig/arkhn/arkhn-ig-osiris/StructureDefinition/treatment-line",
    "valueInteger" : 2
  }],
  "status" : "unknown",
  "intent" : "plan",
  "category" : [{
    "coding" : [{
      "system" : "http://terminology.hl7.org/CodeSystem/umls",
      "code" : "C0728940"
    }]
  }],
  "subject" : {
    "reference" : "Patient/L304"
  },
  "period" : {
    "start" : "2006-01-04",
    "end" : "2006-11-23"
  },
  "activity" : [{
    "detail" : {
      "reasonReference" : [{
        "reference" : "Condition/fhir-osiris-example-TumorPathologyEvent-instance-1"
      }],
      "status" : "unknown"
    }
  }]
}