{
  "resourceType" : "CarePlan",
  "id" : "fhir-osiris-example-treatment-2",
  "meta" : {
    "profile" : ["https://ig-osiris.cancer.fr/ig/osiris/StructureDefinition/treatment"]
  },
  "text" : {
    "status" : "generated",
    "div" : "<div xmlns=\"http://www.w3.org/1999/xhtml\"><p class=\"res-header-id\"><b>Generated Narrative: CarePlan fhir-osiris-example-treatment-2</b></p><a name=\"fhir-osiris-example-treatment-2\"> </a><a name=\"hcfhir-osiris-example-treatment-2\"> </a><a name=\"fhir-osiris-example-treatment-2-en-US\"> </a><div style=\"display: inline-block; background-color: #d9e0e7; padding: 6px; margin: 4px; border: 1px solid #8da1b4; border-radius: 5px; line-height: 60%\"><p style=\"margin-bottom: 0px\"/><p style=\"margin-bottom: 0px\">Profile: <a href=\"StructureDefinition-treatment.html\">Treatment</a></p></div><p><b>status</b>: Unknown</p><p><b>intent</b>: Plan</p><p><b>category</b>: <span title=\"Codes:{http://terminology.hl7.org/CodeSystem/umls C3665472}\">C3665472</span></p><p><b>subject</b>: <a href=\"Patient-L304.html\">Anonymous Patient Male, DoB: 1967-11-08</a></p><p><b>period</b>: 2007-01-12 --&gt; 2008-11-17</p><p><b>supportingInfo</b>: <a href=\"ResearchStudy-fhir-osiris-example-researchstudy.html\">ResearchStudy Unknown</a></p><blockquote><p><b>activity</b></p><h3>Details</h3><table class=\"grid\"><tr><td style=\"display: none\">-</td><td><b>ReasonReference</b></td><td><b>Status</b></td></tr><tr><td style=\"display: none\">*</td><td><a href=\"Condition-fhir-osiris-example-TumorPathologyEvent-instance-2.html\">Condition C0521158</a></td><td>Unknown</td></tr></table></blockquote></div>"
  },
  "status" : "unknown",
  "intent" : "plan",
  "category" : [{
    "coding" : [{
      "system" : "http://terminology.hl7.org/CodeSystem/umls",
      "code" : "C3665472"
    }]
  }],
  "subject" : {
    "reference" : "Patient/L304"
  },
  "period" : {
    "start" : "2007-01-12",
    "end" : "2008-11-17"
  },
  "supportingInfo" : [{
    "reference" : "ResearchStudy/fhir-osiris-example-researchstudy"
  }],
  "activity" : [{
    "detail" : {
      "reasonReference" : [{
        "reference" : "Condition/fhir-osiris-example-TumorPathologyEvent-instance-2"
      }],
      "status" : "unknown"
    }
  }]
}