{
  "resourceType" : "Condition",
  "id" : "fhir-osiris-example-TumorPathologyEvent-instance-1",
  "meta" : {
    "profile" : ["https://build.fhir.org/ig/arkhn/arkhn-ig-osiris/StructureDefinition/tumor-pathology-event"]
  },
  "text" : {
    "status" : "extensions",
    "div" : "<div xmlns=\"http://www.w3.org/1999/xhtml\"><p><b>Generated Narrative: Condition</b><a name=\"fhir-osiris-example-TumorPathologyEvent-instance-1\"> </a><a name=\"hcfhir-osiris-example-TumorPathologyEvent-instance-1\"> </a></p><div style=\"display: inline-block; background-color: #d9e0e7; padding: 6px; margin: 4px; border: 1px solid #8da1b4; border-radius: 5px; line-height: 60%\"><p style=\"margin-bottom: 0px\">ResourceCondition &quot;fhir-osiris-example-TumorPathologyEvent-instance-1&quot; </p><p style=\"margin-bottom: 0px\">Profile: <a href=\"StructureDefinition-tumor-pathology-event.html\">Tumor Pathology Event</a></p></div><p><b>Laterality</b>: C0238767 <span style=\"background: LightGoldenRodYellow; margin: 4px; border: 1px solid khaki\"> (<a href=\"http://terminology.hl7.org/5.5.0/CodeSystem-umls.html\">Unified Medical Language System</a>#C0238767)</span></p><p><b>code</b>: C0677930 <span style=\"background: LightGoldenRodYellow; margin: 4px; border: 1px solid khaki\"> (<a href=\"http://terminology.hl7.org/5.5.0/CodeSystem-umls.html\">Unified Medical Language System</a>#C0677930)</span></p><p><b>bodySite</b>: C00.8 <span style=\"background: LightGoldenRodYellow; margin: 4px; border: 1px solid khaki\"> ([not stated]#C00.8)</span></p><p><b>subject</b>: <a href=\"Patient-L304.html\">Patient/L304</a></p><p><b>onset</b>: 2005-11-17</p><p><b>recordedDate</b>: 2005-11-17</p><h3>Stages</h3><table class=\"grid\"><tr><td style=\"display: none\">-</td><td><b>Summary</b></td><td><b>Type</b></td></tr><tr><td style=\"display: none\">*</td><td>8002/3 <span style=\"background: LightGoldenRodYellow; margin: 4px; border: 1px solid khaki\"> (<a href=\"http://terminology.hl7.org/5.5.0/CodeSystem-icd-o-3.html\">International Classification of Diseases for Oncology, version 3.</a>#8002/3)</span></td><td>116676008 <span style=\"background: LightGoldenRodYellow; margin: 4px; border: 1px solid khaki\"> (<a href=\"http://terminology.hl7.org/5.5.0/CodeSystem-umls.html\">Unified Medical Language System</a>#116676008)</span></td></tr></table></div>"
  },
  "extension" : [{
    "url" : "https://build.fhir.org/ig/arkhn/arkhn-ig-osiris/StructureDefinition/laterality",
    "valueCodeableConcept" : {
      "coding" : [{
        "system" : "http://terminology.hl7.org/CodeSystem/umls",
        "code" : "C0238767"
      }]
    }
  }],
  "code" : {
    "coding" : [{
      "system" : "http://terminology.hl7.org/CodeSystem/umls",
      "code" : "C0677930"
    }]
  },
  "bodySite" : [{
    "coding" : [{
      "code" : "C00.8"
    }]
  }],
  "subject" : {
    "reference" : "Patient/L304"
  },
  "onsetDateTime" : "2005-11-17",
  "recordedDate" : "2005-11-17",
  "stage" : [{
    "summary" : {
      "coding" : [{
        "system" : "http://terminology.hl7.org/CodeSystem/icd-o-3",
        "code" : "8002/3"
      }]
    },
    "type" : {
      "coding" : [{
        "system" : "http://terminology.hl7.org/CodeSystem/umls",
        "code" : "116676008"
      }]
    }
  }]
}