{
  "resourceType" : "Device",
  "id" : "fhir-osiris-example-imagingdevice-ct",
  "meta" : {
    "profile" : ["https://ig-osiris.cancer.fr/ig/osiris/StructureDefinition/imaging-device"]
  },
  "text" : {
    "status" : "generated",
    "div" : "<div xmlns=\"http://www.w3.org/1999/xhtml\"><p class=\"res-header-id\"><b>Generated Narrative: Device fhir-osiris-example-imagingdevice-ct</b></p><a name=\"fhir-osiris-example-imagingdevice-ct\"> </a><a name=\"hcfhir-osiris-example-imagingdevice-ct\"> </a><a name=\"fhir-osiris-example-imagingdevice-ct-en-US\"> </a><div style=\"display: inline-block; background-color: #d9e0e7; padding: 6px; margin: 4px; border: 1px solid #8da1b4; border-radius: 5px; line-height: 60%\"><p style=\"margin-bottom: 0px\"/><p style=\"margin-bottom: 0px\">Profile: <a href=\"StructureDefinition-imaging-device.html\">Imaging Device</a></p></div><p><b>manufacturer</b>: SIEMENS</p><h3>DeviceNames</h3><table class=\"grid\"><tr><td style=\"display: none\">-</td><td><b>Name</b></td><td><b>Type</b></td></tr><tr><td style=\"display: none\">*</td><td>Emotion 16</td><td>Manufacturer name</td></tr></table><h3>Versions</h3><table class=\"grid\"><tr><td style=\"display: none\">-</td><td><b>Value</b></td></tr><tr><td style=\"display: none\">*</td><td>syngo CT 2013A</td></tr></table></div>"
  },
  "manufacturer" : "SIEMENS",
  "deviceName" : [{
    "name" : "Emotion 16",
    "type" : "manufacturer-name"
  }],
  "version" : [{
    "value" : "syngo CT 2013A"
  }]
}