{
  "resourceType" : "Device",
  "id" : "fhir-osiris-example-imagingdevice-dx",
  "meta" : {
    "profile" : ["https://build.fhir.org/ig/arkhn/arkhn-ig-osiris/StructureDefinition/imaging-device"]
  },
  "text" : {
    "status" : "generated",
    "div" : "<div xmlns=\"http://www.w3.org/1999/xhtml\"><p><b>Generated Narrative: Device</b><a name=\"fhir-osiris-example-imagingdevice-dx\"> </a><a name=\"hcfhir-osiris-example-imagingdevice-dx\"> </a></p><div style=\"display: inline-block; background-color: #d9e0e7; padding: 6px; margin: 4px; border: 1px solid #8da1b4; border-radius: 5px; line-height: 60%\"><p style=\"margin-bottom: 0px\">ResourceDevice &quot;fhir-osiris-example-imagingdevice-dx&quot; </p><p style=\"margin-bottom: 0px\">Profile: <a href=\"StructureDefinition-imaging-device.html\">Imaging Device</a></p></div><p><b>manufacturer</b>: GE MEDICAL SYSTEMS</p><h3>DeviceNames</h3><table class=\"grid\"><tr><td style=\"display: none\">-</td><td><b>Name</b></td><td><b>Type</b></td></tr><tr><td style=\"display: none\">*</td><td>Revolution XQi ADS_28.2\t</td><td>manufacturer-name</td></tr></table><h3>Versions</h3><table class=\"grid\"><tr><td style=\"display: none\">-</td><td><b>Value</b></td></tr><tr><td style=\"display: none\">*</td><td>Ads Application Package VERSION ADS_28.2</td></tr></table></div>"
  },
  "manufacturer" : "GE MEDICAL SYSTEMS",
  "deviceName" : [{
    "name" : "Revolution XQi ADS_28.2\t",
    "type" : "manufacturer-name"
  }],
  "version" : [{
    "value" : "Ads Application Package VERSION ADS_28.2"
  }]
}