{
  "resourceType" : "Observation",
  "id" : "fhir-osiris-example-vitalstatus",
  "meta" : {
    "profile" : ["https://ig-osiris.cancer.fr/ig/osiris/StructureDefinition/vital-status"]
  },
  "text" : {
    "status" : "generated",
    "div" : "<div xmlns=\"http://www.w3.org/1999/xhtml\"><p class=\"res-header-id\"><b>Generated Narrative: Observation fhir-osiris-example-vitalstatus</b></p><a name=\"fhir-osiris-example-vitalstatus\"> </a><a name=\"hcfhir-osiris-example-vitalstatus\"> </a><a name=\"fhir-osiris-example-vitalstatus-en-US\"> </a><div style=\"display: inline-block; background-color: #d9e0e7; padding: 6px; margin: 4px; border: 1px solid #8da1b4; border-radius: 5px; line-height: 60%\"><p style=\"margin-bottom: 0px\"/><p style=\"margin-bottom: 0px\">Profile: <a href=\"StructureDefinition-vital-status.html\">Vital Status</a></p></div><p><b>status</b>: Final</p><p><b>code</b>: <span title=\"Codes:{http://loinc.org 22023-6}\">Last follow-up hospital [Identifier] Cancer registry</span></p><p><b>subject</b>: <a href=\"Patient-L304.html\">Anonymous Patient Male, DoB: 1967-11-08</a></p><p><b>effective</b>: 2017-11-29</p><p><b>value</b>: <span title=\"Codes:{http://terminology.hl7.org/CodeSystem/umls C1546956}\">C1546956</span></p></div>"
  },
  "status" : "final",
  "code" : {
    "coding" : [{
      "system" : "http://loinc.org",
      "code" : "22023-6",
      "display" : "Last follow-up hospital [Identifier] Cancer registry"
    }]
  },
  "subject" : {
    "reference" : "Patient/L304"
  },
  "effectiveDateTime" : "2017-11-29",
  "valueCodeableConcept" : {
    "coding" : [{
      "system" : "http://terminology.hl7.org/CodeSystem/umls",
      "code" : "C1546956"
    }]
  }
}