{
  "resourceType" : "Observation",
  "id" : "fhir-osiris-example-causeofdeath",
  "meta" : {
    "profile" : ["https://ig-osiris.cancer.fr/ig/osiris/StructureDefinition/cause-of-death"]
  },
  "text" : {
    "status" : "generated",
    "div" : "<div xmlns=\"http://www.w3.org/1999/xhtml\"><p class=\"res-header-id\"><b>Generated Narrative: Observation fhir-osiris-example-causeofdeath</b></p><a name=\"fhir-osiris-example-causeofdeath\"> </a><a name=\"hcfhir-osiris-example-causeofdeath\"> </a><a name=\"fhir-osiris-example-causeofdeath-en-US\"> </a><div style=\"display: inline-block; background-color: #d9e0e7; padding: 6px; margin: 4px; border: 1px solid #8da1b4; border-radius: 5px; line-height: 60%\"><p style=\"margin-bottom: 0px\"/><p style=\"margin-bottom: 0px\">Profile: <a href=\"StructureDefinition-cause-of-death.html\">Cause Of Death</a></p></div><p><b>status</b>: Final</p><p><b>code</b>: <span title=\"Codes:{http://loinc.org 69453-9}\">Cause of death</span></p><p><b>subject</b>: <a href=\"Patient-L304.html\">Anonymous Patient Male, DoB: 1967-11-08</a></p><p><b>effective</b>: 2017-11-29</p><p><b>value</b>: <span title=\"Codes:{http://terminology.hl7.org/CodeSystem/umls C0027651}\">C0027651</span></p></div>"
  },
  "status" : "final",
  "code" : {
    "coding" : [{
      "system" : "http://loinc.org",
      "code" : "69453-9",
      "display" : "Cause of death"
    }]
  },
  "subject" : {
    "reference" : "Patient/L304"
  },
  "effectiveDateTime" : "2017-11-29",
  "valueCodeableConcept" : {
    "coding" : [{
      "system" : "http://terminology.hl7.org/CodeSystem/umls",
      "code" : "C0027651"
    }]
  }
}