{
  "resourceType" : "Observation",
  "id" : "fhir-osiris-example-RadiomicsCriteria",
  "meta" : {
    "profile" : ["https://ig-osiris.cancer.fr/ig/osiris/StructureDefinition/radiomics-criteria"]
  },
  "text" : {
    "status" : "extensions",
    "div" : "<div xmlns=\"http://www.w3.org/1999/xhtml\"><p class=\"res-header-id\"><b>Generated Narrative: Observation fhir-osiris-example-RadiomicsCriteria</b></p><a name=\"fhir-osiris-example-RadiomicsCriteria\"> </a><a name=\"hcfhir-osiris-example-RadiomicsCriteria\"> </a><a name=\"fhir-osiris-example-RadiomicsCriteria-en-US\"> </a><div style=\"display: inline-block; background-color: #d9e0e7; padding: 6px; margin: 4px; border: 1px solid #8da1b4; border-radius: 5px; line-height: 60%\"><p style=\"margin-bottom: 0px\"/><p style=\"margin-bottom: 0px\">Profile: <a href=\"StructureDefinition-radiomics-criteria.html\">Radiomics Criteria</a></p></div><blockquote><p><b>Radiomics Criteria Settings</b></p><p><b>valueString</b>: PyRadiomics</p><blockquote><p><b>url</b></p>softwareName</blockquote><p><b>valueString</b>: v3.0.1</p><blockquote><p><b>url</b></p>softwareVersion</blockquote><blockquote><p><b>url</b></p>localizationMethod</blockquote><p><b>value</b>: GLOBAL</p><blockquote><p><b>url</b></p>usedImageFilter</blockquote><p><b>value</b>: None</p><blockquote><p><b>url</b></p>usedImageFilterParameters</blockquote><p><b>value</b>: 3x3x3</p><p><b>valueString</b>: None</p><blockquote><p><b>url</b></p>distanceWeighting</blockquote><p><b>valueString</b>: FBS</p><blockquote><p><b>url</b></p>discretisationMethod</blockquote><p><b>valueDecimal</b>: 12</p><blockquote><p><b>url</b></p>binSize</blockquote><blockquote><p><b>url</b></p>boundsRangeOfValueAfterDiscretisation</blockquote><p><b>value</b>: 0,100</p><blockquote><p><b>url</b></p>spatialResamplingMethod</blockquote><p><b>value</b>: Bicubic spline</p><p><b>valueString</b>: None</p><blockquote><p><b>url</b></p>textureMatrixAggregation</blockquote><p><b>valueDecimal</b>: 0</p><blockquote><p><b>url</b></p>lowestIntensity</blockquote><p><b>valueDecimal</b>: 1</p><blockquote><p><b>url</b></p>biggestIntensity</blockquote><blockquote><p><b>url</b></p>spatialResamplingValues</blockquote><p><b>value</b>: [1.0, 2.0, 3.0]</p></blockquote><p><b>status</b>: Final</p><p><b>code</b>: <span title=\"Codes:{http://loinc.org 85430-7}\">Diagnostic imaging report - example sections and entries</span></p><p><b>subject</b>: <a href=\"Patient-L304.html\">Anonymous Patient Male, DoB: 1967-11-08</a></p><p><b>focus</b>: <a href=\"Observation-fhir-osiris-example-ROISegmentation.html\">Observation ROI Type DICOM</a></p><p><b>hasMember</b>: <a href=\"Observation-fhir-osiris-example-RadiomicsImageFilter.html\">Observation Diagnostic imaging report - example sections and entries</a></p></div>"
  },
  "extension" : [{
    "extension" : [{
      "extension" : [{
        "url" : "code"
      },
      {
        "url" : "valueString",
        "valueString" : "PyRadiomics"
      }],
      "url" : "softwareName"
    },
    {
      "extension" : [{
        "url" : "code"
      },
      {
        "url" : "valueString",
        "valueString" : "v3.0.1"
      }],
      "url" : "softwareVersion"
    },
    {
      "url" : "localizationMethod",
      "valueString" : "GLOBAL"
    },
    {
      "url" : "usedImageFilter",
      "valueString" : "None"
    },
    {
      "url" : "usedImageFilterParameters",
      "valueString" : "3x3x3"
    },
    {
      "extension" : [{
        "url" : "code"
      },
      {
        "url" : "valueString",
        "valueString" : "None"
      }],
      "url" : "distanceWeighting"
    },
    {
      "extension" : [{
        "url" : "code"
      },
      {
        "url" : "valueString",
        "valueString" : "FBS"
      }],
      "url" : "discretisationMethod"
    },
    {
      "extension" : [{
        "url" : "code"
      },
      {
        "url" : "valueDecimal",
        "valueDecimal" : 12
      }],
      "url" : "binSize"
    },
    {
      "url" : "boundsRangeOfValueAfterDiscretisation",
      "valueString" : "0,100"
    },
    {
      "url" : "spatialResamplingMethod",
      "valueString" : "Bicubic spline"
    },
    {
      "extension" : [{
        "url" : "code"
      },
      {
        "url" : "valueString",
        "valueString" : "None"
      }],
      "url" : "textureMatrixAggregation"
    },
    {
      "extension" : [{
        "url" : "valueDecimal",
        "valueDecimal" : 0
      },
      {
        "url" : "code"
      }],
      "url" : "lowestIntensity"
    },
    {
      "extension" : [{
        "url" : "valueDecimal",
        "valueDecimal" : 1
      },
      {
        "url" : "code"
      }],
      "url" : "biggestIntensity"
    },
    {
      "url" : "spatialResamplingValues",
      "valueString" : "[1.0, 2.0, 3.0]"
    }],
    "url" : "https://ig-osiris.cancer.fr/ig/osiris/StructureDefinition/radiomics-criteria-settings"
  }],
  "status" : "final",
  "code" : {
    "coding" : [{
      "system" : "http://loinc.org",
      "code" : "85430-7"
    }]
  },
  "subject" : {
    "reference" : "Patient/L304"
  },
  "focus" : [{
    "reference" : "Observation/fhir-osiris-example-ROISegmentation"
  }],
  "hasMember" : [{
    "reference" : "Observation/fhir-osiris-example-RadiomicsImageFilter"
  }]
}