{
  "resourceType" : "Observation",
  "id" : "fhir-osiris-example-analysis-ct",
  "meta" : {
    "profile" : ["https://ig-osiris.cancer.fr/ig/osiris/StructureDefinition/analysis"]
  },
  "text" : {
    "status" : "generated",
    "div" : "<div xmlns=\"http://www.w3.org/1999/xhtml\"><p class=\"res-header-id\"><b>Generated Narrative: Observation fhir-osiris-example-analysis-ct</b></p><a name=\"fhir-osiris-example-analysis-ct\"> </a><a name=\"hcfhir-osiris-example-analysis-ct\"> </a><a name=\"fhir-osiris-example-analysis-ct-en-US\"> </a><div style=\"display: inline-block; background-color: #d9e0e7; padding: 6px; margin: 4px; border: 1px solid #8da1b4; border-radius: 5px; line-height: 60%\"><p style=\"margin-bottom: 0px\"/><p style=\"margin-bottom: 0px\">Profile: <a href=\"StructureDefinition-analysis.html\">Analysis</a></p></div><p><b>status</b>: Final</p><p><b>code</b>: <span title=\"Codes:{https://terminology.arkhn.com/osiris C37-2}\">Imaging</span></p><p><b>subject</b>: <a href=\"Patient-13.html\">Anonymous Patient Unknown, DoB: 1000-01-01</a></p><p><b>effective</b>: 2018-10-12</p></div>"
  },
  "status" : "final",
  "code" : {
    "coding" : [{
      "system" : "https://terminology.arkhn.com/osiris",
      "code" : "C37-2"
    }]
  },
  "subject" : {
    "reference" : "Patient/13"
  },
  "effectiveDateTime" : "2018-10-12"
}