{
  "resourceType" : "Procedure",
  "id" : "fhir-osiris-example-RadiotherapyCourse-2",
  "meta" : {
    "profile" : ["https://build.fhir.org/ig/arkhn/arkhn-ig-osiris/StructureDefinition/radiotherapy-course-summary"]
  },
  "text" : {
    "status" : "extensions",
    "div" : "<div xmlns=\"http://www.w3.org/1999/xhtml\"><p><b>Generated Narrative: Procedure</b><a name=\"fhir-osiris-example-RadiotherapyCourse-2\"> </a><a name=\"hcfhir-osiris-example-RadiotherapyCourse-2\"> </a></p><div style=\"display: inline-block; background-color: #d9e0e7; padding: 6px; margin: 4px; border: 1px solid #8da1b4; border-radius: 5px; line-height: 60%\"><p style=\"margin-bottom: 0px\">ResourceProcedure &quot;fhir-osiris-example-RadiotherapyCourse-2&quot; </p><p style=\"margin-bottom: 0px\">Profile: <a href=\"StructureDefinition-radiotherapy-course-summary.html\">Radiotherapy course Summary</a></p></div><p><b>Treatment Intent</b>: 373808002 <span style=\"background: LightGoldenRodYellow; margin: 4px; border: 1px solid khaki\"> ([not stated]#373808002)</span></p><p><b>Number of Sessions</b>: 36</p><p><b>basedOn</b>: <a href=\"CarePlan-fhir-osiris-example-treatment-radiotherapy.html\">CarePlan/fhir-osiris-example-treatment-radiotherapy</a></p><p><b>status</b>: completed</p><p><b>category</b>: Delivered <span style=\"background: LightGoldenRodYellow; margin: 4px; border: 1px solid khaki\"> (<a href=\"CodeSystem-RadiotherapyCS.html\">Radiotherapy Code System</a>#Delivered)</span></p><p><b>code</b>: Radiotherapy course of treatment (regime/therapy) <span style=\"background: LightGoldenRodYellow; margin: 4px; border: 1px solid khaki\"> (<a href=\"https://browser.ihtsdotools.org/\">SNOWMED CT</a>#1217123003)</span></p><p><b>subject</b>: <a href=\"Patient-L304.html\">Patient/L304</a></p><p><b>performed</b>: 2018-08-15 --&gt; 2018-12-25</p></div>"
  },
  "extension" : [{
    "url" : "https://build.fhir.org/ig/arkhn/arkhn-ig-osiris/StructureDefinition/treatmentIntent",
    "valueCodeableConcept" : {
      "coding" : [{
        "code" : "373808002"
      }]
    }
  },
  {
    "url" : "https://build.fhir.org/ig/arkhn/arkhn-ig-osiris/StructureDefinition/numberOfSessions",
    "valueUnsignedInt" : 36
  }],
  "basedOn" : [{
    "reference" : "CarePlan/fhir-osiris-example-treatment-radiotherapy"
  }],
  "status" : "completed",
  "category" : {
    "coding" : [{
      "system" : "https://build.fhir.org/ig/arkhn/arkhn-ig-osiris/CodeSystem/RadiotherapyCS",
      "code" : "Delivered"
    }]
  },
  "code" : {
    "coding" : [{
      "system" : "http://snomed.info/sct",
      "code" : "1217123003"
    }]
  },
  "subject" : {
    "reference" : "Patient/L304"
  },
  "performedPeriod" : {
    "start" : "2018-08-15",
    "end" : "2018-12-25"
  }
}