{
  "resourceType" : "ResearchStudy",
  "id" : "fhir-osiris-example-researchstudy",
  "text" : {
    "status" : "generated",
    "div" : "<div xmlns=\"http://www.w3.org/1999/xhtml\"><p><b>Generated Narrative: ResearchStudy</b><a name=\"fhir-osiris-example-researchstudy\"> </a><a name=\"hcfhir-osiris-example-researchstudy\"> </a></p><div style=\"display: inline-block; background-color: #d9e0e7; padding: 6px; margin: 4px; border: 1px solid #8da1b4; border-radius: 5px; line-height: 60%\"><p style=\"margin-bottom: 0px\">ResourceResearchStudy &quot;fhir-osiris-example-researchstudy&quot; </p></div><p><b>identifier</b>: Unknown</p><p><b>title</b>: Unknown</p><p><b>status</b>: approved</p></div>"
  },
  "identifier" : [{
    "value" : "Unknown"
  }],
  "title" : "Unknown",
  "status" : "approved"
}