{
  "resourceType" : "ResearchStudy",
  "id" : "fhir-osiris-example-researchstudy",
  "text" : {
    "status" : "generated",
    "div" : "<div xmlns=\"http://www.w3.org/1999/xhtml\"><p class=\"res-header-id\"><b>Generated Narrative: ResearchStudy fhir-osiris-example-researchstudy</b></p><a name=\"fhir-osiris-example-researchstudy\"> </a><a name=\"hcfhir-osiris-example-researchstudy\"> </a><a name=\"fhir-osiris-example-researchstudy-en-US\"> </a><p><b>identifier</b>: Unknown</p><p><b>title</b>: Unknown</p><p><b>status</b>: Approved</p></div>"
  },
  "identifier" : [{
    "value" : "Unknown"
  }],
  "title" : "Unknown",
  "status" : "approved"
}