{
  "resourceType" : "ValueSet",
  "id" : "MutationPrediction",
  "text" : {
    "status" : "generated",
    "div" : "<div xmlns=\"http://www.w3.org/1999/xhtml\"><ul><li>Include these codes as defined in <code>https://github.com/siric-osiris/OSIRIS</code><table class=\"none\"><tr><td style=\"white-space:nowrap\"><b>Code</b></td><td><b>Display</b></td></tr><tr><td>O63-1</td><td>SIFT</td></tr><tr><td>O63-2</td><td>POLYPHEN2_HDIV</td></tr><tr><td>O63-3</td><td>MutationTaster</td></tr></table></li></ul></div>"
  },
  "url" : "https://build.fhir.org/ig/arkhn/arkhn-ig-osiris/ValueSet/MutationPrediction",
  "version" : "2.1.0",
  "name" : "MutationPrediction",
  "title" : "Mutation prediction Value Set",
  "status" : "draft",
  "date" : "2024-05-15T14:17:55+00:00",
  "publisher" : "Arkhn",
  "contact" : [{
    "name" : "Arkhn",
    "telecom" : [{
      "system" : "url",
      "value" : "http://arkhn.com"
    },
    {
      "system" : "email",
      "value" : "contact@arkhn.com"
    }]
  },
  {
    "name" : "Nicolas Riss",
    "telecom" : [{
      "system" : "email",
      "value" : "nicolas@arkhn.com"
    }]
  }],
  "description" : "Mutation prediction",
  "compose" : {
    "include" : [{
      "system" : "https://github.com/siric-osiris/OSIRIS",
      "concept" : [{
        "code" : "O63-1",
        "display" : "SIFT"
      },
      {
        "code" : "O63-2",
        "display" : "POLYPHEN2_HDIV"
      },
      {
        "code" : "O63-3",
        "display" : "MutationTaster"
      }]
    }]
  }
}