{
  "resourceType" : "ValueSet",
  "id" : "vs-radiotherapy-intent",
  "text" : {
    "status" : "generated",
    "div" : "<div xmlns=\"http://www.w3.org/1999/xhtml\"><ul><li>Include these codes as defined in <a href=\"http://www.snomed.org/\"><code>http://snomed.info/sct</code></a><table class=\"none\"><tr><td style=\"white-space:nowrap\"><b>Code</b></td><td><b>Display</b></td></tr><tr><td><a href=\"CodeSystem-SnomedCS.html#SnomedCS-373808002\">373808002</a></td><td>Curative - procedure intent</td></tr><tr><td><a href=\"CodeSystem-SnomedCS.html#SnomedCS-363676003\">363676003</a></td><td>Palliative - procedure intent</td></tr><tr><td><a href=\"CodeSystem-SnomedCS.html#SnomedCS-399707004\">399707004</a></td><td>Supportive - procedure intent</td></tr><tr><td><a href=\"CodeSystem-SnomedCS.html#SnomedCS-261004008\">261004008</a></td><td>Diagnostic intent</td></tr><tr><td><a href=\"CodeSystem-SnomedCS.html#SnomedCS-129428001\">129428001</a></td><td>Preventive - intent</td></tr><tr><td><a href=\"CodeSystem-SnomedCS.html#SnomedCS-429892002\">429892002</a></td><td>Guidance intent</td></tr><tr><td><a href=\"CodeSystem-SnomedCS.html#SnomedCS-360156006\">360156006</a></td><td>Screening - procedure intent</td></tr><tr><td><a href=\"CodeSystem-SnomedCS.html#SnomedCS-447295008\">447295008</a></td><td>Forensic intent</td></tr></table></li></ul></div>"
  },
  "url" : "https://build.fhir.org/ig/arkhn/arkhn-ig-osiris/ValueSet/vs-radiotherapy-intent",
  "version" : "2.1.0",
  "name" : "VSRadiotherapyIntent",
  "title" : "Radiotherapy Intent",
  "status" : "draft",
  "date" : "2024-05-15T14:10:31+00:00",
  "publisher" : "Arkhn",
  "contact" : [{
    "name" : "Arkhn",
    "telecom" : [{
      "system" : "url",
      "value" : "http://arkhn.com"
    },
    {
      "system" : "email",
      "value" : "contact@arkhn.com"
    }]
  },
  {
    "name" : "Nicolas Riss",
    "telecom" : [{
      "system" : "email",
      "value" : "nicolas@arkhn.com"
    }]
  }],
  "description" : "RadioTherapy Intent ",
  "compose" : {
    "include" : [{
      "system" : "http://snomed.info/sct",
      "concept" : [{
        "code" : "373808002",
        "display" : "Curative - procedure intent"
      },
      {
        "code" : "363676003",
        "display" : "Palliative - procedure intent"
      },
      {
        "code" : "399707004",
        "display" : "Supportive - procedure intent"
      },
      {
        "code" : "261004008",
        "display" : "Diagnostic intent"
      },
      {
        "code" : "129428001",
        "display" : "Preventive - intent"
      },
      {
        "code" : "429892002",
        "display" : "Guidance intent"
      },
      {
        "code" : "360156006",
        "display" : "Screening - procedure intent"
      },
      {
        "code" : "447295008",
        "display" : "Forensic intent"
      }]
    }]
  }
}