<?xml version="1.0" encoding="UTF-8"?><CodeSystem xmlns="http://hl7.org/fhir"><id value="SnomedCS"/><text><status value="generated"/><div xmlns="http://www.w3.org/1999/xhtml"><p class="res-header-id"><b>Generated Narrative: CodeSystem SnomedCS</b></p><a name="SnomedCS"> </a><a name="hcSnomedCS"> </a><a name="SnomedCS-en-US"> </a><p>This  code system <code>http://snomed.info/sct</code> defines the following codes:</p><table class="codes"><tr><td style="white-space:nowrap"><b>Code</b></td><td><b>Display</b></td></tr><tr><td style="white-space:nowrap">13881006<a name="SnomedCS-13881006"> </a></td><td>Zygoma</td></tr><tr><td style="white-space:nowrap">74670003<a name="SnomedCS-74670003"> </a></td><td>Wrist joint</td></tr><tr><td style="white-space:nowrap">38266002<a name="SnomedCS-38266002"> </a></td><td>Entire body</td></tr><tr><td style="white-space:nowrap">45292006<a name="SnomedCS-45292006"> </a></td><td>Vulva</td></tr><tr><td style="white-space:nowrap">85234005<a name="SnomedCS-85234005"> </a></td><td>Vertebral artery</td></tr><tr><td style="white-space:nowrap">76784001<a name="SnomedCS-76784001"> </a></td><td>Vagina</td></tr><tr><td style="white-space:nowrap">35039007<a name="SnomedCS-35039007"> </a></td><td>Uterus</td></tr><tr><td style="white-space:nowrap">13648007<a name="SnomedCS-13648007"> </a></td><td>Urethra</td></tr><tr><td style="white-space:nowrap">87953007<a name="SnomedCS-87953007"> </a></td><td>Ureter</td></tr><tr><td style="white-space:nowrap">431491007<a name="SnomedCS-431491007"> </a></td><td>Upper urinary tract</td></tr><tr><td style="white-space:nowrap">53120007<a name="SnomedCS-53120007"> </a></td><td>Upper limb</td></tr><tr><td style="white-space:nowrap">40983000<a name="SnomedCS-40983000"> </a></td><td>Upper arm</td></tr><tr><td style="white-space:nowrap">284639000<a name="SnomedCS-284639000"> </a></td><td>Umbilical vein</td></tr><tr><td style="white-space:nowrap">50536004<a name="SnomedCS-50536004"> </a></td><td>Umbilical artery</td></tr><tr><td style="white-space:nowrap">90290004<a name="SnomedCS-90290004"> </a></td><td>Umbilical region</td></tr><tr><td style="white-space:nowrap">44984001<a name="SnomedCS-44984001"> </a></td><td>Ulnar artery</td></tr><tr><td style="white-space:nowrap">23416004<a name="SnomedCS-23416004"> </a></td><td>Ulna</td></tr><tr><td style="white-space:nowrap">122495006<a name="SnomedCS-122495006"> </a></td><td>Thoracic spine</td></tr><tr><td style="white-space:nowrap">485005<a name="SnomedCS-485005"> </a></td><td>Transverse colon</td></tr><tr><td style="white-space:nowrap">110726009<a name="SnomedCS-110726009"> </a></td><td>Trachea and bronchus</td></tr><tr><td style="white-space:nowrap">44567001<a name="SnomedCS-44567001"> </a></td><td>Trachea</td></tr><tr><td style="white-space:nowrap">21974007<a name="SnomedCS-21974007"> </a></td><td>Tongue</td></tr><tr><td style="white-space:nowrap">29707007<a name="SnomedCS-29707007"> </a></td><td>Toe</td></tr><tr><td style="white-space:nowrap">53620006<a name="SnomedCS-53620006"> </a></td><td>Temporomandibular joint</td></tr><tr><td style="white-space:nowrap">1217256009<a name="SnomedCS-1217256009"> </a></td><td>Thoraco-lumbar spine</td></tr><tr><td style="white-space:nowrap">110536004<a name="SnomedCS-110536004"> </a></td><td>Tibia and fibula</td></tr><tr><td style="white-space:nowrap">12611008<a name="SnomedCS-12611008"> </a></td><td>Tibia</td></tr><tr><td style="white-space:nowrap">69748006<a name="SnomedCS-69748006"> </a></td><td>Thyroid</td></tr><tr><td style="white-space:nowrap">9875009<a name="SnomedCS-9875009"> </a></td><td>Thymus</td></tr><tr><td style="white-space:nowrap">76505004<a name="SnomedCS-76505004"> </a></td><td>Thumb</td></tr><tr><td style="white-space:nowrap">43799004<a name="SnomedCS-43799004"> </a></td><td>Thorax</td></tr><tr><td style="white-space:nowrap">113262008<a name="SnomedCS-113262008"> </a></td><td>Thoracic aorta</td></tr><tr><td style="white-space:nowrap">68367000<a name="SnomedCS-68367000"> </a></td><td>Thigh</td></tr><tr><td style="white-space:nowrap">42695009<a name="SnomedCS-42695009"> </a></td><td>Thalamus</td></tr><tr><td style="white-space:nowrap">40689003<a name="SnomedCS-40689003"> </a></td><td>Testis</td></tr><tr><td style="white-space:nowrap">48345005<a name="SnomedCS-48345005"> </a></td><td>Superior vena cava</td></tr><tr><td style="white-space:nowrap">72021004<a name="SnomedCS-72021004"> </a></td><td>Superior thyroid artery</td></tr><tr><td style="white-space:nowrap">11708003<a name="SnomedCS-11708003"> </a></td><td>Pubic region</td></tr><tr><td style="white-space:nowrap">77621008<a name="SnomedCS-77621008"> </a></td><td>Supraclavicular region of neck</td></tr><tr><td style="white-space:nowrap">54019009<a name="SnomedCS-54019009"> </a></td><td>Submandibular gland</td></tr><tr><td style="white-space:nowrap">19695001<a name="SnomedCS-19695001"> </a></td><td>Subcostal</td></tr><tr><td style="white-space:nowrap">9454009<a name="SnomedCS-9454009"> </a></td><td>Subclavian vein</td></tr><tr><td style="white-space:nowrap">36765005<a name="SnomedCS-36765005"> </a></td><td>Subclavian artery</td></tr><tr><td style="white-space:nowrap">69695003<a name="SnomedCS-69695003"> </a></td><td>Stomach</td></tr><tr><td style="white-space:nowrap">56873002<a name="SnomedCS-56873002"> </a></td><td>Sternum</td></tr><tr><td style="white-space:nowrap">54735007<a name="SnomedCS-54735007"> </a></td><td>Sacrum</td></tr><tr><td style="white-space:nowrap">35819009<a name="SnomedCS-35819009"> </a></td><td>Splenic vein</td></tr><tr><td style="white-space:nowrap">22083002<a name="SnomedCS-22083002"> </a></td><td>Splenic artery</td></tr><tr><td style="white-space:nowrap">78961009<a name="SnomedCS-78961009"> </a></td><td>Spleen</td></tr><tr><td style="white-space:nowrap">421060004<a name="SnomedCS-421060004"> </a></td><td>Spine</td></tr><tr><td style="white-space:nowrap">2748008<a name="SnomedCS-2748008"> </a></td><td>Spinal cord</td></tr><tr><td style="white-space:nowrap">30315005<a name="SnomedCS-30315005"> </a></td><td>Small intestine</td></tr><tr><td style="white-space:nowrap">42258001<a name="SnomedCS-42258001"> </a></td><td>Superior mesenteric artery</td></tr><tr><td style="white-space:nowrap">89546000<a name="SnomedCS-89546000"> </a></td><td>Skull</td></tr><tr><td style="white-space:nowrap">39723000<a name="SnomedCS-39723000"> </a></td><td>Sacroiliac joint</td></tr><tr><td style="white-space:nowrap">60184004<a name="SnomedCS-60184004"> </a></td><td>Sigmoid colon</td></tr><tr><td style="white-space:nowrap">16982005<a name="SnomedCS-16982005"> </a></td><td>Shoulder</td></tr><tr><td style="white-space:nowrap">397364003<a name="SnomedCS-397364003"> </a></td><td>Superficial femoral vein</td></tr><tr><td style="white-space:nowrap">128587003<a name="SnomedCS-128587003"> </a></td><td>Saphenofemoral junction</td></tr><tr><td style="white-space:nowrap">181349008<a name="SnomedCS-181349008"> </a></td><td>Superficial femoral artery</td></tr><tr><td style="white-space:nowrap">58742003<a name="SnomedCS-58742003"> </a></td><td>Sesamoid bones of foot</td></tr><tr><td style="white-space:nowrap">64739004<a name="SnomedCS-64739004"> </a></td><td>Seminal vesicle</td></tr><tr><td style="white-space:nowrap">42575006<a name="SnomedCS-42575006"> </a></td><td>Sella turcica</td></tr><tr><td style="white-space:nowrap">20233005<a name="SnomedCS-20233005"> </a></td><td>Scrotum</td></tr><tr><td style="white-space:nowrap">18619003<a name="SnomedCS-18619003"> </a></td><td>Sclera</td></tr><tr><td style="white-space:nowrap">7844006<a name="SnomedCS-7844006"> </a></td><td>Sternoclavicular joint</td></tr><tr><td style="white-space:nowrap">79601000<a name="SnomedCS-79601000"> </a></td><td>Scapula</td></tr><tr><td style="white-space:nowrap">41695006<a name="SnomedCS-41695006"> </a></td><td>Scalp</td></tr><tr><td style="white-space:nowrap">362072009<a name="SnomedCS-362072009"> </a></td><td>Saphenous vein</td></tr><tr><td style="white-space:nowrap">53085002<a name="SnomedCS-53085002"> </a></td><td>Right ventricle</td></tr><tr><td style="white-space:nowrap">50519007<a name="SnomedCS-50519007"> </a></td><td>Right upper quadrant of abdomen</td></tr><tr><td style="white-space:nowrap">8629005<a name="SnomedCS-8629005"> </a></td><td>Superior right pulmonary vein</td></tr><tr><td style="white-space:nowrap">78480002<a name="SnomedCS-78480002"> </a></td><td>Right pulmonary artery</td></tr><tr><td style="white-space:nowrap">73931004<a name="SnomedCS-73931004"> </a></td><td>Right portal vein</td></tr><tr><td style="white-space:nowrap">1017211000<a name="SnomedCS-1017211000"> </a></td><td>Right lumbar region</td></tr><tr><td style="white-space:nowrap">48544008<a name="SnomedCS-48544008"> </a></td><td>Right lower quadrant of abdomen</td></tr><tr><td style="white-space:nowrap">37117007<a name="SnomedCS-37117007"> </a></td><td>Right inguinal region</td></tr><tr><td style="white-space:nowrap">113197003<a name="SnomedCS-113197003"> </a></td><td>Rib</td></tr><tr><td style="white-space:nowrap">133946002<a name="SnomedCS-133946002"> </a></td><td>Right hypochondriac region</td></tr><tr><td style="white-space:nowrap">272998002<a name="SnomedCS-272998002"> </a></td><td>Right hepatic vein</td></tr><tr><td style="white-space:nowrap">69833005<a name="SnomedCS-69833005"> </a></td><td>Right femoral artery</td></tr><tr><td style="white-space:nowrap">82849001<a name="SnomedCS-82849001"> </a></td><td>Retroperitoneum</td></tr><tr><td style="white-space:nowrap">56400007<a name="SnomedCS-56400007"> </a></td><td>Renal vein</td></tr><tr><td style="white-space:nowrap">2841007<a name="SnomedCS-2841007"> </a></td><td>Renal artery</td></tr><tr><td style="white-space:nowrap">34402009<a name="SnomedCS-34402009"> </a></td><td>Rectum</td></tr><tr><td style="white-space:nowrap">73829009<a name="SnomedCS-73829009"> </a></td><td>Right atrium</td></tr><tr><td style="white-space:nowrap">110535000<a name="SnomedCS-110535000"> </a></td><td>Radius and ulna</td></tr><tr><td style="white-space:nowrap">62413002<a name="SnomedCS-62413002"> </a></td><td>Radius</td></tr><tr><td style="white-space:nowrap">45631007<a name="SnomedCS-45631007"> </a></td><td>Radial artery</td></tr><tr><td style="white-space:nowrap">122972007<a name="SnomedCS-122972007"> </a></td><td>Pulmonary vein</td></tr><tr><td style="white-space:nowrap">81040000<a name="SnomedCS-81040000"> </a></td><td>Pulmonary artery</td></tr><tr><td style="white-space:nowrap">41216001<a name="SnomedCS-41216001"> </a></td><td>Prostate</td></tr><tr><td style="white-space:nowrap">23438002<a name="SnomedCS-23438002"> </a></td><td>Profunda femoris vein</td></tr><tr><td style="white-space:nowrap">31677005<a name="SnomedCS-31677005"> </a></td><td>Profunda femoris artery</td></tr><tr><td style="white-space:nowrap">13363002<a name="SnomedCS-13363002"> </a></td><td>Posterior tibial artery</td></tr><tr><td style="white-space:nowrap">43119007<a name="SnomedCS-43119007"> </a></td><td>Posterior communicating artery</td></tr><tr><td style="white-space:nowrap">32764006<a name="SnomedCS-32764006"> </a></td><td>Portal vein</td></tr><tr><td style="white-space:nowrap">56849005<a name="SnomedCS-56849005"> </a></td><td>Popliteal vein</td></tr><tr><td style="white-space:nowrap">32361000<a name="SnomedCS-32361000"> </a></td><td>Popliteal fossa</td></tr><tr><td style="white-space:nowrap">43899006<a name="SnomedCS-43899006"> </a></td><td>Popliteal artery</td></tr><tr><td style="white-space:nowrap">78067005<a name="SnomedCS-78067005"> </a></td><td>Placenta</td></tr><tr><td style="white-space:nowrap">312535008<a name="SnomedCS-312535008"> </a></td><td>Pharynx and larynx</td></tr><tr><td style="white-space:nowrap">54066008<a name="SnomedCS-54066008"> </a></td><td>Pharynx</td></tr><tr><td style="white-space:nowrap">706342009<a name="SnomedCS-706342009"> </a></td><td>Phantom</td></tr><tr><td style="white-space:nowrap">8821006<a name="SnomedCS-8821006"> </a></td><td>Peroneal artery</td></tr><tr><td style="white-space:nowrap">38864007<a name="SnomedCS-38864007"> </a></td><td>Perineum</td></tr><tr><td style="white-space:nowrap">18911002<a name="SnomedCS-18911002"> </a></td><td>Penis</td></tr><tr><td style="white-space:nowrap">282044005<a name="SnomedCS-282044005"> </a></td><td>Penile artery</td></tr><tr><td style="white-space:nowrap">1231522001<a name="SnomedCS-1231522001"> </a></td><td>Pelvis and lower extremities</td></tr><tr><td style="white-space:nowrap">816092008<a name="SnomedCS-816092008"> </a></td><td>Pelvis</td></tr><tr><td style="white-space:nowrap">70382005<a name="SnomedCS-70382005"> </a></td><td>Posterior cerebral artery</td></tr><tr><td style="white-space:nowrap">64234005<a name="SnomedCS-64234005"> </a></td><td>Patella</td></tr><tr><td style="white-space:nowrap">45289007<a name="SnomedCS-45289007"> </a></td><td>Parotid gland</td></tr><tr><td style="white-space:nowrap">111002<a name="SnomedCS-111002"> </a></td><td>Parathyroid</td></tr><tr><td style="white-space:nowrap">91691001<a name="SnomedCS-91691001"> </a></td><td>Parasternal</td></tr><tr><td style="white-space:nowrap">69930009<a name="SnomedCS-69930009"> </a></td><td>Pancreatic duct</td></tr><tr><td style="white-space:nowrap">15776009<a name="SnomedCS-15776009"> </a></td><td>Pancreas</td></tr><tr><td style="white-space:nowrap">110621006<a name="SnomedCS-110621006"> </a></td><td>Pancreatic duct and bile duct systems</td></tr><tr><td style="white-space:nowrap">15497006<a name="SnomedCS-15497006"> </a></td><td>Ovary</td></tr><tr><td style="white-space:nowrap">363654007<a name="SnomedCS-363654007"> </a></td><td>Orbital structure</td></tr><tr><td style="white-space:nowrap">55024004<a name="SnomedCS-55024004"> </a></td><td>Optic canal</td></tr><tr><td style="white-space:nowrap">53549008<a name="SnomedCS-53549008"> </a></td><td>Ophthalmic artery</td></tr><tr><td style="white-space:nowrap">31145008<a name="SnomedCS-31145008"> </a></td><td>Occipital artery</td></tr><tr><td style="white-space:nowrap">32114007<a name="SnomedCS-32114007"> </a></td><td>Occipital vein</td></tr><tr><td style="white-space:nowrap">45206002<a name="SnomedCS-45206002"> </a></td><td>Nose</td></tr><tr><td style="white-space:nowrap">416319003<a name="SnomedCS-416319003"> </a></td><td>Neck, Chest, Abdomen and Pelvis</td></tr><tr><td style="white-space:nowrap">416152001<a name="SnomedCS-416152001"> </a></td><td>Neck, Chest and Abdomen</td></tr><tr><td style="white-space:nowrap">417437006<a name="SnomedCS-417437006"> </a></td><td>Neck and Chest</td></tr><tr><td style="white-space:nowrap">45048000<a name="SnomedCS-45048000"> </a></td><td>Neck</td></tr><tr><td style="white-space:nowrap">360955006<a name="SnomedCS-360955006"> </a></td><td>Nasopharynx</td></tr><tr><td style="white-space:nowrap">123851003<a name="SnomedCS-123851003"> </a></td><td>Mouth</td></tr><tr><td style="white-space:nowrap">243977002<a name="SnomedCS-243977002"> </a></td><td>Morisons pouch</td></tr><tr><td style="white-space:nowrap">273099000<a name="SnomedCS-273099000"> </a></td><td>Middle hepatic vein</td></tr><tr><td style="white-space:nowrap">128583004<a name="SnomedCS-128583004"> </a></td><td>Mesenteric vein</td></tr><tr><td style="white-space:nowrap">86570000<a name="SnomedCS-86570000"> </a></td><td>Mesenteric artery</td></tr><tr><td style="white-space:nowrap">72410000<a name="SnomedCS-72410000"> </a></td><td>Mediastinum</td></tr><tr><td style="white-space:nowrap">17232002<a name="SnomedCS-17232002"> </a></td><td>Middle cerebral artery</td></tr><tr><td style="white-space:nowrap">70925003<a name="SnomedCS-70925003"> </a></td><td>Maxilla</td></tr><tr><td style="white-space:nowrap">59066005<a name="SnomedCS-59066005"> </a></td><td>Mastoid bone</td></tr><tr><td style="white-space:nowrap">91609006<a name="SnomedCS-91609006"> </a></td><td>Mandible</td></tr><tr><td style="white-space:nowrap">87878005<a name="SnomedCS-87878005"> </a></td><td>Left ventricle</td></tr><tr><td style="white-space:nowrap">86367003<a name="SnomedCS-86367003"> </a></td><td>Left upper quadrant of abdomen</td></tr><tr><td style="white-space:nowrap">39607008<a name="SnomedCS-39607008"> </a></td><td>Lung</td></tr><tr><td style="white-space:nowrap">91747007<a name="SnomedCS-91747007"> </a></td><td>Lumen of blood vessel</td></tr><tr><td style="white-space:nowrap">34635009<a name="SnomedCS-34635009"> </a></td><td>Lumbar artery</td></tr><tr><td style="white-space:nowrap">52612000<a name="SnomedCS-52612000"> </a></td><td>Lumbar region</td></tr><tr><td style="white-space:nowrap">43863001<a name="SnomedCS-43863001"> </a></td><td>Superior left pulmonary vein</td></tr><tr><td style="white-space:nowrap">1217253001<a name="SnomedCS-1217253001"> </a></td><td>Lumbo-sacral spine</td></tr><tr><td style="white-space:nowrap">122496007<a name="SnomedCS-122496007"> </a></td><td>Lumbar spine</td></tr><tr><td style="white-space:nowrap">50408007<a name="SnomedCS-50408007"> </a></td><td>Left pulmonary artery</td></tr><tr><td style="white-space:nowrap">70253006<a name="SnomedCS-70253006"> </a></td><td>Left portal vein</td></tr><tr><td style="white-space:nowrap">61685007<a name="SnomedCS-61685007"> </a></td><td>Lower limb</td></tr><tr><td style="white-space:nowrap">30021000<a name="SnomedCS-30021000"> </a></td><td>Lower leg</td></tr><tr><td style="white-space:nowrap">1017210004<a name="SnomedCS-1017210004"> </a></td><td>Left lumbar region</td></tr><tr><td style="white-space:nowrap">68505006<a name="SnomedCS-68505006"> </a></td><td>Left lower quadrant of abdomen</td></tr><tr><td style="white-space:nowrap">10200004<a name="SnomedCS-10200004"> </a></td><td>Liver</td></tr><tr><td style="white-space:nowrap">85119005<a name="SnomedCS-85119005"> </a></td><td>Left inguinal region</td></tr><tr><td style="white-space:nowrap">113264009<a name="SnomedCS-113264009"> </a></td><td>Lingual artery</td></tr><tr><td style="white-space:nowrap">133945003<a name="SnomedCS-133945003"> </a></td><td>Left hypochondriac region</td></tr><tr><td style="white-space:nowrap">273202007<a name="SnomedCS-273202007"> </a></td><td>Left hepatic vein</td></tr><tr><td style="white-space:nowrap">113270003<a name="SnomedCS-113270003"> </a></td><td>Left femoral artery</td></tr><tr><td style="white-space:nowrap">66720007<a name="SnomedCS-66720007"> </a></td><td>Lateral Ventricle</td></tr><tr><td style="white-space:nowrap">82471001<a name="SnomedCS-82471001"> </a></td><td>Left atrium</td></tr><tr><td style="white-space:nowrap">4596009<a name="SnomedCS-4596009"> </a></td><td>Larynx</td></tr><tr><td style="white-space:nowrap">14742008<a name="SnomedCS-14742008"> </a></td><td>Large intestine</td></tr><tr><td style="white-space:nowrap">59749000<a name="SnomedCS-59749000"> </a></td><td>Lacrimal artery</td></tr><tr><td style="white-space:nowrap">72696002<a name="SnomedCS-72696002"> </a></td><td>Knee</td></tr><tr><td style="white-space:nowrap">64033007<a name="SnomedCS-64033007"> </a></td><td>Kidney</td></tr><tr><td style="white-space:nowrap">39352004<a name="SnomedCS-39352004"> </a></td><td>Joint</td></tr><tr><td style="white-space:nowrap">21306003<a name="SnomedCS-21306003"> </a></td><td>Jejunum</td></tr><tr><td style="white-space:nowrap">661005<a name="SnomedCS-661005"> </a></td><td>Jaw region</td></tr><tr><td style="white-space:nowrap">1101003<a name="SnomedCS-1101003"> </a></td><td>Intracranial</td></tr><tr><td style="white-space:nowrap">69327007<a name="SnomedCS-69327007"> </a></td><td>Internal mammary artery</td></tr><tr><td style="white-space:nowrap">12123001<a name="SnomedCS-12123001"> </a></td><td>Internal jugular vein</td></tr><tr><td style="white-space:nowrap">90024005<a name="SnomedCS-90024005"> </a></td><td>Internal iliac artery</td></tr><tr><td style="white-space:nowrap">8887007<a name="SnomedCS-8887007"> </a></td><td>Innominate vein</td></tr><tr><td style="white-space:nowrap">12691009<a name="SnomedCS-12691009"> </a></td><td>Innominate artery</td></tr><tr><td style="white-space:nowrap">26893007<a name="SnomedCS-26893007"> </a></td><td>Inguinal region</td></tr><tr><td style="white-space:nowrap">64131007<a name="SnomedCS-64131007"> </a></td><td>Inferior vena cava</td></tr><tr><td style="white-space:nowrap">33795007<a name="SnomedCS-33795007"> </a></td><td>Inferior mesenteric artery</td></tr><tr><td style="white-space:nowrap">22356005<a name="SnomedCS-22356005"> </a></td><td>Ilium</td></tr><tr><td style="white-space:nowrap">244411005<a name="SnomedCS-244411005"> </a></td><td>Iliac vein</td></tr><tr><td style="white-space:nowrap">10293006<a name="SnomedCS-10293006"> </a></td><td>Iliac artery</td></tr><tr><td style="white-space:nowrap">34516001<a name="SnomedCS-34516001"> </a></td><td>Ileum</td></tr><tr><td style="white-space:nowrap">86117002<a name="SnomedCS-86117002"> </a></td><td>Internal carotid artery</td></tr><tr><td style="white-space:nowrap">361078006<a name="SnomedCS-361078006"> </a></td><td>Internal Auditory Canal</td></tr><tr><td style="white-space:nowrap">81502006<a name="SnomedCS-81502006"> </a></td><td>Hypopharynx</td></tr><tr><td style="white-space:nowrap">85050009<a name="SnomedCS-85050009"> </a></td><td>Humerus</td></tr><tr><td style="white-space:nowrap">24136001<a name="SnomedCS-24136001"> </a></td><td>Hip joint</td></tr><tr><td style="white-space:nowrap">8993003<a name="SnomedCS-8993003"> </a></td><td>Hepatic vein</td></tr><tr><td style="white-space:nowrap">76015000<a name="SnomedCS-76015000"> </a></td><td>Hepatic artery</td></tr><tr><td style="white-space:nowrap">80891009<a name="SnomedCS-80891009"> </a></td><td>Heart</td></tr><tr><td style="white-space:nowrap">774007<a name="SnomedCS-774007"> </a></td><td>Head and Neck</td></tr><tr><td style="white-space:nowrap">69536005<a name="SnomedCS-69536005"> </a></td><td>Head</td></tr><tr><td style="white-space:nowrap">85562004<a name="SnomedCS-85562004"> </a></td><td>Hand</td></tr><tr><td style="white-space:nowrap">60734001<a name="SnomedCS-60734001"> </a></td><td>Great saphenous vein</td></tr><tr><td style="white-space:nowrap">46862004<a name="SnomedCS-46862004"> </a></td><td>Gluteal region</td></tr><tr><td style="white-space:nowrap">300571009<a name="SnomedCS-300571009"> </a></td><td>Gestational sac</td></tr><tr><td style="white-space:nowrap">128559007<a name="SnomedCS-128559007"> </a></td><td>Genicular artery</td></tr><tr><td style="white-space:nowrap">110568007<a name="SnomedCS-110568007"> </a></td><td>Gastric vein</td></tr><tr><td style="white-space:nowrap">28231008<a name="SnomedCS-28231008"> </a></td><td>Gallbladder</td></tr><tr><td style="white-space:nowrap">14975008<a name="SnomedCS-14975008"> </a></td><td>Forearm</td></tr><tr><td style="white-space:nowrap">56459004<a name="SnomedCS-56459004"> </a></td><td>Foot</td></tr><tr><td style="white-space:nowrap">79361005<a name="SnomedCS-79361005"> </a></td><td>Fontanel of skull</td></tr><tr><td style="white-space:nowrap">58602004<a name="SnomedCS-58602004"> </a></td><td>Flank</td></tr><tr><td style="white-space:nowrap">7569003<a name="SnomedCS-7569003"> </a></td><td>Finger</td></tr><tr><td style="white-space:nowrap">87342007<a name="SnomedCS-87342007"> </a></td><td>Fibula</td></tr><tr><td style="white-space:nowrap">71341001<a name="SnomedCS-71341001"> </a></td><td>Femur</td></tr><tr><td style="white-space:nowrap">83419000<a name="SnomedCS-83419000"> </a></td><td>Femoral vein</td></tr><tr><td style="white-space:nowrap">7657000<a name="SnomedCS-7657000"> </a></td><td>Femoral artery</td></tr><tr><td style="white-space:nowrap">23074001<a name="SnomedCS-23074001"> </a></td><td>Facial artery</td></tr><tr><td style="white-space:nowrap">89545001<a name="SnomedCS-89545001"> </a></td><td>Face</td></tr><tr><td style="white-space:nowrap">80243003<a name="SnomedCS-80243003"> </a></td><td>Eyelid</td></tr><tr><td style="white-space:nowrap">81745001<a name="SnomedCS-81745001"> </a></td><td>Eye</td></tr><tr><td style="white-space:nowrap">66019005<a name="SnomedCS-66019005"> </a></td><td>Extremity</td></tr><tr><td style="white-space:nowrap">71585003<a name="SnomedCS-71585003"> </a></td><td>External jugular vein</td></tr><tr><td style="white-space:nowrap">63507001<a name="SnomedCS-63507001"> </a></td><td>External iliac vein</td></tr><tr><td style="white-space:nowrap">113269004<a name="SnomedCS-113269004"> </a></td><td>External iliac artery</td></tr><tr><td style="white-space:nowrap">32849002<a name="SnomedCS-32849002"> </a></td><td>Esophagus</td></tr><tr><td style="white-space:nowrap">27947004<a name="SnomedCS-27947004"> </a></td><td>Epigastric region</td></tr><tr><td style="white-space:nowrap">87644002<a name="SnomedCS-87644002"> </a></td><td>Epididymis</td></tr><tr><td style="white-space:nowrap">48367006<a name="SnomedCS-48367006"> </a></td><td>Endo-vesical</td></tr><tr><td style="white-space:nowrap">29092000<a name="SnomedCS-29092000"> </a></td><td>Vein</td></tr><tr><td style="white-space:nowrap">59820001<a name="SnomedCS-59820001"> </a></td><td>Endo-vascular</td></tr><tr><td style="white-space:nowrap">18962004<a name="SnomedCS-18962004"> </a></td><td>Endo-nasopharyngeal</td></tr><tr><td style="white-space:nowrap">53342003<a name="SnomedCS-53342003"> </a></td><td>Endo-nasal</td></tr><tr><td style="white-space:nowrap">2739003<a name="SnomedCS-2739003"> </a></td><td>Endometrium</td></tr><tr><td style="white-space:nowrap">16953009<a name="SnomedCS-16953009"> </a></td><td>Elbow joint</td></tr><tr><td style="white-space:nowrap">22286001<a name="SnomedCS-22286001"> </a></td><td>External carotid artery</td></tr><tr><td style="white-space:nowrap">117590005<a name="SnomedCS-117590005"> </a></td><td>Ear</td></tr><tr><td style="white-space:nowrap">84301002<a name="SnomedCS-84301002"> </a></td><td>External auditory canal</td></tr><tr><td style="white-space:nowrap">38848004<a name="SnomedCS-38848004"> </a></td><td>Duodenum</td></tr><tr><td style="white-space:nowrap">32622004<a name="SnomedCS-32622004"> </a></td><td>Descending colon</td></tr><tr><td style="white-space:nowrap">32672002<a name="SnomedCS-32672002"> </a></td><td>Descending aorta</td></tr><tr><td style="white-space:nowrap">53843000<a name="SnomedCS-53843000"> </a></td><td>Rectouterine pouch</td></tr><tr><td style="white-space:nowrap">1217257000<a name="SnomedCS-1217257000"> </a></td><td>Cervico-thoracic spine</td></tr><tr><td style="white-space:nowrap">122494005<a name="SnomedCS-122494005"> </a></td><td>Cervical spine</td></tr><tr><td style="white-space:nowrap">90219004<a name="SnomedCS-90219004"> </a></td><td>Coronary sinus</td></tr><tr><td style="white-space:nowrap">41801008<a name="SnomedCS-41801008"> </a></td><td>Coronary artery</td></tr><tr><td style="white-space:nowrap">28726007<a name="SnomedCS-28726007"> </a></td><td>Cornea</td></tr><tr><td style="white-space:nowrap">79741001<a name="SnomedCS-79741001"> </a></td><td>Common bile duct</td></tr><tr><td style="white-space:nowrap">46027005<a name="SnomedCS-46027005"> </a></td><td>Common iliac vein</td></tr><tr><td style="white-space:nowrap">73634005<a name="SnomedCS-73634005"> </a></td><td>Common iliac artery</td></tr><tr><td style="white-space:nowrap">71854001<a name="SnomedCS-71854001"> </a></td><td>Colon</td></tr><tr><td style="white-space:nowrap">64688005<a name="SnomedCS-64688005"> </a></td><td>Coccyx</td></tr><tr><td style="white-space:nowrap">51299004<a name="SnomedCS-51299004"> </a></td><td>Clavicle</td></tr><tr><td style="white-space:nowrap">11279006<a name="SnomedCS-11279006"> </a></td><td>Circle of Willis</td></tr><tr><td style="white-space:nowrap">80621003<a name="SnomedCS-80621003"> </a></td><td>Choroid plexus</td></tr><tr><td style="white-space:nowrap">416775004<a name="SnomedCS-416775004"> </a></td><td>Chest, Abdomen and Pelvis</td></tr><tr><td style="white-space:nowrap">416550000<a name="SnomedCS-416550000"> </a></td><td>Chest and Abdomen</td></tr><tr><td style="white-space:nowrap">60819002<a name="SnomedCS-60819002"> </a></td><td>Cheek</td></tr><tr><td style="white-space:nowrap">397363009<a name="SnomedCS-397363009"> </a></td><td>Common femoral vein</td></tr><tr><td style="white-space:nowrap">181347005<a name="SnomedCS-181347005"> </a></td><td>Common femoral artery</td></tr><tr><td style="white-space:nowrap">71252005<a name="SnomedCS-71252005"> </a></td><td>Cervix</td></tr><tr><td style="white-space:nowrap">88556005<a name="SnomedCS-88556005"> </a></td><td>Cerebral artery</td></tr><tr><td style="white-space:nowrap">372073000<a name="SnomedCS-372073000"> </a></td><td>Cerebral hemisphere</td></tr><tr><td style="white-space:nowrap">113305005<a name="SnomedCS-113305005"> </a></td><td>Cerebellum</td></tr><tr><td style="white-space:nowrap">20699002<a name="SnomedCS-20699002"> </a></td><td>Cephalic vein</td></tr><tr><td style="white-space:nowrap">57850000<a name="SnomedCS-57850000"> </a></td><td>Celiac artery</td></tr><tr><td style="white-space:nowrap">32062004<a name="SnomedCS-32062004"> </a></td><td>Common carotid artery</td></tr><tr><td style="white-space:nowrap">69105007<a name="SnomedCS-69105007"> </a></td><td>Carotid Artery</td></tr><tr><td style="white-space:nowrap">53840002<a name="SnomedCS-53840002"> </a></td><td>Calf of leg</td></tr><tr><td style="white-space:nowrap">80144004<a name="SnomedCS-80144004"> </a></td><td>Calcaneus</td></tr><tr><td style="white-space:nowrap">21479005<a name="SnomedCS-21479005"> </a></td><td>Carotid bulb</td></tr><tr><td style="white-space:nowrap">955009<a name="SnomedCS-955009"> </a></td><td>Bronchus</td></tr><tr><td style="white-space:nowrap">76752008<a name="SnomedCS-76752008"> </a></td><td>Breast</td></tr><tr><td style="white-space:nowrap">12738006<a name="SnomedCS-12738006"> </a></td><td>Brain</td></tr><tr><td style="white-space:nowrap">20115005<a name="SnomedCS-20115005"> </a></td><td>Brachial vein</td></tr><tr><td style="white-space:nowrap">17137000<a name="SnomedCS-17137000"> </a></td><td>Brachial artery</td></tr><tr><td style="white-space:nowrap">110837003<a name="SnomedCS-110837003"> </a></td><td>Bladder and urethra</td></tr><tr><td style="white-space:nowrap">89837001<a name="SnomedCS-89837001"> </a></td><td>Bladder</td></tr><tr><td style="white-space:nowrap">34707002<a name="SnomedCS-34707002"> </a></td><td>Biliary tract</td></tr><tr><td style="white-space:nowrap">28273000<a name="SnomedCS-28273000"> </a></td><td>Bile duct</td></tr><tr><td style="white-space:nowrap">59011009<a name="SnomedCS-59011009"> </a></td><td>Basilar artery</td></tr><tr><td style="white-space:nowrap">77568009<a name="SnomedCS-77568009"> </a></td><td>Back</td></tr><tr><td style="white-space:nowrap">72107004<a name="SnomedCS-72107004"> </a></td><td>Azygos vein</td></tr><tr><td style="white-space:nowrap">68705008<a name="SnomedCS-68705008"> </a></td><td>Axillary vein</td></tr><tr><td style="white-space:nowrap">67937003<a name="SnomedCS-67937003"> </a></td><td>Axillary Artery</td></tr><tr><td style="white-space:nowrap">91470000<a name="SnomedCS-91470000"> </a></td><td>Axilla</td></tr><tr><td style="white-space:nowrap">9040008<a name="SnomedCS-9040008"> </a></td><td>Ascending colon</td></tr><tr><td style="white-space:nowrap">54247002<a name="SnomedCS-54247002"> </a></td><td>Ascending aorta</td></tr><tr><td style="white-space:nowrap">51114001<a name="SnomedCS-51114001"> </a></td><td>Artery</td></tr><tr><td style="white-space:nowrap">66754008<a name="SnomedCS-66754008"> </a></td><td>Appendix</td></tr><tr><td style="white-space:nowrap">57034009<a name="SnomedCS-57034009"> </a></td><td>Aortic arch</td></tr><tr><td style="white-space:nowrap">15825003<a name="SnomedCS-15825003"> </a></td><td>Aorta</td></tr><tr><td style="white-space:nowrap">110612005<a name="SnomedCS-110612005"> </a></td><td>Anus, rectum and sigmoid colon</td></tr><tr><td style="white-space:nowrap">68053000<a name="SnomedCS-68053000"> </a></td><td>Anterior tibial artery</td></tr><tr><td style="white-space:nowrap">17388009<a name="SnomedCS-17388009"> </a></td><td>Anterior spinal artery</td></tr><tr><td style="white-space:nowrap">128553008<a name="SnomedCS-128553008"> </a></td><td>Antecubital vein</td></tr><tr><td style="white-space:nowrap">8012006<a name="SnomedCS-8012006"> </a></td><td>Anterior communicating artery</td></tr><tr><td style="white-space:nowrap">194996006<a name="SnomedCS-194996006"> </a></td><td>Anterior cardiac vein</td></tr><tr><td style="white-space:nowrap">70258002<a name="SnomedCS-70258002"> </a></td><td>Ankle joint</td></tr><tr><td style="white-space:nowrap">77012006<a name="SnomedCS-77012006"> </a></td><td>Amniotic fluid</td></tr><tr><td style="white-space:nowrap">23451007<a name="SnomedCS-23451007"> </a></td><td>Adrenal gland</td></tr><tr><td style="white-space:nowrap">85856004<a name="SnomedCS-85856004"> </a></td><td>Acromioclavicular joint</td></tr><tr><td style="white-space:nowrap">60176003<a name="SnomedCS-60176003"> </a></td><td>Anterior cerebral artery</td></tr><tr><td style="white-space:nowrap">7832008<a name="SnomedCS-7832008"> </a></td><td>Abdominal aorta</td></tr><tr><td style="white-space:nowrap">818982008<a name="SnomedCS-818982008"> </a></td><td>Abdomen and Pelvis</td></tr><tr><td style="white-space:nowrap">818981001<a name="SnomedCS-818981001"> </a></td><td>Abdomen</td></tr><tr><td style="white-space:nowrap">35918002<a name="SnomedCS-35918002"> </a></td><td>Fourth ventricle</td></tr><tr><td style="white-space:nowrap">49841001<a name="SnomedCS-49841001"> </a></td><td>Third ventricle</td></tr><tr><td style="white-space:nowrap">47625008<a name="SnomedCS-47625008"> </a></td><td>Intravenous use</td></tr><tr><td style="white-space:nowrap">1217123003<a name="SnomedCS-1217123003"> </a></td><td>Radiotherapy course of treatment (regime/therapy)</td></tr><tr><td style="white-space:nowrap">1222565005<a name="SnomedCS-1222565005"> </a></td><td>Radiotherapy treatment phase (regime/therapy)</td></tr><tr><td style="white-space:nowrap">1255724003<a name="SnomedCS-1255724003"> </a></td><td>Radiotherapy treatment plan (regime/therapy)</td></tr><tr><td style="white-space:nowrap">373808002<a name="SnomedCS-373808002"> </a></td><td>Curative - procedure intent</td></tr><tr><td style="white-space:nowrap">363676003<a name="SnomedCS-363676003"> </a></td><td>Palliative - procedure intent</td></tr><tr><td style="white-space:nowrap">399707004<a name="SnomedCS-399707004"> </a></td><td>Supportive - procedure intent</td></tr><tr><td style="white-space:nowrap">261004008<a name="SnomedCS-261004008"> </a></td><td>Diagnostic intent</td></tr><tr><td style="white-space:nowrap">129428001<a name="SnomedCS-129428001"> </a></td><td>Preventive - intent</td></tr><tr><td style="white-space:nowrap">429892002<a name="SnomedCS-429892002"> </a></td><td>Guidance intent</td></tr><tr><td style="white-space:nowrap">360156006<a name="SnomedCS-360156006"> </a></td><td>Screening - procedure intent</td></tr><tr><td style="white-space:nowrap">447295008<a name="SnomedCS-447295008"> </a></td><td>Forensic intent</td></tr><tr><td style="white-space:nowrap">182992009<a name="SnomedCS-182992009"> </a></td><td>Treatment completed (situation)</td></tr><tr><td style="white-space:nowrap">266721009<a name="SnomedCS-266721009"> </a></td><td>No response to treatment (situation)</td></tr><tr><td style="white-space:nowrap">407563006<a name="SnomedCS-407563006"> </a></td><td>Treatment not tolerated (situation)</td></tr><tr><td style="white-space:nowrap">160932005<a name="SnomedCS-160932005"> </a></td><td>Financial problem (finding)</td></tr><tr><td style="white-space:nowrap">105480006<a name="SnomedCS-105480006"> </a></td><td>Refusal of treatment by patient (situation)</td></tr><tr><td style="white-space:nowrap">184081006<a name="SnomedCS-184081006"> </a></td><td>Patient has moved away (finding)</td></tr><tr><td style="white-space:nowrap">309846006<a name="SnomedCS-309846006"> </a></td><td>Treatment not available (situation)</td></tr><tr><td style="white-space:nowrap">399307001<a name="SnomedCS-399307001"> </a></td><td>Lost to follow-up (finding)</td></tr><tr><td style="white-space:nowrap">419620001<a name="SnomedCS-419620001"> </a></td><td>Death (event)</td></tr><tr><td style="white-space:nowrap">228793007<a name="SnomedCS-228793007"> </a></td><td>Planning target volume (observable entity)</td></tr><tr><td style="white-space:nowrap">228791009<a name="SnomedCS-228791009"> </a></td><td>Gross tumor volume (observable entity)</td></tr><tr><td style="white-space:nowrap">228792002<a name="SnomedCS-228792002"> </a></td><td>Clinical target volume (observable entity)</td></tr><tr><td style="white-space:nowrap">1162586008<a name="SnomedCS-1162586008"> </a></td><td>Irradiated volume of organ at risk (observable entity)</td></tr><tr><td style="white-space:nowrap">1201745009<a name="SnomedCS-1201745009"> </a></td><td>Internal target volume (observable entity)</td></tr><tr><td style="white-space:nowrap">1201746005<a name="SnomedCS-1201746005"> </a></td><td>Internal gross tumor volume (observable entity)</td></tr><tr><td style="white-space:nowrap">277733009<a name="SnomedCS-277733009"> </a></td><td>Level 1 (qualifier value)</td></tr><tr><td style="white-space:nowrap">277734003<a name="SnomedCS-277734003"> </a></td><td>Level 2 (qualifier value)</td></tr><tr><td style="white-space:nowrap">277735002<a name="SnomedCS-277735002"> </a></td><td>Level 3 (qualifier value)</td></tr><tr><td style="white-space:nowrap">261089000<a name="SnomedCS-261089000"> </a></td><td>Inferior (qualifier value)</td></tr><tr><td style="white-space:nowrap">264217000<a name="SnomedCS-264217000"> </a></td><td>Superior (qualifier value)</td></tr><tr><td style="white-space:nowrap">261183002<a name="SnomedCS-261183002"> </a></td><td>Upper (qualifier value)</td></tr><tr><td style="white-space:nowrap">261122009<a name="SnomedCS-261122009"> </a></td><td>Lower (qualifier value)</td></tr><tr><td style="white-space:nowrap">260528009<a name="SnomedCS-260528009"> </a></td><td>Middle (qualifier value)</td></tr><tr><td style="white-space:nowrap">46053002<a name="SnomedCS-46053002"> </a></td><td>Distal (qualifier value)</td></tr><tr><td style="white-space:nowrap">40415009<a name="SnomedCS-40415009"> </a></td><td>Proximal (qualifier value)</td></tr><tr><td style="white-space:nowrap">255503000<a name="SnomedCS-255503000"> </a></td><td>Entire (qualifier value)</td></tr><tr><td style="white-space:nowrap">255609007<a name="SnomedCS-255609007"> </a></td><td>Partial (qualifier value)</td></tr><tr><td style="white-space:nowrap">7771000<a name="SnomedCS-7771000"> </a></td><td>Left (qualifier value)</td></tr><tr><td style="white-space:nowrap">24028007<a name="SnomedCS-24028007"> </a></td><td>Right (qualifier value)</td></tr><tr><td style="white-space:nowrap">51440002<a name="SnomedCS-51440002"> </a></td><td>Right and left (qualifier value)</td></tr><tr><td style="white-space:nowrap">14414005<a name="SnomedCS-14414005"> </a></td><td>Peripheral (qualifier value)</td></tr><tr><td style="white-space:nowrap">26216008<a name="SnomedCS-26216008"> </a></td><td>Central (qualifier value)</td></tr><tr><td style="white-space:nowrap">260235002<a name="SnomedCS-260235002"> </a></td><td>Core (qualifier value)</td></tr><tr><td style="white-space:nowrap">410679008<a name="SnomedCS-410679008"> </a></td><td>Surface (qualifier value)</td></tr><tr><td style="white-space:nowrap">260521003<a name="SnomedCS-260521003"> </a></td><td>Internal (qualifier value)</td></tr><tr><td style="white-space:nowrap">261074009<a name="SnomedCS-261074009"> </a></td><td>External (qualifier value)</td></tr><tr><td style="white-space:nowrap">261115001<a name="SnomedCS-261115001"> </a></td><td>Laryngeal (qualifier value)</td></tr><tr><td style="white-space:nowrap">260548002<a name="SnomedCS-260548002"> </a></td><td>Oral (qualifier value)</td></tr><tr><td style="white-space:nowrap">18769003<a name="SnomedCS-18769003"> </a></td><td>Adjacent</td></tr><tr><td style="white-space:nowrap">1217011006<a name="SnomedCS-1217011006"> </a></td><td>Non-adjacent (qualifier value)</td></tr><tr><td style="white-space:nowrap">1162616006<a name="SnomedCS-1162616006"> </a></td><td>Lymph node level IA (qualifier value)</td></tr><tr><td style="white-space:nowrap">1162617002<a name="SnomedCS-1162617002"> </a></td><td>Lymph node level IB (qualifier value)</td></tr><tr><td style="white-space:nowrap">1162620005<a name="SnomedCS-1162620005"> </a></td><td>Lymph node level IVA (qualifier value)</td></tr><tr><td style="white-space:nowrap">1162621009<a name="SnomedCS-1162621009"> </a></td><td>Lymph node level IVB (qualifier value)</td></tr><tr><td style="white-space:nowrap">1162622002<a name="SnomedCS-1162622002"> </a></td><td>Lymph node level VA (qualifier value)</td></tr><tr><td style="white-space:nowrap">1162623007<a name="SnomedCS-1162623007"> </a></td><td>Lymph node level VB (qualifier value)</td></tr><tr><td style="white-space:nowrap">1162624001<a name="SnomedCS-1162624001"> </a></td><td>Lymph node level VC (qualifier value)</td></tr><tr><td style="white-space:nowrap">1162625000<a name="SnomedCS-1162625000"> </a></td><td>Lymph node level VIA (qualifier value)</td></tr><tr><td style="white-space:nowrap">1162626004<a name="SnomedCS-1162626004"> </a></td><td>Lymph node level VIB (qualifier value)</td></tr><tr><td style="white-space:nowrap">1162628003<a name="SnomedCS-1162628003"> </a></td><td>Lymph node level VIIA (qualifier value)</td></tr><tr><td style="white-space:nowrap">1162627008<a name="SnomedCS-1162627008"> </a></td><td>Lymph node level VIIB (qualifier value)</td></tr><tr><td style="white-space:nowrap">1162618007<a name="SnomedCS-1162618007"> </a></td><td>Lymph node level VIII (qualifier value)</td></tr><tr><td style="white-space:nowrap">1162619004<a name="SnomedCS-1162619004"> </a></td><td>Lymph node level IX (qualifier value)</td></tr><tr><td style="white-space:nowrap">1162614009<a name="SnomedCS-1162614009"> </a></td><td>Lymph node level X (qualifier value)</td></tr><tr><td style="white-space:nowrap">1162615005<a name="SnomedCS-1162615005"> </a></td><td>Lymph node level XA (qualifier value)</td></tr><tr><td style="white-space:nowrap">1162613003<a name="SnomedCS-1162613003"> </a></td><td>Lymph node level XB (qualifier value)</td></tr><tr><td style="white-space:nowrap">68171009<a name="SnomedCS-68171009"> </a></td><td>Axillary lymph node structure</td></tr><tr><td style="white-space:nowrap">373858009<a name="SnomedCS-373858009"> </a></td><td>Radiotherapy course changed - acute radiotherapy toxicity (finding)</td></tr><tr><td style="white-space:nowrap">314846003<a name="SnomedCS-314846003"> </a></td><td>Patient given choice of treatment (finding)</td></tr><tr><td style="white-space:nowrap">10611004<a name="SnomedCS-10611004"> </a></td><td>External beam radiation therapy protons (procedure)</td></tr><tr><td style="white-space:nowrap">45643008<a name="SnomedCS-45643008"> </a></td><td>External beam radiation therapy using electrons (procedure)</td></tr><tr><td style="white-space:nowrap">80347004<a name="SnomedCS-80347004"> </a></td><td>External beam radiation therapy neutrons (procedure)</td></tr><tr><td style="white-space:nowrap">1156505006<a name="SnomedCS-1156505006"> </a></td><td>External beam radiation therapy using carbon ions (procedure)</td></tr><tr><td style="white-space:nowrap">1156506007<a name="SnomedCS-1156506007"> </a></td><td>External beam radiation therapy using photons (procedure)</td></tr><tr><td style="white-space:nowrap">1156708005<a name="SnomedCS-1156708005"> </a></td><td>Low dose rate brachytherapy using temporary radioactive source (procedure)</td></tr><tr><td style="white-space:nowrap">169359004<a name="SnomedCS-169359004"> </a></td><td>Internal radiotherapy - permanent seeds (procedure)</td></tr><tr><td style="white-space:nowrap">1156384006<a name="SnomedCS-1156384006"> </a></td><td>Pulsed dose rate brachytherapy (procedure)</td></tr><tr><td style="white-space:nowrap">394902000<a name="SnomedCS-394902000"> </a></td><td>High dose brachytherapy (procedure)</td></tr><tr><td style="white-space:nowrap">438629002<a name="SnomedCS-438629002"> </a></td><td>High dose rate electronic brachytherapy (procedure)</td></tr><tr><td style="white-space:nowrap">440252007<a name="SnomedCS-440252007"> </a></td><td>Administration of radiopharmaceutical (procedure)</td></tr><tr><td style="white-space:nowrap">441799006<a name="SnomedCS-441799006"> </a></td><td>Intensity modulated radiation therapy (procedure)</td></tr><tr><td style="white-space:nowrap">1156530009<a name="SnomedCS-1156530009"> </a></td><td>Volumetric Modulated Arc Therapy (procedure)</td></tr><tr><td style="white-space:nowrap">1156526006<a name="SnomedCS-1156526006"> </a></td><td>Two dimensional external beam radiation therapy (procedure)</td></tr><tr><td style="white-space:nowrap">168524008<a name="SnomedCS-168524008"> </a></td><td>Radiotherapy - intraoperative control (procedure)</td></tr></table></div></text><url value="http://snomed.info/sct"/><version value="1.1.0"/><name value="SnomedCS"/><title value="SNOMED Codes Code System"/><status value="draft"/><date value="2025-04-16T19:28:51+00:00"/><publisher value="institutcancer"/><contact><name value="institutcancer"/><telecom><system value="url"/><value value="http://cancer.fr"/></telecom><telecom><system value="email"/><value value="osiris@institutcancer.fr"/></telecom></contact><contact><name value="Aurélien JOBARD"/><telecom><system value="email"/><value value="osiris@institutcancer.fr"/></telecom></contact><description value="SNOMED Codes Code System"/><content value="complete"/><count value="387"/><concept><code value="13881006"/><display value="Zygoma"/></concept><concept><code value="74670003"/><display value="Wrist joint"/></concept><concept><code value="38266002"/><display value="Entire body"/></concept><concept><code value="45292006"/><display value="Vulva"/></concept><concept><code value="85234005"/><display value="Vertebral artery"/></concept><concept><code value="76784001"/><display value="Vagina"/></concept><concept><code value="35039007"/><display value="Uterus"/></concept><concept><code value="13648007"/><display value="Urethra"/></concept><concept><code value="87953007"/><display value="Ureter"/></concept><concept><code value="431491007"/><display value="Upper urinary tract"/></concept><concept><code value="53120007"/><display value="Upper limb"/></concept><concept><code value="40983000"/><display value="Upper arm"/></concept><concept><code value="284639000"/><display value="Umbilical vein"/></concept><concept><code value="50536004"/><display value="Umbilical artery"/></concept><concept><code value="90290004"/><display value="Umbilical region"/></concept><concept><code value="44984001"/><display value="Ulnar artery"/></concept><concept><code value="23416004"/><display value="Ulna"/></concept><concept><code value="122495006"/><display value="Thoracic spine"/></concept><concept><code value="485005"/><display value="Transverse colon"/></concept><concept><code value="110726009"/><display value="Trachea and bronchus"/></concept><concept><code value="44567001"/><display value="Trachea"/></concept><concept><code value="21974007"/><display value="Tongue"/></concept><concept><code value="29707007"/><display value="Toe"/></concept><concept><code value="53620006"/><display value="Temporomandibular joint"/></concept><concept><code value="1217256009"/><display value="Thoraco-lumbar spine"/></concept><concept><code value="110536004"/><display value="Tibia and fibula"/></concept><concept><code value="12611008"/><display value="Tibia"/></concept><concept><code value="69748006"/><display value="Thyroid"/></concept><concept><code value="9875009"/><display value="Thymus"/></concept><concept><code value="76505004"/><display value="Thumb"/></concept><concept><code value="43799004"/><display value="Thorax"/></concept><concept><code value="113262008"/><display value="Thoracic aorta"/></concept><concept><code value="68367000"/><display value="Thigh"/></concept><concept><code value="42695009"/><display value="Thalamus"/></concept><concept><code value="40689003"/><display value="Testis"/></concept><concept><code value="48345005"/><display value="Superior vena cava"/></concept><concept><code value="72021004"/><display value="Superior thyroid artery"/></concept><concept><code value="11708003"/><display value="Pubic region"/></concept><concept><code value="77621008"/><display value="Supraclavicular region of neck"/></concept><concept><code value="54019009"/><display value="Submandibular gland"/></concept><concept><code value="19695001"/><display value="Subcostal"/></concept><concept><code value="9454009"/><display value="Subclavian vein"/></concept><concept><code value="36765005"/><display value="Subclavian artery"/></concept><concept><code value="69695003"/><display value="Stomach"/></concept><concept><code value="56873002"/><display value="Sternum"/></concept><concept><code value="54735007"/><display value="Sacrum"/></concept><concept><code value="35819009"/><display value="Splenic vein"/></concept><concept><code value="22083002"/><display value="Splenic artery"/></concept><concept><code value="78961009"/><display value="Spleen"/></concept><concept><code value="421060004"/><display value="Spine"/></concept><concept><code value="2748008"/><display value="Spinal cord"/></concept><concept><code value="30315005"/><display value="Small intestine"/></concept><concept><code value="42258001"/><display value="Superior mesenteric artery"/></concept><concept><code value="89546000"/><display value="Skull"/></concept><concept><code value="39723000"/><display value="Sacroiliac joint"/></concept><concept><code value="60184004"/><display value="Sigmoid colon"/></concept><concept><code value="16982005"/><display value="Shoulder"/></concept><concept><code value="397364003"/><display value="Superficial femoral vein"/></concept><concept><code value="128587003"/><display value="Saphenofemoral junction"/></concept><concept><code value="181349008"/><display value="Superficial femoral artery"/></concept><concept><code value="58742003"/><display value="Sesamoid bones of foot"/></concept><concept><code value="64739004"/><display value="Seminal vesicle"/></concept><concept><code value="42575006"/><display value="Sella turcica"/></concept><concept><code value="20233005"/><display value="Scrotum"/></concept><concept><code value="18619003"/><display value="Sclera"/></concept><concept><code value="7844006"/><display value="Sternoclavicular joint"/></concept><concept><code value="79601000"/><display value="Scapula"/></concept><concept><code value="41695006"/><display value="Scalp"/></concept><concept><code value="362072009"/><display value="Saphenous vein"/></concept><concept><code value="53085002"/><display value="Right ventricle"/></concept><concept><code value="50519007"/><display value="Right upper quadrant of abdomen"/></concept><concept><code value="8629005"/><display value="Superior right pulmonary vein"/></concept><concept><code value="78480002"/><display value="Right pulmonary artery"/></concept><concept><code value="73931004"/><display value="Right portal vein"/></concept><concept><code value="1017211000"/><display value="Right lumbar region"/></concept><concept><code value="48544008"/><display value="Right lower quadrant of abdomen"/></concept><concept><code value="37117007"/><display value="Right inguinal region"/></concept><concept><code value="113197003"/><display value="Rib"/></concept><concept><code value="133946002"/><display value="Right hypochondriac region"/></concept><concept><code value="272998002"/><display value="Right hepatic vein"/></concept><concept><code value="69833005"/><display value="Right femoral artery"/></concept><concept><code value="82849001"/><display value="Retroperitoneum"/></concept><concept><code value="56400007"/><display value="Renal vein"/></concept><concept><code value="2841007"/><display value="Renal artery"/></concept><concept><code value="34402009"/><display value="Rectum"/></concept><concept><code value="73829009"/><display value="Right atrium"/></concept><concept><code value="110535000"/><display value="Radius and ulna"/></concept><concept><code value="62413002"/><display value="Radius"/></concept><concept><code value="45631007"/><display value="Radial artery"/></concept><concept><code value="122972007"/><display value="Pulmonary vein"/></concept><concept><code value="81040000"/><display value="Pulmonary artery"/></concept><concept><code value="41216001"/><display value="Prostate"/></concept><concept><code value="23438002"/><display value="Profunda femoris vein"/></concept><concept><code value="31677005"/><display value="Profunda femoris artery"/></concept><concept><code value="13363002"/><display value="Posterior tibial artery"/></concept><concept><code value="43119007"/><display value="Posterior communicating artery"/></concept><concept><code value="32764006"/><display value="Portal vein"/></concept><concept><code value="56849005"/><display value="Popliteal vein"/></concept><concept><code value="32361000"/><display value="Popliteal fossa"/></concept><concept><code value="43899006"/><display value="Popliteal artery"/></concept><concept><code value="78067005"/><display value="Placenta"/></concept><concept><code value="312535008"/><display value="Pharynx and larynx"/></concept><concept><code value="54066008"/><display value="Pharynx"/></concept><concept><code value="706342009"/><display value="Phantom"/></concept><concept><code value="8821006"/><display value="Peroneal artery"/></concept><concept><code value="38864007"/><display value="Perineum"/></concept><concept><code value="18911002"/><display value="Penis"/></concept><concept><code value="282044005"/><display value="Penile artery"/></concept><concept><code value="1231522001"/><display value="Pelvis and lower extremities"/></concept><concept><code value="816092008"/><display value="Pelvis"/></concept><concept><code value="70382005"/><display value="Posterior cerebral artery"/></concept><concept><code value="64234005"/><display value="Patella"/></concept><concept><code value="45289007"/><display value="Parotid gland"/></concept><concept><code value="111002"/><display value="Parathyroid"/></concept><concept><code value="91691001"/><display value="Parasternal"/></concept><concept><code value="69930009"/><display value="Pancreatic duct"/></concept><concept><code value="15776009"/><display value="Pancreas"/></concept><concept><code value="110621006"/><display value="Pancreatic duct and bile duct systems"/></concept><concept><code value="15497006"/><display value="Ovary"/></concept><concept><code value="363654007"/><display value="Orbital structure"/></concept><concept><code value="55024004"/><display value="Optic canal"/></concept><concept><code value="53549008"/><display value="Ophthalmic artery"/></concept><concept><code value="31145008"/><display value="Occipital artery"/></concept><concept><code value="32114007"/><display value="Occipital vein"/></concept><concept><code value="45206002"/><display value="Nose"/></concept><concept><code value="416319003"/><display value="Neck, Chest, Abdomen and Pelvis"/></concept><concept><code value="416152001"/><display value="Neck, Chest and Abdomen"/></concept><concept><code value="417437006"/><display value="Neck and Chest"/></concept><concept><code value="45048000"/><display value="Neck"/></concept><concept><code value="360955006"/><display value="Nasopharynx"/></concept><concept><code value="123851003"/><display value="Mouth"/></concept><concept><code value="243977002"/><display value="Morisons pouch"/></concept><concept><code value="273099000"/><display value="Middle hepatic vein"/></concept><concept><code value="128583004"/><display value="Mesenteric vein"/></concept><concept><code value="86570000"/><display value="Mesenteric artery"/></concept><concept><code value="72410000"/><display value="Mediastinum"/></concept><concept><code value="17232002"/><display value="Middle cerebral artery"/></concept><concept><code value="70925003"/><display value="Maxilla"/></concept><concept><code value="59066005"/><display value="Mastoid bone"/></concept><concept><code value="91609006"/><display value="Mandible"/></concept><concept><code value="87878005"/><display value="Left ventricle"/></concept><concept><code value="86367003"/><display value="Left upper quadrant of abdomen"/></concept><concept><code value="39607008"/><display value="Lung"/></concept><concept><code value="91747007"/><display value="Lumen of blood vessel"/></concept><concept><code value="34635009"/><display value="Lumbar artery"/></concept><concept><code value="52612000"/><display value="Lumbar region"/></concept><concept><code value="43863001"/><display value="Superior left pulmonary vein"/></concept><concept><code value="1217253001"/><display value="Lumbo-sacral spine"/></concept><concept><code value="122496007"/><display value="Lumbar spine"/></concept><concept><code value="50408007"/><display value="Left pulmonary artery"/></concept><concept><code value="70253006"/><display value="Left portal vein"/></concept><concept><code value="61685007"/><display value="Lower limb"/></concept><concept><code value="30021000"/><display value="Lower leg"/></concept><concept><code value="1017210004"/><display value="Left lumbar region"/></concept><concept><code value="68505006"/><display value="Left lower quadrant of abdomen"/></concept><concept><code value="10200004"/><display value="Liver"/></concept><concept><code value="85119005"/><display value="Left inguinal region"/></concept><concept><code value="113264009"/><display value="Lingual artery"/></concept><concept><code value="133945003"/><display value="Left hypochondriac region"/></concept><concept><code value="273202007"/><display value="Left hepatic vein"/></concept><concept><code value="113270003"/><display value="Left femoral artery"/></concept><concept><code value="66720007"/><display value="Lateral Ventricle"/></concept><concept><code value="82471001"/><display value="Left atrium"/></concept><concept><code value="4596009"/><display value="Larynx"/></concept><concept><code value="14742008"/><display value="Large intestine"/></concept><concept><code value="59749000"/><display value="Lacrimal artery"/></concept><concept><code value="72696002"/><display value="Knee"/></concept><concept><code value="64033007"/><display value="Kidney"/></concept><concept><code value="39352004"/><display value="Joint"/></concept><concept><code value="21306003"/><display value="Jejunum"/></concept><concept><code value="661005"/><display value="Jaw region"/></concept><concept><code value="1101003"/><display value="Intracranial"/></concept><concept><code value="69327007"/><display value="Internal mammary artery"/></concept><concept><code value="12123001"/><display value="Internal jugular vein"/></concept><concept><code value="90024005"/><display value="Internal iliac artery"/></concept><concept><code value="8887007"/><display value="Innominate vein"/></concept><concept><code value="12691009"/><display value="Innominate artery"/></concept><concept><code value="26893007"/><display value="Inguinal region"/></concept><concept><code value="64131007"/><display value="Inferior vena cava"/></concept><concept><code value="33795007"/><display value="Inferior mesenteric artery"/></concept><concept><code value="22356005"/><display value="Ilium"/></concept><concept><code value="244411005"/><display value="Iliac vein"/></concept><concept><code value="10293006"/><display value="Iliac artery"/></concept><concept><code value="34516001"/><display value="Ileum"/></concept><concept><code value="86117002"/><display value="Internal carotid artery"/></concept><concept><code value="361078006"/><display value="Internal Auditory Canal"/></concept><concept><code value="81502006"/><display value="Hypopharynx"/></concept><concept><code value="85050009"/><display value="Humerus"/></concept><concept><code value="24136001"/><display value="Hip joint"/></concept><concept><code value="8993003"/><display value="Hepatic vein"/></concept><concept><code value="76015000"/><display value="Hepatic artery"/></concept><concept><code value="80891009"/><display value="Heart"/></concept><concept><code value="774007"/><display value="Head and Neck"/></concept><concept><code value="69536005"/><display value="Head"/></concept><concept><code value="85562004"/><display value="Hand"/></concept><concept><code value="60734001"/><display value="Great saphenous vein"/></concept><concept><code value="46862004"/><display value="Gluteal region"/></concept><concept><code value="300571009"/><display value="Gestational sac"/></concept><concept><code value="128559007"/><display value="Genicular artery"/></concept><concept><code value="110568007"/><display value="Gastric vein"/></concept><concept><code value="28231008"/><display value="Gallbladder"/></concept><concept><code value="14975008"/><display value="Forearm"/></concept><concept><code value="56459004"/><display value="Foot"/></concept><concept><code value="79361005"/><display value="Fontanel of skull"/></concept><concept><code value="58602004"/><display value="Flank"/></concept><concept><code value="7569003"/><display value="Finger"/></concept><concept><code value="87342007"/><display value="Fibula"/></concept><concept><code value="71341001"/><display value="Femur"/></concept><concept><code value="83419000"/><display value="Femoral vein"/></concept><concept><code value="7657000"/><display value="Femoral artery"/></concept><concept><code value="23074001"/><display value="Facial artery"/></concept><concept><code value="89545001"/><display value="Face"/></concept><concept><code value="80243003"/><display value="Eyelid"/></concept><concept><code value="81745001"/><display value="Eye"/></concept><concept><code value="66019005"/><display value="Extremity"/></concept><concept><code value="71585003"/><display value="External jugular vein"/></concept><concept><code value="63507001"/><display value="External iliac vein"/></concept><concept><code value="113269004"/><display value="External iliac artery"/></concept><concept><code value="32849002"/><display value="Esophagus"/></concept><concept><code value="27947004"/><display value="Epigastric region"/></concept><concept><code value="87644002"/><display value="Epididymis"/></concept><concept><code value="48367006"/><display value="Endo-vesical"/></concept><concept><code value="29092000"/><display value="Vein"/></concept><concept><code value="59820001"/><display value="Endo-vascular"/></concept><concept><code value="18962004"/><display value="Endo-nasopharyngeal"/></concept><concept><code value="53342003"/><display value="Endo-nasal"/></concept><concept><code value="2739003"/><display value="Endometrium"/></concept><concept><code value="16953009"/><display value="Elbow joint"/></concept><concept><code value="22286001"/><display value="External carotid artery"/></concept><concept><code value="117590005"/><display value="Ear"/></concept><concept><code value="84301002"/><display value="External auditory canal"/></concept><concept><code value="38848004"/><display value="Duodenum"/></concept><concept><code value="32622004"/><display value="Descending colon"/></concept><concept><code value="32672002"/><display value="Descending aorta"/></concept><concept><code value="53843000"/><display value="Rectouterine pouch"/></concept><concept><code value="1217257000"/><display value="Cervico-thoracic spine"/></concept><concept><code value="122494005"/><display value="Cervical spine"/></concept><concept><code value="90219004"/><display value="Coronary sinus"/></concept><concept><code value="41801008"/><display value="Coronary artery"/></concept><concept><code value="28726007"/><display value="Cornea"/></concept><concept><code value="79741001"/><display value="Common bile duct"/></concept><concept><code value="46027005"/><display value="Common iliac vein"/></concept><concept><code value="73634005"/><display value="Common iliac artery"/></concept><concept><code value="71854001"/><display value="Colon"/></concept><concept><code value="64688005"/><display value="Coccyx"/></concept><concept><code value="51299004"/><display value="Clavicle"/></concept><concept><code value="11279006"/><display value="Circle of Willis"/></concept><concept><code value="80621003"/><display value="Choroid plexus"/></concept><concept><code value="416775004"/><display value="Chest, Abdomen and Pelvis"/></concept><concept><code value="416550000"/><display value="Chest and Abdomen"/></concept><concept><code value="60819002"/><display value="Cheek"/></concept><concept><code value="397363009"/><display value="Common femoral vein"/></concept><concept><code value="181347005"/><display value="Common femoral artery"/></concept><concept><code value="71252005"/><display value="Cervix"/></concept><concept><code value="88556005"/><display value="Cerebral artery"/></concept><concept><code value="372073000"/><display value="Cerebral hemisphere"/></concept><concept><code value="113305005"/><display value="Cerebellum"/></concept><concept><code value="20699002"/><display value="Cephalic vein"/></concept><concept><code value="57850000"/><display value="Celiac artery"/></concept><concept><code value="32062004"/><display value="Common carotid artery"/></concept><concept><code value="69105007"/><display value="Carotid Artery"/></concept><concept><code value="53840002"/><display value="Calf of leg"/></concept><concept><code value="80144004"/><display value="Calcaneus"/></concept><concept><code value="21479005"/><display value="Carotid bulb"/></concept><concept><code value="955009"/><display value="Bronchus"/></concept><concept><code value="76752008"/><display value="Breast"/></concept><concept><code value="12738006"/><display value="Brain"/></concept><concept><code value="20115005"/><display value="Brachial vein"/></concept><concept><code value="17137000"/><display value="Brachial artery"/></concept><concept><code value="110837003"/><display value="Bladder and urethra"/></concept><concept><code value="89837001"/><display value="Bladder"/></concept><concept><code value="34707002"/><display value="Biliary tract"/></concept><concept><code value="28273000"/><display value="Bile duct"/></concept><concept><code value="59011009"/><display value="Basilar artery"/></concept><concept><code value="77568009"/><display value="Back"/></concept><concept><code value="72107004"/><display value="Azygos vein"/></concept><concept><code value="68705008"/><display value="Axillary vein"/></concept><concept><code value="67937003"/><display value="Axillary Artery"/></concept><concept><code value="91470000"/><display value="Axilla"/></concept><concept><code value="9040008"/><display value="Ascending colon"/></concept><concept><code value="54247002"/><display value="Ascending aorta"/></concept><concept><code value="51114001"/><display value="Artery"/></concept><concept><code value="66754008"/><display value="Appendix"/></concept><concept><code value="57034009"/><display value="Aortic arch"/></concept><concept><code value="15825003"/><display value="Aorta"/></concept><concept><code value="110612005"/><display value="Anus, rectum and sigmoid colon"/></concept><concept><code value="68053000"/><display value="Anterior tibial artery"/></concept><concept><code value="17388009"/><display value="Anterior spinal artery"/></concept><concept><code value="128553008"/><display value="Antecubital vein"/></concept><concept><code value="8012006"/><display value="Anterior communicating artery"/></concept><concept><code value="194996006"/><display value="Anterior cardiac vein"/></concept><concept><code value="70258002"/><display value="Ankle joint"/></concept><concept><code value="77012006"/><display value="Amniotic fluid"/></concept><concept><code value="23451007"/><display value="Adrenal gland"/></concept><concept><code value="85856004"/><display value="Acromioclavicular joint"/></concept><concept><code value="60176003"/><display value="Anterior cerebral artery"/></concept><concept><code value="7832008"/><display value="Abdominal aorta"/></concept><concept><code value="818982008"/><display value="Abdomen and Pelvis"/></concept><concept><code value="818981001"/><display value="Abdomen"/></concept><concept><code value="35918002"/><display value="Fourth ventricle"/></concept><concept><code value="49841001"/><display value="Third ventricle"/></concept><concept><code value="47625008"/><display value="Intravenous use"/></concept><concept><code value="1217123003"/><display value="Radiotherapy course of treatment (regime/therapy)"/></concept><concept><code value="1222565005"/><display value="Radiotherapy treatment phase (regime/therapy)"/></concept><concept><code value="1255724003"/><display value="Radiotherapy treatment plan (regime/therapy)"/></concept><concept><code value="373808002"/><display value="Curative - procedure intent"/></concept><concept><code value="363676003"/><display value="Palliative - procedure intent"/></concept><concept><code value="399707004"/><display value="Supportive - procedure intent"/></concept><concept><code value="261004008"/><display value="Diagnostic intent"/></concept><concept><code value="129428001"/><display value="Preventive - intent"/></concept><concept><code value="429892002"/><display value="Guidance intent"/></concept><concept><code value="360156006"/><display value="Screening - procedure intent"/></concept><concept><code value="447295008"/><display value="Forensic intent"/></concept><concept><code value="182992009"/><display value="Treatment completed (situation)"/></concept><concept><code value="266721009"/><display value="No response to treatment (situation)"/></concept><concept><code value="407563006"/><display value="Treatment not tolerated (situation)"/></concept><concept><code value="160932005"/><display value="Financial problem (finding)"/></concept><concept><code value="105480006"/><display value="Refusal of treatment by patient (situation)"/></concept><concept><code value="184081006"/><display value="Patient has moved away (finding)"/></concept><concept><code value="309846006"/><display value="Treatment not available (situation)"/></concept><concept><code value="399307001"/><display value="Lost to follow-up (finding)"/></concept><concept><code value="419620001"/><display value="Death (event)"/></concept><concept><code value="228793007"/><display value="Planning target volume (observable entity)"/></concept><concept><code value="228791009"/><display value="Gross tumor volume (observable entity)"/></concept><concept><code value="228792002"/><display value="Clinical target volume (observable entity)"/></concept><concept><code value="1162586008"/><display value="Irradiated volume of organ at risk (observable entity)"/></concept><concept><code value="1201745009"/><display value="Internal target volume (observable entity)"/></concept><concept><code value="1201746005"/><display value="Internal gross tumor volume (observable entity)"/></concept><concept><code value="277733009"/><display value="Level 1 (qualifier value)"/></concept><concept><code value="277734003"/><display value="Level 2 (qualifier value)"/></concept><concept><code value="277735002"/><display value="Level 3 (qualifier value)"/></concept><concept><code value="261089000"/><display value="Inferior (qualifier value)"/></concept><concept><code value="264217000"/><display value="Superior (qualifier value)"/></concept><concept><code value="261183002"/><display value="Upper (qualifier value)"/></concept><concept><code value="261122009"/><display value="Lower (qualifier value)"/></concept><concept><code value="260528009"/><display value="Middle (qualifier value)"/></concept><concept><code value="46053002"/><display value="Distal (qualifier value)"/></concept><concept><code value="40415009"/><display value="Proximal (qualifier value)"/></concept><concept><code value="255503000"/><display value="Entire (qualifier value)"/></concept><concept><code value="255609007"/><display value="Partial (qualifier value)"/></concept><concept><code value="7771000"/><display value="Left (qualifier value)"/></concept><concept><code value="24028007"/><display value="Right (qualifier value)"/></concept><concept><code value="51440002"/><display value="Right and left (qualifier value)"/></concept><concept><code value="14414005"/><display value="Peripheral (qualifier value)"/></concept><concept><code value="26216008"/><display value="Central (qualifier value)"/></concept><concept><code value="260235002"/><display value="Core (qualifier value)"/></concept><concept><code value="410679008"/><display value="Surface (qualifier value)"/></concept><concept><code value="260521003"/><display value="Internal (qualifier value)"/></concept><concept><code value="261074009"/><display value="External (qualifier value)"/></concept><concept><code value="261115001"/><display value="Laryngeal (qualifier value)"/></concept><concept><code value="260548002"/><display value="Oral (qualifier value)"/></concept><concept><code value="18769003"/><display value="Adjacent"/></concept><concept><code value="1217011006"/><display value="Non-adjacent (qualifier value)"/></concept><concept><code value="1162616006"/><display value="Lymph node level IA (qualifier value)"/></concept><concept><code value="1162617002"/><display value="Lymph node level IB (qualifier value)"/></concept><concept><code value="1162620005"/><display value="Lymph node level IVA (qualifier value)"/></concept><concept><code value="1162621009"/><display value="Lymph node level IVB (qualifier value)"/></concept><concept><code value="1162622002"/><display value="Lymph node level VA (qualifier value)"/></concept><concept><code value="1162623007"/><display value="Lymph node level VB (qualifier value)"/></concept><concept><code value="1162624001"/><display value="Lymph node level VC (qualifier value)"/></concept><concept><code value="1162625000"/><display value="Lymph node level VIA (qualifier value)"/></concept><concept><code value="1162626004"/><display value="Lymph node level VIB (qualifier value)"/></concept><concept><code value="1162628003"/><display value="Lymph node level VIIA (qualifier value)"/></concept><concept><code value="1162627008"/><display value="Lymph node level VIIB (qualifier value)"/></concept><concept><code value="1162618007"/><display value="Lymph node level VIII (qualifier value)"/></concept><concept><code value="1162619004"/><display value="Lymph node level IX (qualifier value)"/></concept><concept><code value="1162614009"/><display value="Lymph node level X (qualifier value)"/></concept><concept><code value="1162615005"/><display value="Lymph node level XA (qualifier value)"/></concept><concept><code value="1162613003"/><display value="Lymph node level XB (qualifier value)"/></concept><concept><code value="68171009"/><display value="Axillary lymph node structure"/></concept><concept><code value="373858009"/><display value="Radiotherapy course changed - acute radiotherapy toxicity (finding)"/></concept><concept><code value="314846003"/><display value="Patient given choice of treatment (finding)"/></concept><concept><code value="10611004"/><display value="External beam radiation therapy protons (procedure)"/></concept><concept><code value="45643008"/><display value="External beam radiation therapy using electrons (procedure)"/></concept><concept><code value="80347004"/><display value="External beam radiation therapy neutrons (procedure)"/></concept><concept><code value="1156505006"/><display value="External beam radiation therapy using carbon ions (procedure)"/></concept><concept><code value="1156506007"/><display value="External beam radiation therapy using photons (procedure)"/></concept><concept><code value="1156708005"/><display value="Low dose rate brachytherapy using temporary radioactive source (procedure)"/></concept><concept><code value="169359004"/><display value="Internal radiotherapy - permanent seeds (procedure)"/></concept><concept><code value="1156384006"/><display value="Pulsed dose rate brachytherapy (procedure)"/></concept><concept><code value="394902000"/><display value="High dose brachytherapy (procedure)"/></concept><concept><code value="438629002"/><display value="High dose rate electronic brachytherapy (procedure)"/></concept><concept><code value="440252007"/><display value="Administration of radiopharmaceutical (procedure)"/></concept><concept><code value="441799006"/><display value="Intensity modulated radiation therapy (procedure)"/></concept><concept><code value="1156530009"/><display value="Volumetric Modulated Arc Therapy (procedure)"/></concept><concept><code value="1156526006"/><display value="Two dimensional external beam radiation therapy (procedure)"/></concept><concept><code value="168524008"/><display value="Radiotherapy - intraoperative control (procedure)"/></concept></CodeSystem>