<?xml version="1.0" encoding="UTF-8"?><CodeSystem xmlns="http://hl7.org/fhir"><id value="RadiotherapyCS"/><text><status value="generated"/><div xmlns="http://www.w3.org/1999/xhtml"><p class="res-header-id"><b>Generated Narrative: CodeSystem RadiotherapyCS</b></p><a name="RadiotherapyCS"> </a><a name="hcRadiotherapyCS"> </a><a name="RadiotherapyCS-en-US"> </a><p>This  code system <code>https://ig-osiris.cancer.fr/ig/osiris/CodeSystem/RadiotherapyCS</code> defines the following codes:</p><table class="codes"><tr><td style="white-space:nowrap"><b>Code</b></td><td><b>Display</b></td></tr><tr><td style="white-space:nowrap">Planned<a name="RadiotherapyCS-Planned"> </a></td><td>Planified</td></tr><tr><td style="white-space:nowrap">Delivered<a name="RadiotherapyCS-Delivered"> </a></td><td>Delivered</td></tr></table></div></text><url value="https://ig-osiris.cancer.fr/ig/osiris/CodeSystem/RadiotherapyCS"/><version value="1.1.0"/><name value="RadiotherapyCS"/><title value="Radiotherapy Code System"/><status value="draft"/><date value="2025-04-16T19:28:51+00:00"/><publisher value="institutcancer"/><contact><name value="institutcancer"/><telecom><system value="url"/><value value="http://cancer.fr"/></telecom><telecom><system value="email"/><value value="osiris@institutcancer.fr"/></telecom></contact><contact><name value="Aurélien JOBARD"/><telecom><system value="email"/><value value="osiris@institutcancer.fr"/></telecom></contact><description value="Radiotherapy Code System"/><content value="complete"/><count value="2"/><concept><code value="Planned"/><display value="Planified"/></concept><concept><code value="Delivered"/><display value="Delivered"/></concept></CodeSystem>