<?xml version="1.0" encoding="UTF-8"?><ValueSet xmlns="http://hl7.org/fhir"><id value="VSLocalizationMethod"/><text><status value="generated"/><div xmlns="http://www.w3.org/1999/xhtml"><p class="res-header-id"><b>Generated Narrative: ValueSet VSLocalizationMethod</b></p><a name="VSLocalizationMethod"> </a><a name="hcVSLocalizationMethod"> </a><a name="VSLocalizationMethod-en-US"> </a><p>This value set includes codes based on the following rules:</p><ul/></div></text><url value="https://ig-osiris.cancer.fr/ig/osiris/ValueSet/VSLocalizationMethod"/><version value="1.1.0"/><name value="VSLocalizationMethod"/><title value="Localization Method Value Set"/><status value="draft"/><date value="2025-04-16T19:28:51+00:00"/><publisher value="institutcancer"/><contact><name value="institutcancer"/><telecom><system value="url"/><value value="http://cancer.fr"/></telecom><telecom><system value="email"/><value value="osiris@institutcancer.fr"/></telecom></contact><contact><name value="Aurélien JOBARD"/><telecom><system value="email"/><value value="osiris@institutcancer.fr"/></telecom></contact><description value="Localization Method"/></ValueSet>