URL,Version,Status,OIDs,Name,Title,Description,Used
http://hl7.org/fhir/us/codex-radiation-therapy/CodeSystem/snomed-requested-cs,1.1.0,draft,,SnomedRequestedCScodex,Requested SNOMED Codes Code System,"Requested SNOMED Codes by codex",
http://hl7.org/fhir/us/mcode/CodeSystem/snomed-requested-cs,1.1.0,draft,,SnomedRequestedCSmcode,Requested SNOMED Codes Code System,"Requested SNOMED Codes by mcode",
http://snomed.info/sct,1.1.0,draft,,SnomedCS,SNOMED Codes Code System,"SNOMED Codes Code System",
https://ibsi.readthedocs.io/en/latest/,1.1.0,draft,,IBSICS,IBSI Code System,"IBSI Code System",
https://ig-osiris.cancer.fr/ig/osiris/CodeSystem/RadiotherapyCS,1.1.0,draft,,RadiotherapyCS,Radiotherapy Code System,"Radiotherapy Code System",
https://terminology.arkhn.com/SeriesModalityCS,1.1.0,draft,,SeriesModalityCS,Series Modality Code System,"Series Modality  Code System",
https://terminology.arkhn.com/osiris,1.1.0,draft,,OsirisCS,Osiris code system,"Custom code from osiris standard",
https://terminology.arkhn.com/radiomicsCS,1.1.0,draft,,RadiomicsCS,Imaging Code System,"Imaging Code System",
