<?xml version="1.0" encoding="UTF-8"?><ValueSet xmlns="http://hl7.org/fhir"><id value="AlgorithmicPloidy"/><text><status value="generated"/><div xmlns="http://www.w3.org/1999/xhtml"><p>This value set includes codes based on the following rules:</p><ul><li>Include these codes as defined in <a href="http://terminology.hl7.org/5.5.0/CodeSystem-umls.html"><code>http://terminology.hl7.org/CodeSystem/umls</code></a><table class="none"><tr><td style="white-space:nowrap"><b>Code</b></td><td><b>Display</b></td></tr><tr><td>C0018590</td><td>Haploid</td></tr><tr><td>C0012568</td><td>Diploid</td></tr><tr><td>C3536727</td><td>Triploid</td></tr><tr><td>C0333694</td><td>Tetraploid</td></tr><tr><td>C0439673</td><td>Unknown</td></tr></table></li><li>Include these codes as defined in <code>https://github.com/siric-osiris/OSIRIS</code><table class="none"><tr><td style="white-space:nowrap"><b>Code</b></td><td><b>Display</b></td></tr><tr><td>O13-OTH</td><td>Other</td></tr></table></li></ul></div></text><url value="https://build.fhir.org/ig/arkhn/arkhn-ig-osiris/ValueSet/AlgorithmicPloidy"/><version value="2.1.0"/><name value="AlgorithmicPloidy"/><title value="Algorithmic Ploidy"/><status value="draft"/><date value="2024-05-15T14:10:31+00:00"/><publisher value="Arkhn"/><contact><name value="Arkhn"/><telecom><system value="url"/><value value="http://arkhn.com"/></telecom><telecom><system value="email"/><value value="contact@arkhn.com"/></telecom></contact><contact><name value="Nicolas Riss"/><telecom><system value="email"/><value value="nicolas@arkhn.com"/></telecom></contact><description value="Algorithmic Ploidy"/><compose><include><system value="http://terminology.hl7.org/CodeSystem/umls"/><concept><code value="C0018590"/><display value="Haploid"/></concept><concept><code value="C0012568"/><display value="Diploid"/></concept><concept><code value="C3536727"/><display value="Triploid"/></concept><concept><code value="C0333694"/><display value="Tetraploid"/></concept><concept><code value="C0439673"/><display value="Unknown"/></concept></include><include><system value="https://github.com/siric-osiris/OSIRIS"/><concept><code value="O13-OTH"/><display value="Other"/></concept></include></compose></ValueSet>