<?xml version="1.0" encoding="UTF-8"?><ValueSet xmlns="http://hl7.org/fhir"><id value="PlatformName"/><text><status value="generated"/><div xmlns="http://www.w3.org/1999/xhtml"><p class="res-header-id"><b>Generated Narrative: ValueSet PlatformName</b></p><a name="PlatformName"> </a><a name="hcPlatformName"> </a><a name="PlatformName-en-US"> </a><p>This value set includes codes based on the following rules:</p><ul><li>Include these codes as defined in <code>https://github.com/siric-osiris/OSIRIS</code><table class="none"><tr><td style="white-space:nowrap"><b>Code</b></td><td><b>Display</b></td></tr><tr><td>O7-1</td><td>Affymetrix Cytoscan HD</td></tr><tr><td>O7-2</td><td>Affymetrix EMET Plus Premier Pack</td></tr><tr><td>O7-3</td><td>Affymetrix Genome-Wide Human SNP Array 5.0</td></tr><tr><td>O7-4</td><td>Affymetrix Genome-Wide Human SNP Array 6.0</td></tr><tr><td>O7-5</td><td>Affymetrix HT Human Genome U133A Array Plate Set</td></tr><tr><td>O7-6</td><td>Affymetrix Human Exon 1.0 ST</td></tr><tr><td>O7-7</td><td>Affymetrix Human Gene 1.0 ST</td></tr><tr><td>O7-8</td><td>Affymetrix Human Genome U219 Array Plate</td></tr><tr><td>O7-9</td><td>Affymetrix Human MIP 330K</td></tr><tr><td>O7-10</td><td>Affymetrix Human U133 Plus 2.0</td></tr><tr><td>O7-11</td><td>Affymetrix Human U133 Plus PM</td></tr><tr><td>O7-12</td><td>Affymetrix Mapping 100K Array Set</td></tr><tr><td>O7-13</td><td>Affymetrix Mapping 10K 2.0 Array Set</td></tr><tr><td>O7-14</td><td>Affymetrix Mapping 500K Array Set</td></tr><tr><td>O7-15</td><td>Affymetrix OncoScan FFPE Express 2.0</td></tr><tr><td>O7-16</td><td>Agilent 244K Custom Gene Expression G4502A-07</td></tr><tr><td>O7-17</td><td>Agilent 244K Custom Gene Expression G4502A-07-1</td></tr><tr><td>O7-18</td><td>Agilent 244K Custom Gene Expression G4502A-07-2</td></tr><tr><td>O7-19</td><td>Agilent 244K Custom Gene Expression G4502A-07-3</td></tr><tr><td>O7-20</td><td>Agilent 8 x 15K Human miRNA-specific microarray</td></tr><tr><td>O7-21</td><td>Agilent Human CGH 1x1M</td></tr><tr><td>O7-22</td><td>Agilent Human CGH 2x400K</td></tr><tr><td>O7-23</td><td>Agilent Human CGH 4x180K</td></tr><tr><td>O7-24</td><td>Agilent Human CGH 8x60K</td></tr><tr><td>O7-25</td><td>Agilent Human CNV 2x400K</td></tr><tr><td>O7-26</td><td>Agilent Human CNV Association 2x105K</td></tr><tr><td>O7-27</td><td>Agilent Human CpG Island Microarray Kit</td></tr><tr><td>O7-28</td><td>Agilent Human Genome 105A</td></tr><tr><td>O7-29</td><td>Agilent Human Genome 244A</td></tr><tr><td>O7-30</td><td>Agilent Human Genome 44K</td></tr><tr><td>O7-31</td><td>Agilent Human Genome CGH Custom Microaary 2x415K</td></tr><tr><td>O7-32</td><td>Agilent Human miRNA Microarray Kit (v2)</td></tr><tr><td>O7-33</td><td>Agilent Human Promoter ChIP-on-chip Microarray Set</td></tr><tr><td>O7-34</td><td>Agilent Human SpliceArray</td></tr><tr><td>O7-35</td><td>Agilent Whole Human Genome Oligo Microarray Kit</td></tr><tr><td>O7-36</td><td>Almac Human CRC</td></tr><tr><td>O7-37</td><td>capillary sequencing</td></tr><tr><td>O7-38</td><td>Complete Genomics</td></tr><tr><td>O7-39</td><td>Custom-designed cDNA array</td></tr><tr><td>O7-40</td><td>Custom-designed gene expression array</td></tr><tr><td>O7-41</td><td>Helicos sequencing</td></tr><tr><td>O7-42</td><td>HumanOmni2.5-8 BeadChip Kit</td></tr><tr><td>O7-43</td><td>Illumina GA sequencing</td></tr><tr><td>O7-44</td><td>Illumina goldengate methylation</td></tr><tr><td>O7-45</td><td>Illumina GoldenGate Methylation Cancer Panel I</td></tr><tr><td>O7-46</td><td>Illumina HiSeq</td></tr><tr><td>O7-47</td><td>Illumina HiSeq X Ten</td></tr><tr><td>O7-48</td><td>Illumina Human Omni1-Quad beadchip</td></tr><tr><td>O7-49</td><td>Illumina Human1M OmniQuad chip</td></tr><tr><td>O7-50</td><td>Illumina human1m-duo</td></tr><tr><td>O7-51</td><td>Illumina human510s-duo</td></tr><tr><td>O7-52</td><td>Illumina human660w-quad</td></tr><tr><td>O7-53</td><td>Illumina HumanCNV370-Duo v1.0 BeadChip</td></tr><tr><td>O7-54</td><td>Illumina humancytosnp-12</td></tr><tr><td>O7-55</td><td>Illumina HumanHap550</td></tr><tr><td>O7-56</td><td>Illumina HumanHT-12 v4.0 beadchip</td></tr><tr><td>O7-57</td><td>Illumina humanht-16</td></tr><tr><td>O7-58</td><td>Illumina humanht-17</td></tr><tr><td>O7-59</td><td>Illumina humanmethylation27</td></tr><tr><td>O7-60</td><td>Illumina HumanOmniExpress BeadChip</td></tr><tr><td>O7-61</td><td>Illumina HumanRef-8 v3.0 beadchip</td></tr><tr><td>O7-62</td><td>Illumina HumanWG-6 v3.0 beadchip</td></tr><tr><td>O7-63</td><td>Illumina Infinium HumanMethylation450</td></tr><tr><td>O7-64</td><td>Illumina microRNA Expression Profiling Panel</td></tr><tr><td>O7-65</td><td>Illumina MiSeq Personal Sequencer</td></tr><tr><td>O7-66</td><td>Ion Torrent PGM</td></tr><tr><td>O7-67</td><td>Ion Torrent Proton</td></tr><tr><td>O7-68</td><td>M.D. Anderson Reverse Phase Protein Array Core</td></tr><tr><td>O7-69</td><td>Microsatellite Instability Analysis</td></tr><tr><td>O7-70</td><td>nanoString</td></tr><tr><td>O7-71</td><td>Nimblegen CGS</td></tr><tr><td>O7-72</td><td>Nimblegen Gene Expression 12x135K</td></tr><tr><td>O7-73</td><td>Nimblegen Gene Expression 385K</td></tr><tr><td>O7-74</td><td>Nimblegen Gene Expression 4x72K</td></tr><tr><td>O7-75</td><td>Nimblegen Human CGH 2.1M Whole-Genome v2.0D Array</td></tr><tr><td>O7-76</td><td>Nimblegen Human CGH 3x720 Whole-Genome v3.0 Array</td></tr><tr><td>O7-77</td><td>Nimblegen Human Methylation 2.1M Whole-Genome sets</td></tr><tr><td>O7-78</td><td>Nimblegen Human Methylation 385K Whole-Genome sets</td></tr><tr><td>O7-79</td><td>PacBio RS sequencing</td></tr><tr><td>O7-80</td><td>PCR</td></tr><tr><td>O7-81</td><td>PCR and capillary sequencing</td></tr><tr><td>O7-82</td><td>qPCR</td></tr><tr><td>O7-83</td><td>Roche 454 sequencing</td></tr><tr><td>O7-84</td><td>Sequenom MassARRAY</td></tr><tr><td>O7-85</td><td>SOLiD sequencing</td></tr><tr><td>O7-86</td><td>Digital PCR</td></tr><tr><td>O7-87</td><td>NextSeq 500</td></tr><tr><td>O7-88</td><td>NovaSeq</td></tr><tr><td>O7-OTH</td><td>Other</td></tr></table></li><li>Include these codes as defined in <a href="http://terminology.hl7.org/6.2.0/CodeSystem-umls.html"><code>http://terminology.hl7.org/CodeSystem/umls</code></a><table class="none"><tr><td style="white-space:nowrap"><b>Code</b></td><td><b>Display</b></td></tr><tr><td>C0439673</td><td>Unknown</td></tr></table></li></ul></div></text><url value="https://ig-osiris.cancer.fr/ig/osiris/ValueSet/PlatformName"/><version value="1.1.0"/><name value="PlatformName"/><title value="Platform Name"/><status value="draft"/><date value="2025-04-22T15:19:59+00:00"/><publisher value="institutcancer"/><contact><name value="institutcancer"/><telecom><system value="url"/><value value="http://cancer.fr"/></telecom><telecom><system value="email"/><value value="osiris@institutcancer.fr"/></telecom></contact><contact><name value="Aurélien JOBARD"/><telecom><system value="email"/><value value="osiris@institutcancer.fr"/></telecom></contact><description value="Platform Name"/><compose><include><system value="https://github.com/siric-osiris/OSIRIS"/><concept><code value="O7-1"/><display value="Affymetrix Cytoscan HD"/></concept><concept><code value="O7-2"/><display value="Affymetrix EMET Plus Premier Pack"/></concept><concept><code value="O7-3"/><display value="Affymetrix Genome-Wide Human SNP Array 5.0"/></concept><concept><code value="O7-4"/><display value="Affymetrix Genome-Wide Human SNP Array 6.0"/></concept><concept><code value="O7-5"/><display value="Affymetrix HT Human Genome U133A Array Plate Set"/></concept><concept><code value="O7-6"/><display value="Affymetrix Human Exon 1.0 ST"/></concept><concept><code value="O7-7"/><display value="Affymetrix Human Gene 1.0 ST"/></concept><concept><code value="O7-8"/><display value="Affymetrix Human Genome U219 Array Plate"/></concept><concept><code value="O7-9"/><display value="Affymetrix Human MIP 330K"/></concept><concept><code value="O7-10"/><display value="Affymetrix Human U133 Plus 2.0"/></concept><concept><code value="O7-11"/><display value="Affymetrix Human U133 Plus PM"/></concept><concept><code value="O7-12"/><display value="Affymetrix Mapping 100K Array Set"/></concept><concept><code value="O7-13"/><display value="Affymetrix Mapping 10K 2.0 Array Set"/></concept><concept><code value="O7-14"/><display value="Affymetrix Mapping 500K Array Set"/></concept><concept><code value="O7-15"/><display value="Affymetrix OncoScan FFPE Express 2.0"/></concept><concept><code value="O7-16"/><display value="Agilent 244K Custom Gene Expression G4502A-07"/></concept><concept><code value="O7-17"/><display value="Agilent 244K Custom Gene Expression G4502A-07-1"/></concept><concept><code value="O7-18"/><display value="Agilent 244K Custom Gene Expression G4502A-07-2"/></concept><concept><code value="O7-19"/><display value="Agilent 244K Custom Gene Expression G4502A-07-3"/></concept><concept><code value="O7-20"/><display value="Agilent 8 x 15K Human miRNA-specific microarray"/></concept><concept><code value="O7-21"/><display value="Agilent Human CGH 1x1M"/></concept><concept><code value="O7-22"/><display value="Agilent Human CGH 2x400K"/></concept><concept><code value="O7-23"/><display value="Agilent Human CGH 4x180K"/></concept><concept><code value="O7-24"/><display value="Agilent Human CGH 8x60K"/></concept><concept><code value="O7-25"/><display value="Agilent Human CNV 2x400K"/></concept><concept><code value="O7-26"/><display value="Agilent Human CNV Association 2x105K"/></concept><concept><code value="O7-27"/><display value="Agilent Human CpG Island Microarray Kit"/></concept><concept><code value="O7-28"/><display value="Agilent Human Genome 105A"/></concept><concept><code value="O7-29"/><display value="Agilent Human Genome 244A"/></concept><concept><code value="O7-30"/><display value="Agilent Human Genome 44K"/></concept><concept><code value="O7-31"/><display value="Agilent Human Genome CGH Custom Microaary 2x415K"/></concept><concept><code value="O7-32"/><display value="Agilent Human miRNA Microarray Kit (v2)"/></concept><concept><code value="O7-33"/><display value="Agilent Human Promoter ChIP-on-chip Microarray Set"/></concept><concept><code value="O7-34"/><display value="Agilent Human SpliceArray"/></concept><concept><code value="O7-35"/><display value="Agilent Whole Human Genome Oligo Microarray Kit"/></concept><concept><code value="O7-36"/><display value="Almac Human CRC"/></concept><concept><code value="O7-37"/><display value="capillary sequencing"/></concept><concept><code value="O7-38"/><display value="Complete Genomics"/></concept><concept><code value="O7-39"/><display value="Custom-designed cDNA array"/></concept><concept><code value="O7-40"/><display value="Custom-designed gene expression array"/></concept><concept><code value="O7-41"/><display value="Helicos sequencing"/></concept><concept><code value="O7-42"/><display value="HumanOmni2.5-8 BeadChip Kit"/></concept><concept><code value="O7-43"/><display value="Illumina GA sequencing"/></concept><concept><code value="O7-44"/><display value="Illumina goldengate methylation"/></concept><concept><code value="O7-45"/><display value="Illumina GoldenGate Methylation Cancer Panel I"/></concept><concept><code value="O7-46"/><display value="Illumina HiSeq"/></concept><concept><code value="O7-47"/><display value="Illumina HiSeq X Ten"/></concept><concept><code value="O7-48"/><display value="Illumina Human Omni1-Quad beadchip"/></concept><concept><code value="O7-49"/><display value="Illumina Human1M OmniQuad chip"/></concept><concept><code value="O7-50"/><display value="Illumina human1m-duo"/></concept><concept><code value="O7-51"/><display value="Illumina human510s-duo"/></concept><concept><code value="O7-52"/><display value="Illumina human660w-quad"/></concept><concept><code value="O7-53"/><display value="Illumina HumanCNV370-Duo v1.0 BeadChip"/></concept><concept><code value="O7-54"/><display value="Illumina humancytosnp-12"/></concept><concept><code value="O7-55"/><display value="Illumina HumanHap550"/></concept><concept><code value="O7-56"/><display value="Illumina HumanHT-12 v4.0 beadchip"/></concept><concept><code value="O7-57"/><display value="Illumina humanht-16"/></concept><concept><code value="O7-58"/><display value="Illumina humanht-17"/></concept><concept><code value="O7-59"/><display value="Illumina humanmethylation27"/></concept><concept><code value="O7-60"/><display value="Illumina HumanOmniExpress BeadChip"/></concept><concept><code value="O7-61"/><display value="Illumina HumanRef-8 v3.0 beadchip"/></concept><concept><code value="O7-62"/><display value="Illumina HumanWG-6 v3.0 beadchip"/></concept><concept><code value="O7-63"/><display value="Illumina Infinium HumanMethylation450"/></concept><concept><code value="O7-64"/><display value="Illumina microRNA Expression Profiling Panel"/></concept><concept><code value="O7-65"/><display value="Illumina MiSeq Personal Sequencer"/></concept><concept><code value="O7-66"/><display value="Ion Torrent PGM"/></concept><concept><code value="O7-67"/><display value="Ion Torrent Proton"/></concept><concept><code value="O7-68"/><display value="M.D. Anderson Reverse Phase Protein Array Core"/></concept><concept><code value="O7-69"/><display value="Microsatellite Instability Analysis"/></concept><concept><code value="O7-70"/><display value="nanoString"/></concept><concept><code value="O7-71"/><display value="Nimblegen CGS"/></concept><concept><code value="O7-72"/><display value="Nimblegen Gene Expression 12x135K"/></concept><concept><code value="O7-73"/><display value="Nimblegen Gene Expression 385K"/></concept><concept><code value="O7-74"/><display value="Nimblegen Gene Expression 4x72K"/></concept><concept><code value="O7-75"/><display value="Nimblegen Human CGH 2.1M Whole-Genome v2.0D Array"/></concept><concept><code value="O7-76"/><display value="Nimblegen Human CGH 3x720 Whole-Genome v3.0 Array"/></concept><concept><code value="O7-77"/><display value="Nimblegen Human Methylation 2.1M Whole-Genome sets"/></concept><concept><code value="O7-78"/><display value="Nimblegen Human Methylation 385K Whole-Genome sets"/></concept><concept><code value="O7-79"/><display value="PacBio RS sequencing"/></concept><concept><code value="O7-80"/><display value="PCR"/></concept><concept><code value="O7-81"/><display value="PCR and capillary sequencing"/></concept><concept><code value="O7-82"/><display value="qPCR"/></concept><concept><code value="O7-83"/><display value="Roche 454 sequencing"/></concept><concept><code value="O7-84"/><display value="Sequenom MassARRAY"/></concept><concept><code value="O7-85"/><display value="SOLiD sequencing"/></concept><concept><code value="O7-86"/><display value="Digital PCR"/></concept><concept><code value="O7-87"/><display value="NextSeq 500"/></concept><concept><code value="O7-88"/><display value="NovaSeq"/></concept><concept><code value="O7-OTH"/><display value="Other"/></concept></include><include><system value="http://terminology.hl7.org/CodeSystem/umls"/><concept><code value="C0439673"/><display value="Unknown"/></concept></include></compose></ValueSet>