<?xml version="1.0" encoding="UTF-8"?>

<MolecularSequence xmlns="http://hl7.org/fhir">
  <id value="fhir-osiris-annotation-reference-1"/>
  <meta>
    <profile value="https://ig-osiris.cancer.fr/ig/osiris/StructureDefinition/annotation-reference"/>
  </meta>
  <text>
    <status value="generated"/><div xmlns="http://www.w3.org/1999/xhtml"><p class="res-header-id"><b>Generated Narrative: MolecularSequence fhir-osiris-annotation-reference-1</b></p><a name="fhir-osiris-annotation-reference-1"> </a><a name="hcfhir-osiris-annotation-reference-1"> </a><a name="fhir-osiris-annotation-reference-1-en-US"> </a><div style="display: inline-block; background-color: #d9e0e7; padding: 6px; margin: 4px; border: 1px solid #8da1b4; border-radius: 5px; line-height: 60%"><p style="margin-bottom: 0px"/><p style="margin-bottom: 0px">Profile: <a href="StructureDefinition-annotation-reference.html">Annotation Reference</a></p></div><p><b>coordinateSystem</b>: 0</p><p><b>patient</b>: <a href="Patient-L304.html">Anonymous Patient Male, DoB: 1967-11-08</a></p><h3>ReferenceSeqs</h3><table class="grid"><tr><td style="display: none">-</td><td><b>ReferenceSeqId</b></td></tr><tr><td style="display: none">*</td><td><span title="Codes:{https://github.com/siric-osiris/OSIRIS O90-1}">O90-1</span></td></tr></table><blockquote><p><b>repository</b></p><p><b>type</b>: Some other complicated or particular way to get resource from URL.</p><p><b>name</b>: COSMIC</p><p><b>datasetId</b>: COSM760</p></blockquote><blockquote><p><b>repository</b></p><p><b>type</b>: Click and see</p><p><b>url</b>: <a href="http://pfam.xfam.org/">http://pfam.xfam.org/</a></p><p><b>datasetId</b>: PI3K_rbd; PI3-kinase family, ras-binding domain</p><p><b>readsetId</b>: pfam00794</p></blockquote></div>
  </text>
  <coordinateSystem value="0"/>
  <patient>
    <reference value="Patient/L304"/>
  </patient>
  <referenceSeq>
    <referenceSeqId>
      <coding>
        <system value="https://github.com/siric-osiris/OSIRIS"/>
        <code value="O90-1"/>
      </coding>
    </referenceSeqId>
  </referenceSeq>
  <repository>
    <type value="other"/>
    <name value="COSMIC"/>
    <datasetId value="COSM760"/>
  </repository>
  <repository>
    <type value="directlink"/>
    <url value="http://pfam.xfam.org/"/>
    <datasetId value="PI3K_rbd; PI3-kinase family, ras-binding domain"/>
    <readsetId value="pfam00794"/>
  </repository>
</MolecularSequence>