<?xml version="1.0" encoding="UTF-8"?>

<ValueSet xmlns="http://hl7.org/fhir">
  <id value="VitalStatus"/>
  <text>
    <status value="generated"/><div xmlns="http://www.w3.org/1999/xhtml"><p class="res-header-id"><b>Generated Narrative: ValueSet VitalStatus</b></p><a name="VitalStatus"> </a><a name="hcVitalStatus"> </a><a name="VitalStatus-en-US"> </a><ul><li>Include these codes as defined in <a href="http://terminology.hl7.org/6.2.0/CodeSystem-umls.html"><code>http://terminology.hl7.org/CodeSystem/umls</code></a><table class="none"><tr><td style="white-space:nowrap"><b>Code</b></td><td><b>Display</b></td></tr><tr><td>C2584946</td><td>Alive (finding)</td></tr><tr><td>C1546956</td><td>Patient Outcome - Died</td></tr><tr><td>C0439673</td><td>Unknown</td></tr></table></li></ul></div>
  </text>
  <url value="https://ig-osiris.cancer.fr/ig/osiris/ValueSet/VitalStatus"/>
  <version value="1.1.0"/>
  <name value="VitalStatus"/>
  <title value="Vital Status Value Set"/>
  <status value="draft"/>
  <date value="2025-04-23T09:23:26+00:00"/>
  <publisher value="institutcancer"/>
  <contact>
    <name value="institutcancer"/>
    <telecom>
      <system value="url"/>
      <value value="http://cancer.fr"/>
    </telecom>
    <telecom>
      <system value="email"/>
      <value value="osiris@institutcancer.fr"/>
    </telecom>
  </contact>
  <contact>
    <name value="Aurélien JOBARD"/>
    <telecom>
      <system value="email"/>
      <value value="osiris@institutcancer.fr"/>
    </telecom>
  </contact>
  <description value="Vital status"/>
  <compose>
    <include>
      <system value="http://terminology.hl7.org/CodeSystem/umls"/>
      <concept>
        <code value="C2584946"/>
        <display value="Alive (finding)"/>
      </concept>
      <concept>
        <code value="C1546956"/>
        <display value="Patient Outcome - Died"/>
      </concept>
      <concept>
        <code value="C0439673"/>
        <display value="Unknown"/>
      </concept>
    </include>
  </compose>
</ValueSet>