<?xml version="1.0" encoding="UTF-8"?>

<ValueSet xmlns="http://hl7.org/fhir">
  <id value="TechnicalProtocol"/>
  <text>
    <status value="generated"/><div xmlns="http://www.w3.org/1999/xhtml"><p class="res-header-id"><b>Generated Narrative: ValueSet TechnicalProtocol</b></p><a name="TechnicalProtocol"> </a><a name="hcTechnicalProtocol"> </a><a name="TechnicalProtocol-en-US"> </a><ul><li>Include these codes as defined in <code>https://github.com/siric-osiris/OSIRIS</code><table class="none"><tr><td style="white-space:nowrap"><b>Code</b></td><td><b>Display</b></td></tr><tr><td>O6-1</td><td>ChIP-on-Chip</td></tr><tr><td>O6-2</td><td>ChIP-seq</td></tr><tr><td>O6-3</td><td>DNA microarray</td></tr><tr><td>O6-4</td><td>DNA targeted panel sequencing</td></tr><tr><td>O6-5</td><td>Exome sequencing</td></tr><tr><td>O6-6</td><td>Mass spectrometry</td></tr><tr><td>O6-7</td><td>MeDIP-Chip</td></tr><tr><td>O6-8</td><td>MeDIP-seq</td></tr><tr><td>O6-9</td><td>Methylation microarray</td></tr><tr><td>O6-10</td><td>RNA microarray</td></tr><tr><td>O6-11</td><td>RNA targeted panel sequencing</td></tr><tr><td>O6-12</td><td>RNA-seq</td></tr><tr><td>O6-13</td><td>RPPA</td></tr><tr><td>O6-14</td><td>Whole genome bisulfite sequencing</td></tr><tr><td>O6-15</td><td>Whole genome sequencing</td></tr><tr><td>O6-16</td><td>miRNA microarray</td></tr><tr><td>O6-OTH</td><td>Other</td></tr></table></li></ul></div>
  </text>
  <url value="https://ig-osiris.cancer.fr/ig/osiris/ValueSet/TechnicalProtocol"/>
  <version value="1.1.0"/>
  <name value="TechnicalProtocol"/>
  <title value="Analysis Technical Protocol"/>
  <status value="draft"/>
  <date value="2025-04-23T09:23:26+00:00"/>
  <publisher value="institutcancer"/>
  <contact>
    <name value="institutcancer"/>
    <telecom>
      <system value="url"/>
      <value value="http://cancer.fr"/>
    </telecom>
    <telecom>
      <system value="email"/>
      <value value="osiris@institutcancer.fr"/>
    </telecom>
  </contact>
  <contact>
    <name value="Aurélien JOBARD"/>
    <telecom>
      <system value="email"/>
      <value value="osiris@institutcancer.fr"/>
    </telecom>
  </contact>
  <description value="Analysis technical protocol"/>
  <compose>
    <include>
      <system value="https://github.com/siric-osiris/OSIRIS"/>
      <concept>
        <code value="O6-1"/>
        <display value="ChIP-on-Chip"/>
      </concept>
      <concept>
        <code value="O6-2"/>
        <display value="ChIP-seq"/>
      </concept>
      <concept>
        <code value="O6-3"/>
        <display value="DNA microarray"/>
      </concept>
      <concept>
        <code value="O6-4"/>
        <display value="DNA targeted panel sequencing"/>
      </concept>
      <concept>
        <code value="O6-5"/>
        <display value="Exome sequencing"/>
      </concept>
      <concept>
        <code value="O6-6"/>
        <display value="Mass spectrometry"/>
      </concept>
      <concept>
        <code value="O6-7"/>
        <display value="MeDIP-Chip"/>
      </concept>
      <concept>
        <code value="O6-8"/>
        <display value="MeDIP-seq"/>
      </concept>
      <concept>
        <code value="O6-9"/>
        <display value="Methylation microarray"/>
      </concept>
      <concept>
        <code value="O6-10"/>
        <display value="RNA microarray"/>
      </concept>
      <concept>
        <code value="O6-11"/>
        <display value="RNA targeted panel sequencing"/>
      </concept>
      <concept>
        <code value="O6-12"/>
        <display value="RNA-seq"/>
      </concept>
      <concept>
        <code value="O6-13"/>
        <display value="RPPA"/>
      </concept>
      <concept>
        <code value="O6-14"/>
        <display value="Whole genome bisulfite sequencing"/>
      </concept>
      <concept>
        <code value="O6-15"/>
        <display value="Whole genome sequencing"/>
      </concept>
      <concept>
        <code value="O6-16"/>
        <display value="miRNA microarray"/>
      </concept>
      <concept>
        <code value="O6-OTH"/>
        <display value="Other"/>
      </concept>
    </include>
  </compose>
</ValueSet>