{
  "resourceType" : "CarePlan",
  "id" : "fhir-osiris-example-treatment-radiotherapy",
  "meta" : {
    "profile" : ["https://ig-osiris.cancer.fr/ig/osiris/StructureDefinition/treatment"]
  },
  "text" : {
    "status" : "generated",
    "div" : "<div xmlns=\"http://www.w3.org/1999/xhtml\"><p class=\"res-header-id\"><b>Generated Narrative: CarePlan fhir-osiris-example-treatment-radiotherapy</b></p><a name=\"fhir-osiris-example-treatment-radiotherapy\"> </a><a name=\"hcfhir-osiris-example-treatment-radiotherapy\"> </a><a name=\"fhir-osiris-example-treatment-radiotherapy-en-US\"> </a><div style=\"display: inline-block; background-color: #d9e0e7; padding: 6px; margin: 4px; border: 1px solid #8da1b4; border-radius: 5px; line-height: 60%\"><p style=\"margin-bottom: 0px\"/><p style=\"margin-bottom: 0px\">Profile: <a href=\"StructureDefinition-treatment.html\">Treatment</a></p></div><p><b>status</b>: Unknown</p><p><b>intent</b>: Plan</p><p><b>category</b>: <span title=\"Codes:{http://terminology.hl7.org/CodeSystem/umls C1522449}\">C1522449</span></p><p><b>subject</b>: <a href=\"Patient-Patient-XRTS-04-22A.html\">Anonymous Patient Unknown, DoB: 1000-01-01</a></p><p><b>period</b>: 2018-08-15 --&gt; 2018-12-25</p></div>"
  },
  "status" : "unknown",
  "intent" : "plan",
  "category" : [{
    "coding" : [{
      "system" : "http://terminology.hl7.org/CodeSystem/umls",
      "code" : "C1522449"
    }]
  }],
  "subject" : {
    "reference" : "Patient/Patient-XRTS-04-22A"
  },
  "period" : {
    "start" : "2018-08-15",
    "end" : "2018-12-25"
  }
}