<?xml version="1.0" encoding="UTF-8"?>

<CodeSystem xmlns="http://hl7.org/fhir">
  <id value="SnomedRequestedCSmcode"/>
  <text>
    <status value="generated"/><div xmlns="http://www.w3.org/1999/xhtml"><p class="res-header-id"><b>Generated Narrative: CodeSystem SnomedRequestedCSmcode</b></p><a name="SnomedRequestedCSmcode"> </a><a name="hcSnomedRequestedCSmcode"> </a><a name="SnomedRequestedCSmcode-en-US"> </a><p>This  code system <code>http://hl7.org/fhir/us/mcode/CodeSystem/snomed-requested-cs</code> defines the following code:</p><table class="codes"><tr><td style="white-space:nowrap"><b>Code</b></td><td><b>Display</b></td></tr><tr><td style="white-space:nowrap">1162782007<a name="SnomedRequestedCSmcode-1162782007"> </a></td><td>Three dimensional external beam radiation therapy (procedure)</td></tr></table></div>
  </text>
  <url value="http://hl7.org/fhir/us/mcode/CodeSystem/snomed-requested-cs"/>
  <version value="1.1.0"/>
  <name value="SnomedRequestedCSmcode"/>
  <title value="Requested SNOMED Codes Code System"/>
  <status value="draft"/>
  <date value="2025-04-22T15:19:59+00:00"/>
  <publisher value="institutcancer"/>
  <contact>
    <name value="institutcancer"/>
    <telecom>
      <system value="url"/>
      <value value="http://cancer.fr"/>
    </telecom>
    <telecom>
      <system value="email"/>
      <value value="osiris@institutcancer.fr"/>
    </telecom>
  </contact>
  <contact>
    <name value="Aurélien JOBARD"/>
    <telecom>
      <system value="email"/>
      <value value="osiris@institutcancer.fr"/>
    </telecom>
  </contact>
  <description value="Requested SNOMED Codes by mcode"/>
  <content value="complete"/>
  <count value="1"/>
  <concept>
    <code value="1162782007"/>
    <display value="Three dimensional external beam radiation therapy (procedure)"/>
  </concept>
</CodeSystem>