{
  "codeSystems" : [
    {
      "url" : "http://hl7.org/fhir/us/codex-radiation-therapy/CodeSystem/snomed-requested-cs",
      "version" : "2.1.0",
      "status" : "draft",
      "name" : "SnomedRequestedCScodex",
      "title" : "Requested SNOMED Codes Code System",
      "description" : "Requested SNOMED Codes by codex"
    },
    {
      "url" : "http://hl7.org/fhir/us/mcode/CodeSystem/snomed-requested-cs",
      "version" : "2.1.0",
      "status" : "draft",
      "name" : "SnomedRequestedCSmcode",
      "title" : "Requested SNOMED Codes Code System",
      "description" : "Requested SNOMED Codes by mcode"
    },
    {
      "url" : "http://snomed.info/sct",
      "version" : "2.1.0",
      "status" : "draft",
      "name" : "SnomedCS",
      "title" : "SNOMED Codes Code System",
      "description" : "SNOMED Codes Code System"
    },
    {
      "url" : "https://build.fhir.org/ig/arkhn/arkhn-ig-osiris/CodeSystem/RadiotherapyCS",
      "version" : "2.1.0",
      "status" : "draft",
      "name" : "RadiotherapyCS",
      "title" : "Radiotherapy Code System",
      "description" : "Radiotherapy Code System"
    },
    {
      "url" : "https://ibsi.readthedocs.io/en/latest/",
      "version" : "2.1.0",
      "status" : "draft",
      "name" : "IBSICS",
      "title" : "IBSI Code System",
      "description" : "IBSI Code System"
    },
    {
      "url" : "https://terminology.arkhn.com/SeriesModalityCS",
      "version" : "2.1.0",
      "status" : "draft",
      "name" : "SeriesModalityCS",
      "title" : "Series Modality Code System",
      "description" : "Series Modality  Code System"
    },
    {
      "url" : "https://terminology.arkhn.com/osiris",
      "version" : "2.1.0",
      "status" : "draft",
      "name" : "OsirisCS",
      "title" : "Osiris code system",
      "description" : "Custom code from osiris standard"
    },
    {
      "url" : "https://terminology.arkhn.com/radiomicsCS",
      "version" : "2.1.0",
      "status" : "draft",
      "name" : "RadiomicsCS",
      "title" : "Imaging Code System",
      "description" : "Imaging Code System"
    }
  ]
}
