{
  "codeSystems" : [
    {
      "url" : "http://hl7.org/fhir/us/codex-radiation-therapy/CodeSystem/snomed-requested-cs",
      "version" : "2.1.0",
      "status" : "draft",
      "name" : "SnomedRequestedCScodex",
      "title" : "Requested SNOMED Codes Code System",
      "description" : "Requested SNOMED Codes by codex",
      "uses" : {
      },
      "ValueSet-codexrt-radiotherapy-reason-for-revision-or-adaptation-vs.html" : "Radiotherapy Reason Replanification"
    },
    {
      "url" : "http://loinc.org",
      "version" : "3.1.0",
      "status" : "active",
      "name" : "LOINC",
      "title" : "Logical Observation Identifiers, Names and Codes (LOINC)",
      "description" : "LOINC provides a set of universal names and ID codes for identifying laboratory and clinical test results.1,2 LOINC facilitates the exchange and pooling of results, such as blood hemoglobin, serum potassium, or vital signs, for clinical care, outcomes management, and research. LOINC's universal identifiers (names and codes) can be used in the context of order and observation exchanges between information systems that use syntax standards such as HL73, CEN TC251, ISO TC215, ASTM4, and DICOM. Specifically, the identifier can be used as the coded value for an observation in any other standard that uses the observation/observation value paradigm, whether messages, documents, application programming interface (API), etc. For example, LOINC codes are used widely in the OBX segment Observation Identifier field (OBX-3) of an ORU HL7 (HL7 version 2.x or ASTM 1238-9410) message that may be sent between a Clinical Laboratory Information Management Systems (LIMS) and Electronic Health Record Systems (EHR).5, 6 In this way, LOINC codes provide universal identifiers that allow the exchange of clinical data between heterogeneous computing environments.",
      "oids" : ["2.16.840.1.113883.6.1"],
      "uses" : {
      },
      "ValueSet-FusionType.html" : "Fusion Type Value Set",
      "ValueSet-DNAChangeType.html" : "DNA Change Type Value Set",
      "ValueSet-Chromosome.html" : "Chromosome Value Set",
      "ValueSet-AminoAcideChangeType.html" : "Amino Acide Change Type Value Set"
    },
    {
      "url" : "http://snomed.info/sct",
      "version" : "2.1.0",
      "status" : "draft",
      "name" : "SnomedCS",
      "title" : "SNOMED Codes Code System",
      "description" : "SNOMED Codes Code System",
      "uses" : {
      },
      "ValueSet-VSBodySite.html" : " Bodysite Value Set",
      "ValueSet-mcode-radiotherapy-volume-type-vs.html" : "Radiotherapy Volume Type Value Set",
      "ValueSet-vs-radiotherapy-termination-reason.html" : "Radiotherapy Termination Reason",
      "ValueSet-vs-radiotherapy-intent.html" : "Radiotherapy Intent",
      "ValueSet-codexrt-radiotherapy-reason-for-revision-or-adaptation-vs.html" : "Radiotherapy Reason Replanification",
      "ValueSet-mcode-radiotherapy-treatment-location-qualifier-vs.html" : "Radiotherapy Treatment Location Qualifier Value Set"
    },
    {
      "url" : "http://terminology.hl7.org/CodeSystem/icd-o-3",
      "version" : "2.0.1",
      "status" : "active",
      "name" : "IcdO3",
      "title" : "International Classification of Diseases for Oncology, version 3.",
      "description" : "International Classification of Diseases for Oncology, version 3. For more information see http://www.who.int/classifications/icd/adaptations/oncology/en/.",
      "oids" : ["2.16.840.1.113883.6.43.1"],
      "uses" : {
      },
      "ValueSet-Morphology.html" : "Morphology Value Set",
      "ValueSet-Topography.html" : "Topography Value Set"
    },
    {
      "url" : "http://terminology.hl7.org/CodeSystem/umls",
      "version" : "2.0.1",
      "status" : "retired",
      "name" : "Umls",
      "title" : "Unified Medical Language System",
      "description" : "UMLS codes as CUIs making up the values in a coding system. More information may be found at http://www.nlm.nih.gov/research/umls/",
      "oids" : ["2.16.840.1.113883.6.86"],
      "uses" : {
      },
      "ValueSet-RadiomicsFeaturesVS.html" : "Radiomic Features Value Set",
      "ValueSet-AnalysisType.html" : "Analysis Types Value Set",
      "ValueSet-AlgorithmicPloidy.html" : "Algorithmic Ploidy",
      "ValueSet-ResponseEvaluationStatus.html" : "Response Status Value Set",
      "ValueSet-PanelName.html" : "Panel Name",
      "ValueSet-GenomeEntityType.html" : "Genome entity type Value Set",
      "ValueSet-CytoBand.html" : "CytoBand Value Set",
      "ValueSet-ReferenceType.html" : "Reference Type Value Set",
      "ValueSet-GeneticMaterial.html" : "GeneticMaterial",
      "ValueSet-BiologicalSampleOrigin.html" : "Biological Sample Origin Value Set",
      "ValueSet-VitalStatus.html" : "Vital Status Value Set",
      "ValueSet-VSModality.html" : " Modality Value Set",
      "ValueSet-PlatformName.html" : "Platform Name",
      "ValueSet-Parentage.html" : "Parentage Value Set",
      "ValueSet-BiologicalSampleNature.html" : "Biological Sample Nature Value Set",
      "ValueSet-TumorPathologyEventType.html" : "Tumor Pathology Event Type Value Set",
      "ValueSet-Laterality.html" : "Tumor Laterality Value Set",
      "ValueSet-Pathogenicity.html" : "Pathogenicity Value Set",
      "ValueSet-StorageTemperature.html" : "Storage temperature Value Set",
      "ValueSet-TreatmentType.html" : "Treatment Type Value Set",
      "ValueSet-SurgeryResectionQuality.html" : "Surgery Resection Quality Value Set",
      "ValueSet-Chromosome.html" : "Chromosome Value Set",
      "ValueSet-AlterationType.html" : "Alteration Type Value Set",
      "ValueSet-AdverseEventGrade.html" : "Adverse Event Grade Value Set",
      "ValueSet-CauseOfDeath.html" : "Cause of death Value Set"
    },
    {
      "url" : "http://terminology.hl7.org/CodeSystem/v3-Race",
      "version" : "4.0.0",
      "status" : "active",
      "name" : "Race",
      "title" : "Race",
      "description" : "**Deprecation Information:** Deprecated per UP-263. This code system is NOT the acknowledged source of truth for Race concepts and codes. It should no longer be used. https://terminology.hl7.org/CodeSystem-CDCREC.html should be used in its place. In the United States, federal standards for classifying data on race determine the categories used by federal agencies and exert a strong influence on categorization by state and local agencies and private sector organizations. The federal standards do not conceptually define race, and they recognize the absence of an anthropological or scientific basis for racial classification. Instead, the federal standards acknowledge that race is a social-political construct in which an individual's own identification with one more race categories is preferred to observer identification. The standards use a variety of features to define five minimum race categories. Among these features are descent from \"the original peoples\" of a specified region or nation. The minimum race categories are American Indian or Alaska Native, Asian, Black or African American, Native Hawaiian or Other Pacific Islander, and White. The federal standards stipulate that race data need not be limited to the five minimum categories, but any expansion must be collapsible to those categories.",
      "oids" : ["2.16.840.1.113883.5.104"],
      "uses" : {
      },
      "http://terminology.hl7.org/5.5.0/ValueSet-v3-Race.html" : "Race"
    },
    {
      "url" : "http://www.genenames.org/genegroup",
      "version" : "1.0.0",
      "status" : "active",
      "name" : "HGNCGeneGroup",
      "title" : "HUGO Gene Nomenclature Committee Gene Group",
      "description" : "The HGNC is responsible for approving unique symbols and names for human loci, including protein coding genes, ncRNA genes and pseudogenes, to allow unambiguous scientific communication.\r\n\r\nFor each known human gene we approve a gene name and symbol (short-form abbreviation). All approved symbols are stored in the HGNC database,[www.genenames.org](https://www.genenames.org/tools/search), a curated online repository of HGNC-approved gene nomenclature, gene groups and associated resources including links to genomic, proteomic and phenotypic information. Each symbol is unique and we ensure that each gene is only given one approved gene symbol. It is necessary to provide a unique symbol for each gene so that we and others can talk about them, and this also facilitates electronic data retrieval from publications and databases. Please see https://www.genenames.org/ for more info.",
      "uses" : {
      },
      "http://hl7.org/fhir/uv/genomics-reporting/STU1/valueset-hgnc.html" : "HGNC"
    },
    {
      "url" : "https://build.fhir.org/ig/arkhn/arkhn-ig-osiris/CodeSystem/RadiotherapyCS",
      "version" : "2.1.0",
      "status" : "draft",
      "name" : "RadiotherapyCS",
      "title" : "Radiotherapy Code System",
      "description" : "Radiotherapy Code System",
      "uses" : {
      },
      "ValueSet-vs-radiotherapy-category.html" : "Radiotherapy Category"
    },
    {
      "url" : "https://ibsi.readthedocs.io/en/latest/",
      "version" : "2.1.0",
      "status" : "draft",
      "name" : "IBSICS",
      "title" : "IBSI Code System",
      "description" : "IBSI Code System",
      "uses" : {
      },
      "ValueSet-RadiomicsFeaturesVS.html" : "Radiomic Features Value Set"
    },
    {
      "url" : "https://terminology.arkhn.com/SeriesModalityCS",
      "version" : "2.1.0",
      "status" : "draft",
      "name" : "SeriesModalityCS",
      "title" : "Series Modality Code System",
      "description" : "Series Modality  Code System",
      "uses" : {
      },
      "ValueSet-VSModality.html" : " Modality Value Set"
    },
    {
      "url" : "https://terminology.arkhn.com/radiomicsCS",
      "version" : "2.1.0",
      "status" : "draft",
      "name" : "RadiomicsCS",
      "title" : "Imaging Code System",
      "description" : "Imaging Code System",
      "uses" : {
      },
      "ValueSet-ROIType.html" : "ROI Type Value Set"
    }
  ]
}
