{
  "resourceType" : "CodeSystem",
  "id" : "SeriesModalityCS",
  "text" : {
    "status" : "generated",
    "div" : "<div xmlns=\"http://www.w3.org/1999/xhtml\"><p class=\"res-header-id\"><b>Generated Narrative: CodeSystem SeriesModalityCS</b></p><a name=\"SeriesModalityCS\"> </a><a name=\"hcSeriesModalityCS\"> </a><a name=\"SeriesModalityCS-en-US\"> </a><p>This  code system <code>https://terminology.arkhn.com/SeriesModalityCS</code> defines the following code:</p><table class=\"codes\"><tr><td style=\"white-space:nowrap\"><b>Code</b></td><td><b>Display</b></td></tr><tr><td style=\"white-space:nowrap\">RTSTRUCT<a name=\"SeriesModalityCS-RTSTRUCT\"> </a></td><td>Radiotherapy Structure Set</td></tr></table></div>"
  },
  "url" : "https://terminology.arkhn.com/SeriesModalityCS",
  "version" : "1.1.0",
  "name" : "SeriesModalityCS",
  "title" : "Series Modality Code System",
  "status" : "draft",
  "date" : "2025-04-22T15:20:25+00:00",
  "publisher" : "institutcancer",
  "contact" : [{
    "name" : "institutcancer",
    "telecom" : [{
      "system" : "url",
      "value" : "http://cancer.fr"
    },
    {
      "system" : "email",
      "value" : "osiris@institutcancer.fr"
    }]
  },
  {
    "name" : "Aurélien JOBARD",
    "telecom" : [{
      "system" : "email",
      "value" : "osiris@institutcancer.fr"
    }]
  }],
  "description" : "Series Modality  Code System",
  "content" : "complete",
  "count" : 1,
  "concept" : [{
    "code" : "RTSTRUCT",
    "display" : "Radiotherapy Structure Set"
  }]
}