{
  "resourceType" : "Endpoint",
  "id" : "fhir-osiris-example-imagingendpoint-mr-2",
  "meta" : {
    "profile" : ["https://build.fhir.org/ig/arkhn/arkhn-ig-osiris/StructureDefinition/imaging-pacs"]
  },
  "text" : {
    "status" : "generated",
    "div" : "<div xmlns=\"http://www.w3.org/1999/xhtml\"><p><b>Generated Narrative: Endpoint</b><a name=\"fhir-osiris-example-imagingendpoint-mr-2\"> </a><a name=\"hcfhir-osiris-example-imagingendpoint-mr-2\"> </a></p><div style=\"display: inline-block; background-color: #d9e0e7; padding: 6px; margin: 4px; border: 1px solid #8da1b4; border-radius: 5px; line-height: 60%\"><p style=\"margin-bottom: 0px\">ResourceEndpoint &quot;fhir-osiris-example-imagingendpoint-mr-2&quot; </p><p style=\"margin-bottom: 0px\">Profile: <a href=\"StructureDefinition-imaging-pacs.html\">Location to the PACS server</a></p></div><p><b>status</b>: active</p><p><b>connectionType</b>: C0439673 (Details: Unified Medical Language System code C0439673 = 'C0439673', stated as 'null')</p><p><b>name</b>: ['Soft-tissue-Sarcoma/STS_010/12-30-2003-NA-CT PET with registered MR-74609/90027.000000-AlignedSTIRtoPETBOX-01036/1-67.dcm']</p><p><b>payloadType</b>: C0439673 <span style=\"background: LightGoldenRodYellow; margin: 4px; border: 1px solid khaki\"> (<a href=\"http://terminology.hl7.org/5.5.0/CodeSystem-umls.html\">Unified Medical Language System</a>#C0439673)</span></p><p><b>address</b>: </p></div>"
  },
  "status" : "active",
  "connectionType" : {
    "system" : "http://terminology.hl7.org/CodeSystem/umls",
    "code" : "C0439673"
  },
  "name" : "['Soft-tissue-Sarcoma/STS_010/12-30-2003-NA-CT PET with registered MR-74609/90027.000000-AlignedSTIRtoPETBOX-01036/1-67.dcm']",
  "payloadType" : [{
    "coding" : [{
      "system" : "http://terminology.hl7.org/CodeSystem/umls",
      "code" : "C0439673"
    }]
  }],
  "address" : ""
}