{
  "resourceType" : "MedicationStatement",
  "id" : "fhir-osiris-example-oncomedicalstatement-1",
  "meta" : {
    "profile" : ["https://ig-osiris.cancer.fr/ig/osiris/StructureDefinition/onco-medication-statement"]
  },
  "text" : {
    "status" : "generated",
    "div" : "<div xmlns=\"http://www.w3.org/1999/xhtml\"><p class=\"res-header-id\"><b>Generated Narrative: MedicationStatement fhir-osiris-example-oncomedicalstatement-1</b></p><a name=\"fhir-osiris-example-oncomedicalstatement-1\"> </a><a name=\"hcfhir-osiris-example-oncomedicalstatement-1\"> </a><a name=\"fhir-osiris-example-oncomedicalstatement-1-en-US\"> </a><div style=\"display: inline-block; background-color: #d9e0e7; padding: 6px; margin: 4px; border: 1px solid #8da1b4; border-radius: 5px; line-height: 60%\"><p style=\"margin-bottom: 0px\"/><p style=\"margin-bottom: 0px\">Profile: <a href=\"StructureDefinition-onco-medication-statement.html\">Oncology-related Medication Statement</a></p></div><p><b>basedOn</b>: <a href=\"CarePlan-fhir-osiris-example-treatment-2.html\">CarePlan: status = unknown; intent = plan; category = C3665472; period = 2007-01-12 --&gt; 2008-11-17</a></p><p><b>status</b>: Unknown</p><p><b>medication</b>: <span title=\"Codes:{http://hl7.org/fhir/uv/ips/ValueSet/whoatc-uv-ips c3564}\">cis-platine</span></p><p><b>subject</b>: <a href=\"Patient-L304.html\">Anonymous Patient Male, DoB: 1967-11-08</a></p></div>"
  },
  "basedOn" : [{
    "reference" : "CarePlan/fhir-osiris-example-treatment-2"
  }],
  "status" : "unknown",
  "medicationCodeableConcept" : {
    "coding" : [{
      "system" : "http://hl7.org/fhir/uv/ips/ValueSet/whoatc-uv-ips",
      "code" : "c3564"
    }],
    "text" : "cis-platine"
  },
  "subject" : {
    "reference" : "Patient/L304"
  }
}