{
  "resourceType" : "Observation",
  "id" : "fhir-osiris-example-RadiomicsFeature",
  "meta" : {
    "profile" : ["https://build.fhir.org/ig/arkhn/arkhn-ig-osiris/StructureDefinition/radiomics-features"]
  },
  "text" : {
    "status" : "generated",
    "div" : "<div xmlns=\"http://www.w3.org/1999/xhtml\"><p><b>Generated Narrative: Observation</b><a name=\"fhir-osiris-example-RadiomicsFeature\"> </a><a name=\"hcfhir-osiris-example-RadiomicsFeature\"> </a></p><div style=\"display: inline-block; background-color: #d9e0e7; padding: 6px; margin: 4px; border: 1px solid #8da1b4; border-radius: 5px; line-height: 60%\"><p style=\"margin-bottom: 0px\">ResourceObservation &quot;fhir-osiris-example-RadiomicsFeature&quot; </p><p style=\"margin-bottom: 0px\">Profile: <a href=\"StructureDefinition-radiomics-features.html\">Radiomics Features</a></p></div><p><b>status</b>: final</p><p><b>code</b>: original_shape_Elongation <span style=\"background: LightGoldenRodYellow; margin: 4px; border: 1px solid khaki\"> ([not stated]#Q3CK)</span></p><p><b>subject</b>: <a href=\"Patient-L304.html\">Patient/L304</a></p><p><b>value</b>: 0.9124894758560576</p><p><b>hasMember</b>: <a href=\"Observation-fhir-osiris-example-RadiomicsCriteria.html\">Observation/fhir-osiris-example-RadiomicsCriteria</a></p></div>"
  },
  "status" : "final",
  "code" : {
    "coding" : [{
      "code" : "Q3CK"
    }],
    "text" : "original_shape_Elongation"
  },
  "subject" : {
    "reference" : "Patient/L304"
  },
  "valueQuantity" : {
    "value" : 0.9124894758560576
  },
  "hasMember" : [{
    "reference" : "Observation/fhir-osiris-example-RadiomicsCriteria"
  }]
}