{
  "resourceType" : "Observation",
  "id" : "fhir-osiris-example-sequencinganalysis-2",
  "meta" : {
    "profile" : ["https://build.fhir.org/ig/arkhn/arkhn-ig-osiris/StructureDefinition/sequencing-analysis"]
  },
  "text" : {
    "status" : "generated",
    "div" : "<div xmlns=\"http://www.w3.org/1999/xhtml\"><p><b>Generated Narrative: Observation</b><a name=\"fhir-osiris-example-sequencinganalysis-2\"> </a><a name=\"hcfhir-osiris-example-sequencinganalysis-2\"> </a></p><div style=\"display: inline-block; background-color: #d9e0e7; padding: 6px; margin: 4px; border: 1px solid #8da1b4; border-radius: 5px; line-height: 60%\"><p style=\"margin-bottom: 0px\">ResourceObservation &quot;fhir-osiris-example-sequencinganalysis-2&quot; </p><p style=\"margin-bottom: 0px\">Profile: <a href=\"StructureDefinition-sequencing-analysis.html\">Sequencing Analysis</a></p></div><p><b>status</b>: final</p><p><b>code</b>: Omic <span style=\"background: LightGoldenRodYellow; margin: 4px; border: 1px solid khaki\"> (<a href=\"CodeSystem-OsirisCS.html\">Osiris code system</a>#C37-3)</span></p><p><b>subject</b>: <a href=\"Patient-L304.html\">Patient/L304</a></p><p><b>focus</b>: <a href=\"Condition-fhir-osiris-example-TumorPathologyEvent-instance-2.html\">Condition/fhir-osiris-example-TumorPathologyEvent-instance-2</a></p><p><b>effective</b>: 2018-02-07</p><p><b>method</b>: O6-12 <span style=\"background: LightGoldenRodYellow; margin: 4px; border: 1px solid khaki\"> (OSIRIS#O6-12)</span></p><p><b>specimen</b>: <a href=\"Specimen-fhir-osiris-example-biologicalsample-2.html\">Specimen/fhir-osiris-example-biologicalsample-2</a></p><p><b>device</b>: <a href=\"Device-fhir-osiris-example-sequencingdevice-2.html\">Device/fhir-osiris-example-sequencingdevice-2</a></p><blockquote><p><b>component</b></p><p><b>code</b>: C0162801 <span style=\"background: LightGoldenRodYellow; margin: 4px; border: 1px solid khaki\"> (<a href=\"http://terminology.hl7.org/5.5.0/CodeSystem-umls.html\">Unified Medical Language System</a>#C0162801)</span></p><p><b>value</b>: RNAseq pipeline v3.2</p></blockquote><blockquote><p><b>component</b></p><p><b>code</b>: 258049002 <span style=\"background: LightGoldenRodYellow; margin: 4px; border: 1px solid khaki\"> (<a href=\"http://terminology.hl7.org/5.5.0/CodeSystem-umls.html\">Unified Medical Language System</a>#258049002)</span></p><p><b>value</b>: 2017-09-19</p></blockquote><blockquote><p><b>component</b></p><p><b>code</b>: C3260254 <span style=\"background: LightGoldenRodYellow; margin: 4px; border: 1px solid khaki\"> (<a href=\"http://terminology.hl7.org/5.5.0/CodeSystem-umls.html\">Unified Medical Language System</a>#C3260254)</span></p><p><b>value</b>: 50</p></blockquote><blockquote><p><b>component</b></p><p><b>code</b>: C0032246 <span style=\"background: LightGoldenRodYellow; margin: 4px; border: 1px solid khaki\"> (<a href=\"http://terminology.hl7.org/5.5.0/CodeSystem-umls.html\">Unified Medical Language System</a>#C0032246)</span></p><p><b>value</b>: O13-2 <span style=\"background: LightGoldenRodYellow; margin: 4px; border: 1px solid khaki\"> (OSIRIS#O13-2)</span></p></blockquote><blockquote><p><b>component</b></p><p><b>code</b>: Intrachromosomal breakpoint <span style=\"background: LightGoldenRodYellow; margin: 4px; border: 1px solid khaki\"> (<a href=\"https://loinc.org/\">LOINC</a>#LA26327-9)</span></p></blockquote></div>"
  },
  "status" : "final",
  "code" : {
    "coding" : [{
      "system" : "https://terminology.arkhn.com/osiris",
      "code" : "C37-3"
    }]
  },
  "subject" : {
    "reference" : "Patient/L304"
  },
  "focus" : [{
    "reference" : "Condition/fhir-osiris-example-TumorPathologyEvent-instance-2"
  }],
  "effectiveDateTime" : "2018-02-07",
  "method" : {
    "coding" : [{
      "system" : "https://github.com/siric-osiris/OSIRIS",
      "code" : "O6-12"
    }]
  },
  "specimen" : {
    "reference" : "Specimen/fhir-osiris-example-biologicalsample-2"
  },
  "device" : {
    "reference" : "Device/fhir-osiris-example-sequencingdevice-2"
  },
  "component" : [{
    "code" : {
      "coding" : [{
        "system" : "http://terminology.hl7.org/CodeSystem/umls",
        "code" : "C0162801"
      }]
    },
    "valueString" : "RNAseq pipeline v3.2"
  },
  {
    "code" : {
      "coding" : [{
        "system" : "http://terminology.hl7.org/CodeSystem/umls",
        "code" : "258049002"
      }]
    },
    "valueDateTime" : "2017-09-19"
  },
  {
    "code" : {
      "coding" : [{
        "system" : "http://terminology.hl7.org/CodeSystem/umls",
        "code" : "C3260254"
      }]
    },
    "valueQuantity" : {
      "value" : 50
    }
  },
  {
    "code" : {
      "coding" : [{
        "system" : "http://terminology.hl7.org/CodeSystem/umls",
        "code" : "C0032246"
      }]
    },
    "valueCodeableConcept" : {
      "coding" : [{
        "system" : "https://github.com/siric-osiris/OSIRIS",
        "code" : "O13-2"
      }]
    }
  },
  {
    "code" : {
      "coding" : [{
        "system" : "http://loinc.org",
        "code" : "LA26327-9"
      }]
    }
  }]
}