<?xml version="1.0" encoding="UTF-8"?>

<Organization xmlns="http://hl7.org/fhir">
  <id value="fhir-osiris-origin-organization"/>
  <meta>
    <profile value="https://build.fhir.org/ig/arkhn/arkhn-ig-osiris/StructureDefinition/onco-organization"/>
  </meta>
  <text>
    <status value="generated"/><div xmlns="http://www.w3.org/1999/xhtml"><p><b>Generated Narrative: Organization</b><a name="fhir-osiris-origin-organization"> </a><a name="hcfhir-osiris-origin-organization"> </a></p><div style="display: inline-block; background-color: #d9e0e7; padding: 6px; margin: 4px; border: 1px solid #8da1b4; border-radius: 5px; line-height: 60%"><p style="margin-bottom: 0px">ResourceOrganization &quot;fhir-osiris-origin-organization&quot; </p><p style="margin-bottom: 0px">Profile: <a href="StructureDefinition-onco-organization.html">Cancer Organization</a></p></div><p><b>identifier</b>: <code>http://finess.sante.gouv.fr</code>/330000662</p></div>
  </text>
  <identifier>
    <system value="http://finess.sante.gouv.fr"/>
    <value value="330000662"/>
  </identifier>
</Organization>