<?xml version="1.0" encoding="UTF-8"?>

<Procedure xmlns="http://hl7.org/fhir">
  <id value="fhir-osiris-example-RadiotherapyPhase-1"/>
  <meta>
    <profile value="https://build.fhir.org/ig/arkhn/arkhn-ig-osiris/StructureDefinition/radiotherapy-phase"/>
  </meta>
  <text>
    <status value="extensions"/><div xmlns="http://www.w3.org/1999/xhtml"><p><b>Generated Narrative: Procedure</b><a name="fhir-osiris-example-RadiotherapyPhase-1"> </a><a name="hcfhir-osiris-example-RadiotherapyPhase-1"> </a></p><div style="display: inline-block; background-color: #d9e0e7; padding: 6px; margin: 4px; border: 1px solid #8da1b4; border-radius: 5px; line-height: 60%"><p style="margin-bottom: 0px">ResourceProcedure &quot;fhir-osiris-example-RadiotherapyPhase-1&quot; </p><p style="margin-bottom: 0px">Profile: <a href="StructureDefinition-radiotherapy-phase.html">Radiotherapy Phase</a></p></div><p><b>Number of Fractions</b>: 16</p><p><b>partOf</b>: <a href="Procedure-fhir-osiris-example-RadiotherapyCourse-1.html">Procedure/fhir-osiris-example-RadiotherapyCourse-1</a></p><p><b>status</b>: completed</p><p><b>category</b>: Planified <span style="background: LightGoldenRodYellow; margin: 4px; border: 1px solid khaki"> (<a href="CodeSystem-RadiotherapyCS.html">Radiotherapy Code System</a>#Planned)</span></p><p><b>code</b>: Radiotherapy treatment phase (regime/therapy) <span style="background: LightGoldenRodYellow; margin: 4px; border: 1px solid khaki"> (<a href="https://browser.ihtsdotools.org/">SNOWMED CT</a>#1222565005)</span></p><p><b>subject</b>: <a href="Patient-L304.html">Patient/L304</a></p><p><b>performed</b>: 2018-08-15 --&gt; 2018-11-25</p></div>
  </text>
  <extension url="https://build.fhir.org/ig/arkhn/arkhn-ig-osiris/StructureDefinition/numberOfFractions">
    <valueUnsignedInt value="16"/>
  </extension>
  <partOf>
    <reference value="Procedure/fhir-osiris-example-RadiotherapyCourse-1"/>
  </partOf>
  <status value="completed"/>
  <category>
    <coding>
      <system value="https://build.fhir.org/ig/arkhn/arkhn-ig-osiris/CodeSystem/RadiotherapyCS"/>
      <code value="Planned"/>
    </coding>
  </category>
  <code>
    <coding>
      <system value="http://snomed.info/sct"/>
      <code value="1222565005"/>
    </coding>
  </code>
  <subject>
    <reference value="Patient/L304"/>
  </subject>
  <performedPeriod>
    <start value="2018-08-15"/>
    <end value="2018-11-25"/>
  </performedPeriod>
</Procedure>