<?xml version="1.0" encoding="UTF-8"?>

<ValueSet xmlns="http://hl7.org/fhir">
  <id value="TNMVersion"/>
  <text>
    <status value="generated"/><div xmlns="http://www.w3.org/1999/xhtml"><p class="res-header-id"><b>Generated Narrative: ValueSet TNMVersion</b></p><a name="TNMVersion"> </a><a name="hcTNMVersion"> </a><a name="TNMVersion-en-US"> </a><ul><li>Include these codes as defined in <code>https://github.com/siric-osiris/OSIRIS</code><table class="none"><tr><td style="white-space:nowrap"><b>Code</b></td><td><b>Display</b></td></tr><tr><td>C27-1</td><td>5th edition</td></tr><tr><td>C27-2</td><td>6th edition</td></tr><tr><td>C27-3</td><td>7th edition</td></tr></table></li></ul></div>
  </text>
  <url value="https://ig-osiris.cancer.fr/ig/osiris/ValueSet/TNMVersion"/>
  <version value="1.1.0"/>
  <name value="TNMVersion"/>
  <title value="TNM Version Value Set"/>
  <status value="draft"/>
  <date value="2025-04-22T15:25:49+00:00"/>
  <publisher value="institutcancer"/>
  <contact>
    <name value="institutcancer"/>
    <telecom>
      <system value="url"/>
      <value value="http://cancer.fr"/>
    </telecom>
    <telecom>
      <system value="email"/>
      <value value="osiris@institutcancer.fr"/>
    </telecom>
  </contact>
  <contact>
    <name value="Aurélien JOBARD"/>
    <telecom>
      <system value="email"/>
      <value value="osiris@institutcancer.fr"/>
    </telecom>
  </contact>
  <description value="TNM version"/>
  <compose>
    <include>
      <system value="https://github.com/siric-osiris/OSIRIS"/>
      <concept>
        <code value="C27-1"/>
        <display value="5th edition"/>
      </concept>
      <concept>
        <code value="C27-2"/>
        <display value="6th edition"/>
      </concept>
      <concept>
        <code value="C27-3"/>
        <display value="7th edition"/>
      </concept>
    </include>
  </compose>
</ValueSet>