{
  "resourceType" : "ValueSet",
  "id" : "GeneExpressionDataType",
  "text" : {
    "status" : "generated",
    "div" : "<div xmlns=\"http://www.w3.org/1999/xhtml\"><p class=\"res-header-id\"><b>Generated Narrative: ValueSet GeneExpressionDataType</b></p><a name=\"GeneExpressionDataType\"> </a><a name=\"hcGeneExpressionDataType\"> </a><a name=\"GeneExpressionDataType-en-US\"> </a><ul><li>Include these codes as defined in <code>https://github.com/siric-osiris/OSIRIS</code><table class=\"none\"><tr><td style=\"white-space:nowrap\"><b>Code</b></td><td><b>Display</b></td></tr><tr><td>O84-1</td><td>RawExpression</td></tr><tr><td>O84-2</td><td>NormalizedExpression</td></tr><tr><td>O84-3</td><td>TPMExpression</td></tr><tr><td>O84-4</td><td>RPKMExpression</td></tr></table></li></ul></div>"
  },
  "url" : "https://ig-osiris.cancer.fr/ig/osiris/ValueSet/GeneExpressionDataType",
  "version" : "1.1.0",
  "name" : "GeneExpressionDataType",
  "title" : "Gene Expression Data Type Value Set",
  "status" : "draft",
  "date" : "2025-04-22T15:20:25+00:00",
  "publisher" : "institutcancer",
  "contact" : [{
    "name" : "institutcancer",
    "telecom" : [{
      "system" : "url",
      "value" : "http://cancer.fr"
    },
    {
      "system" : "email",
      "value" : "osiris@institutcancer.fr"
    }]
  },
  {
    "name" : "Aurélien JOBARD",
    "telecom" : [{
      "system" : "email",
      "value" : "osiris@institutcancer.fr"
    }]
  }],
  "description" : "Gene Expression Data Type",
  "compose" : {
    "include" : [{
      "system" : "https://github.com/siric-osiris/OSIRIS",
      "concept" : [{
        "code" : "O84-1",
        "display" : "RawExpression"
      },
      {
        "code" : "O84-2",
        "display" : "NormalizedExpression"
      },
      {
        "code" : "O84-3",
        "display" : "TPMExpression"
      },
      {
        "code" : "O84-4",
        "display" : "RPKMExpression"
      }]
    }]
  }
}