{
  "resourceType" : "ValueSet",
  "id" : "GenomeEntityType",
  "text" : {
    "status" : "generated",
    "div" : "<div xmlns=\"http://www.w3.org/1999/xhtml\"><ul><li>Include these codes as defined in <a href=\"http://terminology.hl7.org/5.5.0/CodeSystem-umls.html\"><code>http://terminology.hl7.org/CodeSystem/umls</code></a><table class=\"none\"><tr><td style=\"white-space:nowrap\"><b>Code</b></td><td><b>Display</b></td></tr><tr><td>C0017337</td><td>Gene</td></tr><tr><td>C1101610</td><td>miRNA</td></tr><tr><td>C1956352</td><td>piRNA</td></tr><tr><td>C0035696</td><td>mRNA</td></tr><tr><td>C0887909</td><td>ncRNA</td></tr><tr><td>C0079941</td><td>ORF</td></tr><tr><td>C0439673</td><td>Unknown</td></tr></table></li></ul></div>"
  },
  "url" : "https://build.fhir.org/ig/arkhn/arkhn-ig-osiris/ValueSet/GenomeEntityType",
  "version" : "2.1.0",
  "name" : "GenomeEntityType",
  "title" : "Genome entity type Value Set",
  "status" : "draft",
  "date" : "2024-05-15T14:17:55+00:00",
  "publisher" : "Arkhn",
  "contact" : [{
    "name" : "Arkhn",
    "telecom" : [{
      "system" : "url",
      "value" : "http://arkhn.com"
    },
    {
      "system" : "email",
      "value" : "contact@arkhn.com"
    }]
  },
  {
    "name" : "Nicolas Riss",
    "telecom" : [{
      "system" : "email",
      "value" : "nicolas@arkhn.com"
    }]
  }],
  "description" : "Type of genome entity",
  "compose" : {
    "include" : [{
      "system" : "http://terminology.hl7.org/CodeSystem/umls",
      "concept" : [{
        "code" : "C0017337",
        "display" : "Gene"
      },
      {
        "code" : "C1101610",
        "display" : "miRNA"
      },
      {
        "code" : "C1956352",
        "display" : "piRNA"
      },
      {
        "code" : "C0035696",
        "display" : "mRNA"
      },
      {
        "code" : "C0887909",
        "display" : "ncRNA"
      },
      {
        "code" : "C0079941",
        "display" : "ORF"
      },
      {
        "code" : "C0439673",
        "display" : "Unknown"
      }]
    }]
  }
}