{
  "resourceType" : "ValueSet",
  "id" : "VitalStatus",
  "text" : {
    "status" : "generated",
    "div" : "<div xmlns=\"http://www.w3.org/1999/xhtml\"><p class=\"res-header-id\"><b>Generated Narrative: ValueSet VitalStatus</b></p><a name=\"VitalStatus\"> </a><a name=\"hcVitalStatus\"> </a><a name=\"VitalStatus-en-US\"> </a><ul><li>Include these codes as defined in <a href=\"http://terminology.hl7.org/6.2.0/CodeSystem-umls.html\"><code>http://terminology.hl7.org/CodeSystem/umls</code></a><table class=\"none\"><tr><td style=\"white-space:nowrap\"><b>Code</b></td><td><b>Display</b></td></tr><tr><td>C2584946</td><td>Alive (finding)</td></tr><tr><td>C1546956</td><td>Patient Outcome - Died</td></tr><tr><td>C0439673</td><td>Unknown</td></tr></table></li></ul></div>"
  },
  "url" : "https://ig-osiris.cancer.fr/ig/osiris/ValueSet/VitalStatus",
  "version" : "1.1.0",
  "name" : "VitalStatus",
  "title" : "Vital Status Value Set",
  "status" : "draft",
  "date" : "2025-04-22T15:20:25+00:00",
  "publisher" : "institutcancer",
  "contact" : [{
    "name" : "institutcancer",
    "telecom" : [{
      "system" : "url",
      "value" : "http://cancer.fr"
    },
    {
      "system" : "email",
      "value" : "osiris@institutcancer.fr"
    }]
  },
  {
    "name" : "Aurélien JOBARD",
    "telecom" : [{
      "system" : "email",
      "value" : "osiris@institutcancer.fr"
    }]
  }],
  "description" : "Vital status",
  "compose" : {
    "include" : [{
      "system" : "http://terminology.hl7.org/CodeSystem/umls",
      "concept" : [{
        "code" : "C2584946",
        "display" : "Alive (finding)"
      },
      {
        "code" : "C1546956",
        "display" : "Patient Outcome - Died"
      },
      {
        "code" : "C0439673",
        "display" : "Unknown"
      }]
    }]
  }
}