{
  "resourceType" : "ValueSet",
  "id" : "TumorPathologyEventType",
  "text" : {
    "status" : "generated",
    "div" : "<div xmlns=\"http://www.w3.org/1999/xhtml\"><ul><li>Include these codes as defined in <a href=\"http://terminology.hl7.org/5.5.0/CodeSystem-umls.html\"><code>http://terminology.hl7.org/CodeSystem/umls</code></a><table class=\"none\"><tr><td style=\"white-space:nowrap\"><b>Code</b></td><td><b>Display</b></td></tr><tr><td>C1882062</td><td>Neoplasm</td></tr><tr><td>C2939419</td><td>Metastatic Malignant Neoplasm (NCI:C36263)</td></tr><tr><td>C0521158</td><td>Recurrent tumor</td></tr><tr><td>C0677930</td><td>Primary tumor</td></tr><tr><td>C0439673</td><td>Unknown</td></tr></table></li></ul></div>"
  },
  "url" : "https://build.fhir.org/ig/arkhn/arkhn-ig-osiris/ValueSet/TumorPathologyEventType",
  "version" : "2.1.0",
  "name" : "TumorPathologyEventType",
  "title" : "Tumor Pathology Event Type Value Set",
  "status" : "draft",
  "date" : "2024-05-15T14:17:55+00:00",
  "publisher" : "Arkhn",
  "contact" : [{
    "name" : "Arkhn",
    "telecom" : [{
      "system" : "url",
      "value" : "http://arkhn.com"
    },
    {
      "system" : "email",
      "value" : "contact@arkhn.com"
    }]
  },
  {
    "name" : "Nicolas Riss",
    "telecom" : [{
      "system" : "email",
      "value" : "nicolas@arkhn.com"
    }]
  }],
  "description" : "Tumor pathology event type",
  "compose" : {
    "include" : [{
      "system" : "http://terminology.hl7.org/CodeSystem/umls",
      "concept" : [{
        "code" : "C1882062",
        "display" : "Neoplasm"
      },
      {
        "code" : "C2939419",
        "display" : "Metastatic Malignant Neoplasm (NCI:C36263)"
      },
      {
        "code" : "C0521158",
        "display" : "Recurrent tumor"
      },
      {
        "code" : "C0677930",
        "display" : "Primary tumor"
      },
      {
        "code" : "C0439673",
        "display" : "Unknown"
      }]
    }]
  }
}