{
  "resourceType" : "ValueSet",
  "id" : "FusionType",
  "text" : {
    "status" : "generated",
    "div" : "<div xmlns=\"http://www.w3.org/1999/xhtml\"><p class=\"res-header-id\"><b>Generated Narrative: ValueSet FusionType</b></p><a name=\"FusionType\"> </a><a name=\"hcFusionType\"> </a><a name=\"FusionType-en-US\"> </a><p>This value set includes codes based on the following rules:</p><ul><li>Include these codes as defined in <a href=\"http://loinc.org\"><code>http://loinc.org</code></a><table class=\"none\"><tr><td style=\"white-space:nowrap\"><b>Code</b></td><td><b>Display</b></td></tr><tr><td><a href=\"https://loinc.org/LA26331-1/\">LA26331-1</a></td><td>translocation</td></tr></table></li><li>Include these codes as defined in <code>https://github.com/siric-osiris/OSIRIS</code><table class=\"none\"><tr><td style=\"white-space:nowrap\"><b>Code</b></td><td><b>Display</b></td></tr><tr><td>O28-1</td><td>readthrough</td></tr></table></li></ul></div>"
  },
  "url" : "https://ig-osiris.cancer.fr/ig/osiris/ValueSet/FusionType",
  "version" : "1.1.0",
  "name" : "FusionType",
  "title" : "Fusion Type Value Set",
  "status" : "draft",
  "date" : "2025-04-22T15:20:25+00:00",
  "publisher" : "institutcancer",
  "contact" : [{
    "name" : "institutcancer",
    "telecom" : [{
      "system" : "url",
      "value" : "http://cancer.fr"
    },
    {
      "system" : "email",
      "value" : "osiris@institutcancer.fr"
    }]
  },
  {
    "name" : "Aurélien JOBARD",
    "telecom" : [{
      "system" : "email",
      "value" : "osiris@institutcancer.fr"
    }]
  }],
  "description" : "Fusion Type",
  "compose" : {
    "include" : [{
      "system" : "http://loinc.org",
      "concept" : [{
        "code" : "LA26331-1",
        "display" : "translocation"
      }]
    },
    {
      "system" : "https://github.com/siric-osiris/OSIRIS",
      "concept" : [{
        "code" : "O28-1",
        "display" : "readthrough"
      }]
    }]
  }
}