{
  "resourceType" : "ValueSet",
  "id" : "SurgeryResectionQuality",
  "text" : {
    "status" : "generated",
    "div" : "<div xmlns=\"http://www.w3.org/1999/xhtml\"><p class=\"res-header-id\"><b>Generated Narrative: ValueSet SurgeryResectionQuality</b></p><a name=\"SurgeryResectionQuality\"> </a><a name=\"hcSurgeryResectionQuality\"> </a><a name=\"SurgeryResectionQuality-en-US\"> </a><p>This value set includes codes based on the following rules:</p><ul><li>Include these codes as defined in <code>https://recist.eortc.org</code><table class=\"none\"><tr><td style=\"white-space:nowrap\"><b>Code</b></td><td><b>Display</b></td></tr><tr><td>R0</td><td>No apparent</td></tr><tr><td>R1</td><td>Microscopic</td></tr><tr><td>R2</td><td>Gross</td></tr></table></li><li>Include these codes as defined in <a href=\"http://terminology.hl7.org/6.2.0/CodeSystem-umls.html\"><code>http://terminology.hl7.org/CodeSystem/umls</code></a><table class=\"none\"><tr><td style=\"white-space:nowrap\"><b>Code</b></td><td><b>Display</b></td></tr><tr><td>C0439673</td><td>Unknown</td></tr></table></li></ul></div>"
  },
  "url" : "https://ig-osiris.cancer.fr/ig/osiris/ValueSet/SurgeryResectionQuality",
  "version" : "1.1.0",
  "name" : "SurgeryResectionQuality",
  "title" : "Surgery Resection Quality Value Set",
  "status" : "draft",
  "date" : "2025-04-22T15:22:37+00:00",
  "publisher" : "institutcancer",
  "contact" : [{
    "name" : "institutcancer",
    "telecom" : [{
      "system" : "url",
      "value" : "http://cancer.fr"
    },
    {
      "system" : "email",
      "value" : "osiris@institutcancer.fr"
    }]
  },
  {
    "name" : "Aurélien JOBARD",
    "telecom" : [{
      "system" : "email",
      "value" : "osiris@institutcancer.fr"
    }]
  }],
  "description" : "Surgery resection quality",
  "compose" : {
    "include" : [{
      "system" : "https://recist.eortc.org",
      "concept" : [{
        "code" : "R0",
        "display" : "No apparent"
      },
      {
        "code" : "R1",
        "display" : "Microscopic"
      },
      {
        "code" : "R2",
        "display" : "Gross"
      }]
    },
    {
      "system" : "http://terminology.hl7.org/CodeSystem/umls",
      "concept" : [{
        "code" : "C0439673",
        "display" : "Unknown"
      }]
    }]
  }
}