<?xml version="1.0" encoding="UTF-8"?>

<BodyStructure xmlns="http://hl7.org/fhir">
  <id value="fhir-osiris-example-RadiotherapyVolume-3"/>
  <meta>
    <profile value="https://ig-osiris.cancer.fr/ig/osiris/StructureDefinition/radiotherapy-volume"/>
  </meta>
  <text>
    <status value="generated"/><div xmlns="http://www.w3.org/1999/xhtml"><p class="res-header-id"><b>Generated Narrative: BodyStructure fhir-osiris-example-RadiotherapyVolume-3</b></p><a name="fhir-osiris-example-RadiotherapyVolume-3"> </a><a name="hcfhir-osiris-example-RadiotherapyVolume-3"> </a><a name="fhir-osiris-example-RadiotherapyVolume-3-en-US"> </a><div style="display: inline-block; background-color: #d9e0e7; padding: 6px; margin: 4px; border: 1px solid #8da1b4; border-radius: 5px; line-height: 60%"><p style="margin-bottom: 0px"/><p style="margin-bottom: 0px">Profile: <a href="StructureDefinition-radiotherapy-volume.html">Radiotherapy Volume Profile</a></p></div><p><b>identifier</b>: urn:oid:1.2.246.352.71.842418.2121.20150602151.104</p><p><b>location</b>: <span title="Codes:{http://snomed.info/sct 76752008}">Breast</span></p><p><b>locationQualifier</b>: <span title="Codes:{http://snomed.info/sct 7771000}, {http://snomed.info/sct 68171009}">Left (qualifier value)</span></p><p><b>description</b>: Left Axillary Nodes</p><p><b>patient</b>: <a href="Patient-L304.html">Anonymous Patient Male, DoB: 1967-11-08</a></p></div>
  </text>
  <identifier>
    <value value="urn:oid:1.2.246.352.71.842418.2121.20150602151.104"/>
  </identifier>
  <location>
    <coding>
      <system value="http://snomed.info/sct"/>
      <code value="76752008"/>
    </coding>
  </location>
  <locationQualifier>
    <coding>
      <system value="http://snomed.info/sct"/>
      <code value="7771000"/>
    </coding>
    <coding>
      <system value="http://snomed.info/sct"/>
      <code value="68171009"/>
    </coding>
  </locationQualifier>
  <description value="Left Axillary Nodes"/>
  <patient>
    <reference value="Patient/L304"/>
  </patient>
</BodyStructure>