<?xml version="1.0" encoding="UTF-8"?>

<Observation xmlns="http://hl7.org/fhir">
  <id value="fhir-osiris-annotation-1"/>
  <meta>
    <profile value="https://ig-osiris.cancer.fr/ig/osiris/StructureDefinition/variant-annotation"/>
  </meta>
  <text>
    <status value="generated"/><div xmlns="http://www.w3.org/1999/xhtml"><p class="res-header-id"><b>Generated Narrative: Observation fhir-osiris-annotation-1</b></p><a name="fhir-osiris-annotation-1"> </a><a name="hcfhir-osiris-annotation-1"> </a><a name="fhir-osiris-annotation-1-en-US"> </a><div style="display: inline-block; background-color: #d9e0e7; padding: 6px; margin: 4px; border: 1px solid #8da1b4; border-radius: 5px; line-height: 60%"><p style="margin-bottom: 0px"/><p style="margin-bottom: 0px">Profile: <a href="StructureDefinition-variant-annotation.html">Variant Annotation</a></p></div><p><b>status</b>: Final</p><p><b>category</b>: <span title="Codes:{http://terminology.hl7.org/CodeSystem/observation-category laboratory}">Laboratory</span></p><p><b>code</b>: <span title="Codes:{http://loinc.org 69548-6}">Genetic variant assessment</span></p><p><b>subject</b>: <a href="Patient-L304.html">Anonymous Patient Male, DoB: 1967-11-08</a></p><p><b>value</b>: <span title="Codes:{http://loinc.org LA9633-4}">Present</span></p><p><b>hasMember</b>: </p><ul><li><a href="MolecularSequence-fhir-osiris-genome-entity-1.html">MolecularSequence: extension = C0439673; coordinateSystem = 0</a></li><li><a href="MolecularSequence-fhir-osiris-annotation-reference-1.html">MolecularSequence: coordinateSystem = 0</a></li></ul><p><b>derivedFrom</b>: <a href="Observation-fhir-osiris-example-snp-1.html">Observation Genetic variant assessment</a></p><blockquote><p><b>component</b></p><p><b>code</b>: <span title="Codes:{http://loinc.org 48019-4}">DNA change type</span></p><p><b>value</b>: <span title="Codes:{https://github.com/siric-osiris/OSIRIS O15-4}">O15-4</span></p></blockquote><blockquote><p><b>component</b></p><p><b>code</b>: <span title="Codes:{http://loinc.org 48018-6}">Gene studied [ID]</span></p><p><b>value</b>: <span title="Codes:{https://www.genenames.org/ PI3K}">PI3K</span></p></blockquote><blockquote><p><b>component</b></p><p><b>code</b>: <span title="Codes:{http://loinc.org LP91038-7}">Prediction software</span></p><p><b>value</b>: <span title="Codes:{https://github.com/siric-osiris/OSIRIS SIFT}">SIFT</span></p></blockquote><blockquote><p><b>component</b></p><p><b>code</b>: <span title="Codes:{http://loinc.org LP70194-3}">Prediction of the variation effect over the protein</span></p><p><b>value</b>: 0.35</p></blockquote><blockquote><p><b>component</b></p><p><b>code</b>: <span title="Codes:{http://loinc.org 93044-6}">Confidence score</span></p><p><b>value</b>: Deleterious</p></blockquote><blockquote><p><b>component</b></p><p><b>code</b>: <span title="Codes:{http://loinc.org 48001-2}">Cytogenetic (chromosome) location</span></p><p><b>value</b>: <span title="Codes:">exon 2</span></p></blockquote><blockquote><p><b>component</b></p><p><b>code</b>: <span title="Codes:{http://loinc.org 48005-3}">Amino acid change (pHGVS)</span></p><p><b>value</b>: <span title="Codes:{http://varnomen.hgvs.org p.E542K}">p.E542K</span></p></blockquote><blockquote><p><b>component</b></p><p><b>code</b>: <span title="Codes:{http://loinc.org 48006-1}">Amino acid change [Type]</span></p><p><b>value</b>: <span title="Codes:{http://loinc.org LA6698-0}">Missense</span></p></blockquote><blockquote><p><b>component</b></p><p><b>code</b>: <span title="Codes:{http://loinc.org 81290-9}">Genomic DNA change (gHGVS)</span></p><p><b>value</b>: <span title="Codes:{http://terminology.hl7.org/CodeSystem/umls C0439673}">C0439673</span></p></blockquote><blockquote><p><b>component</b></p><p><b>code</b>: <span title="Codes:{http://loinc.org 48004-6}">DNA change (c.HGVS)</span></p><p><b>value</b>: <span title="Codes:{http://varnomen.hgvs.org c.1624G&gt;A}">c.1624G&gt;A</span></p></blockquote><blockquote><p><b>component</b></p><p><b>code</b>: <span title="Codes:{http://loinc.org LP232001-0}">Incidence on the transcript</span></p><p><b>value</b>: <span title="Codes:{http://terminology.hl7.org/CodeSystem/umls C0439673}">C0439673</span></p></blockquote></div>
  </text>
  <status value="final"/>
  <category>
    <coding>
      <system value="http://terminology.hl7.org/CodeSystem/observation-category"/>
      <code value="laboratory"/>
    </coding>
  </category>
  <code>
    <coding>
      <system value="http://loinc.org"/>
      <code value="69548-6"/>
    </coding>
  </code>
  <subject>
    <reference value="Patient/L304"/>
  </subject>
  <valueCodeableConcept>
    <coding>
      <system value="http://loinc.org"/>
      <code value="LA9633-4"/>
    </coding>
  </valueCodeableConcept>
  <hasMember>
    <reference value="MolecularSequence/fhir-osiris-genome-entity-1"/>
  </hasMember>
  <hasMember>
    <reference value="MolecularSequence/fhir-osiris-annotation-reference-1"/>
  </hasMember>
  <derivedFrom>
    <reference value="Observation/fhir-osiris-example-snp-1"/>
  </derivedFrom>
  <component>
    <code>
      <coding>
        <system value="http://loinc.org"/>
        <code value="48019-4"/>
      </coding>
    </code>
    <valueCodeableConcept>
      <coding>
        <system value="https://github.com/siric-osiris/OSIRIS"/>
        <code value="O15-4"/>
      </coding>
    </valueCodeableConcept>
  </component>
  <component>
    <code>
      <coding>
        <system value="http://loinc.org"/>
        <code value="48018-6"/>
      </coding>
    </code>
    <valueCodeableConcept>
      <coding>
        <system value="https://www.genenames.org/"/>
        <code value="PI3K"/>
      </coding>
    </valueCodeableConcept>
  </component>
  <component>
    <code>
      <coding>
        <system value="http://loinc.org"/>
        <code value="LP91038-7"/>
      </coding>
      <text value="Prediction software"/>
    </code>
    <valueCodeableConcept>
      <coding>
        <system value="https://github.com/siric-osiris/OSIRIS"/>
        <code value="SIFT"/>
      </coding>
    </valueCodeableConcept>
  </component>
  <component>
    <code>
      <coding>
        <system value="http://loinc.org"/>
        <code value="LP70194-3"/>
      </coding>
      <text value="Prediction of the variation effect over the protein"/>
    </code>
    <valueQuantity>
      <value value="0.35"/>
    </valueQuantity>
  </component>
  <component>
    <code>
      <coding>
        <system value="http://loinc.org"/>
        <code value="93044-6"/>
      </coding>
      <text value="Confidence score"/>
    </code>
    <valueString value="Deleterious"/>
  </component>
  <component>
    <code>
      <coding>
        <system value="http://loinc.org"/>
        <code value="48001-2"/>
      </coding>
    </code>
    <valueCodeableConcept>
      <text value="exon 2"/>
    </valueCodeableConcept>
  </component>
  <component>
    <code>
      <coding>
        <system value="http://loinc.org"/>
        <code value="48005-3"/>
      </coding>
    </code>
    <valueCodeableConcept>
      <coding>
        <system value="http://varnomen.hgvs.org"/>
        <code value="p.E542K"/>
      </coding>
    </valueCodeableConcept>
  </component>
  <component>
    <code>
      <coding>
        <system value="http://loinc.org"/>
        <code value="48006-1"/>
      </coding>
    </code>
    <valueCodeableConcept>
      <coding>
        <system value="http://loinc.org"/>
        <code value="LA6698-0"/>
      </coding>
    </valueCodeableConcept>
  </component>
  <component>
    <code>
      <coding>
        <system value="http://loinc.org"/>
        <code value="81290-9"/>
      </coding>
    </code>
    <valueCodeableConcept>
      <coding>
        <system value="http://terminology.hl7.org/CodeSystem/umls"/>
        <code value="C0439673"/>
      </coding>
    </valueCodeableConcept>
  </component>
  <component>
    <code>
      <coding>
        <system value="http://loinc.org"/>
        <code value="48004-6"/>
      </coding>
    </code>
    <valueCodeableConcept>
      <coding>
        <system value="http://varnomen.hgvs.org"/>
        <code value="c.1624G&gt;A"/>
      </coding>
    </valueCodeableConcept>
  </component>
  <component>
    <code>
      <coding>
        <system value="http://loinc.org"/>
        <code value="LP232001-0"/>
      </coding>
      <text value="Incidence on the transcript"/>
    </code>
    <valueCodeableConcept>
      <coding>
        <system value="http://terminology.hl7.org/CodeSystem/umls"/>
        <code value="C0439673"/>
      </coding>
    </valueCodeableConcept>
  </component>
</Observation>