<?xml version="1.0" encoding="UTF-8"?>

<CodeSystem xmlns="http://hl7.org/fhir">
  <id value="SeriesModalityCS"/>
  <text>
    <status value="generated"/><div xmlns="http://www.w3.org/1999/xhtml"><p class="res-header-id"><b>Generated Narrative: CodeSystem SeriesModalityCS</b></p><a name="SeriesModalityCS"> </a><a name="hcSeriesModalityCS"> </a><a name="SeriesModalityCS-en-US"> </a><p>This  code system <code>https://terminology.arkhn.com/SeriesModalityCS</code> defines the following code:</p><table class="codes"><tr><td style="white-space:nowrap"><b>Code</b></td><td><b>Display</b></td></tr><tr><td style="white-space:nowrap">RTSTRUCT<a name="SeriesModalityCS-RTSTRUCT"> </a></td><td>Radiotherapy Structure Set</td></tr></table></div>
  </text>
  <url value="https://terminology.arkhn.com/SeriesModalityCS"/>
  <version value="1.1.0"/>
  <name value="SeriesModalityCS"/>
  <title value="Series Modality Code System"/>
  <status value="draft"/>
  <date value="2025-04-16T19:28:51+00:00"/>
  <publisher value="institutcancer"/>
  <contact>
    <name value="institutcancer"/>
    <telecom>
      <system value="url"/>
      <value value="http://cancer.fr"/>
    </telecom>
    <telecom>
      <system value="email"/>
      <value value="osiris@institutcancer.fr"/>
    </telecom>
  </contact>
  <contact>
    <name value="Aurélien JOBARD"/>
    <telecom>
      <system value="email"/>
      <value value="osiris@institutcancer.fr"/>
    </telecom>
  </contact>
  <description value="Series Modality  Code System"/>
  <content value="complete"/>
  <count value="1"/>
  <concept>
    <code value="RTSTRUCT"/>
    <display value="Radiotherapy Structure Set"/>
  </concept>
</CodeSystem>